4/12/2025, 9:45:29 PM GMT+2 [Modules] Modules initializing
4/12/2025, 9:45:29 PM GMT+2 [Modules] Distribution: remote
4/12/2025, 9:45:29 PM GMT+2 [Modules] Host updates: disabled
4/12/2025, 9:45:29 PM GMT+2 [Modules] Module updates: enabled
4/12/2025, 9:45:29 PM GMT+2 [Modules] Module install path: /home/migio/.config/discord/0.0.90/modules
4/12/2025, 9:45:29 PM GMT+2 [Modules] Module installed file path: /home/migio/.config/discord/0.0.90/modules/installed.json
4/12/2025, 9:45:29 PM GMT+2 [Modules] Module download path: /home/migio/.config/discord/0.0.90/modules/pending
4/12/2025, 9:45:30 PM GMT+2 [Modules] Bootstrapping...
4/12/2025, 9:45:30 PM GMT+2 [Modules] Installing discord_desktop_core@0 from /usr/lib64/discord/resources/bootstrap/discord_desktop_core.zip
4/12/2025, 9:45:30 PM GMT+2 [Modules] Failed installing discord_desktop_core@0: Error: ENOENT: no such file or directory, open '/usr/lib64/discord/resources/bootstrap/discord_desktop_core.zip'
4/12/2025, 9:45:30 PM GMT+2 [Modules] Installing discord_erlpack@0 from /usr/lib64/discord/resources/bootstrap/discord_erlpack.zip
4/12/2025, 9:45:30 PM GMT+2 [Modules] Failed installing discord_erlpack@0: Error: ENOENT: no such file or directory, open '/usr/lib64/discord/resources/bootstrap/discord_erlpack.zip'
4/12/2025, 9:45:30 PM GMT+2 [Modules] Installing discord_spellcheck@0 from /usr/lib64/discord/resources/bootstrap/discord_spellcheck.zip
4/12/2025, 9:45:30 PM GMT+2 [Modules] Failed installing discord_spellcheck@0: Error: ENOENT: no such file or directory, open '/usr/lib64/discord/resources/bootstrap/discord_spellcheck.zip'
4/12/2025, 9:45:30 PM GMT+2 [Modules] Installing discord_utils@0 from /usr/lib64/discord/resources/bootstrap/discord_utils.zip
4/12/2025, 9:45:30 PM GMT+2 [Modules] Failed installing discord_utils@0: Error: ENOENT: no such file or directory, open '/usr/lib64/discord/resources/bootstrap/discord_utils.zip'
4/12/2025, 9:45:30 PM GMT+2 [Modules] Installing discord_voice@0 from /usr/lib64/discord/resources/bootstrap/discord_voice.zip
4/12/2025, 9:45:30 PM GMT+2 [Modules] Failed installing discord_voice@0: Error: ENOENT: no such file or directory, open '/usr/lib64/discord/resources/bootstrap/discord_voice.zip'
4/12/2025, 9:45:30 PM GMT+2 [Modules] Installing discord_zstd@0 from /usr/lib64/discord/resources/bootstrap/discord_zstd.zip
4/12/2025, 9:45:30 PM GMT+2 [Modules] Failed installing discord_zstd@0: Error: ENOENT: no such file or directory, open '/usr/lib64/discord/resources/bootstrap/discord_zstd.zip'
4/12/2025, 9:45:30 PM GMT+2 [Modules] Finished module installations. [success: 0] [failure: 6]
4/12/2025, 9:45:30 PM GMT+2 [Modules] Host is up to date.
4/12/2025, 9:45:30 PM GMT+2 [Modules] Checking for module updates at https://discord.com/api/modules/stable/versions.json
4/12/2025, 9:45:40 PM GMT+2 [Modules] Module update available: discord_desktop_core@2 [installed: 0]
4/12/2025, 9:45:40 PM GMT+2 [Modules] Module update available: discord_erlpack@1 [installed: 0]
4/12/2025, 9:45:40 PM GMT+2 [Modules] Module update available: discord_spellcheck@1 [installed: 0]
4/12/2025, 9:45:40 PM GMT+2 [Modules] Module update available: discord_utils@2 [installed: 0]
4/12/2025, 9:45:40 PM GMT+2 [Modules] Module update available: discord_voice@2 [installed: 0]
4/12/2025, 9:45:40 PM GMT+2 [Modules] Module update available: discord_zstd@1 [installed: 0]
4/12/2025, 9:45:40 PM GMT+2 [Modules] Fetching discord_desktop_core@2 from https://discord.com/api/modules/stable/discord_desktop_core/2
4/12/2025, 9:45:40 PM GMT+2 [Modules] Streaming discord_desktop_core@2 to /home/migio/.config/discord/0.0.90/modules/pending/discord_desktop_core-2.zip
4/12/2025, 9:45:41 PM GMT+2 [Modules] Streaming discord_desktop_core@2 to /home/migio/.config/discord/0.0.90/modules/pending/discord_desktop_core-2.zip: 2%
4/12/2025, 9:45:41 PM GMT+2 [Modules] Streaming discord_desktop_core@2 to /home/migio/.config/discord/0.0.90/modules/pending/discord_desktop_core-2.zip: 3%
4/12/2025, 9:45:41 PM GMT+2 [Modules] Streaming discord_desktop_core@2 to /home/migio/.config/discord/0.0.90/modules/pending/discord_desktop_core-2.zip: 6%
4/12/2025, 9:45:41 PM GMT+2 [Modules] Streaming discord_desktop_core@2 to /home/migio/.config/discord/0.0.90/modules/pending/discord_desktop_core-2.zip: 7%
4/12/2025, 9:45:41 PM GMT+2 [Modules] Streaming discord_desktop_core@2 to /home/migio/.config/discord/0.0.90/modules/pending/discord_desktop_core-2.zip: 8%
4/12/2025, 9:45:41 PM GMT+2 [Modules] Streaming discord_desktop_core@2 to /home/migio/.config/discord/0.0.90/modules/pending/discord_desktop_core-2.zip: 10%
4/12/2025, 9:45:41 PM GMT+2 [Modules] Streaming discord_desktop_core@2 to /home/migio/.config/discord/0.0.90/modules/pending/discord_desktop_core-2.zip: 11%
4/12/2025, 9:45:41 PM GMT+2 [Modules] Streaming discord_desktop_core@2 to /home/migio/.config/discord/0.0.90/modules/pending/discord_desktop_core-2.zip: 13%
4/12/2025, 9:45:41 PM GMT+2 [Modules] Streaming discord_desktop_core@2 to /home/migio/.config/discord/0.0.90/modules/pending/discord_desktop_core-2.zip: 15%
4/12/2025, 9:45:41 PM GMT+2 [Modules] Streaming discord_desktop_core@2 to /home/migio/.config/discord/0.0.90/modules/pending/discord_desktop_core-2.zip: 17%
4/12/2025, 9:45:41 PM GMT+2 [Modules] Streaming discord_desktop_core@2 to /home/migio/.config/discord/0.0.90/modules/pending/discord_desktop_core-2.zip: 18%
4/12/2025, 9:45:41 PM GMT+2 [Modules] Streaming discord_desktop_core@2 to /home/migio/.config/discord/0.0.90/modules/pending/discord_desktop_core-2.zip: 20%
4/12/2025, 9:45:41 PM GMT+2 [Modules] Streaming discord_desktop_core@2 to /home/migio/.config/discord/0.0.90/modules/pending/discord_desktop_core-2.zip: 21%
4/12/2025, 9:45:41 PM GMT+2 [Modules] Streaming discord_desktop_core@2 to /home/migio/.config/discord/0.0.90/modules/pending/discord_desktop_core-2.zip: 23%
4/12/2025, 9:45:41 PM GMT+2 [Modules] Streaming discord_desktop_core@2 to /home/migio/.config/discord/0.0.90/modules/pending/discord_desktop_core-2.zip: 25%
4/12/2025, 9:45:41 PM GMT+2 [Modules] Streaming discord_desktop_core@2 to /home/migio/.config/discord/0.0.90/modules/pending/discord_desktop_core-2.zip: 26%
4/12/2025, 9:45:41 PM GMT+2 [Modules] Streaming discord_desktop_core@2 to /home/migio/.config/discord/0.0.90/modules/pending/discord_desktop_core-2.zip: 28%
4/12/2025, 9:45:41 PM GMT+2 [Modules] Streaming discord_desktop_core@2 to /home/migio/.config/discord/0.0.90/modules/pending/discord_desktop_core-2.zip: 30%
4/12/2025, 9:45:41 PM GMT+2 [Modules] Streaming discord_desktop_core@2 to /home/migio/.config/discord/0.0.90/modules/pending/discord_desktop_core-2.zip: 32%
4/12/2025, 9:45:41 PM GMT+2 [Modules] Streaming discord_desktop_core@2 to /home/migio/.config/discord/0.0.90/modules/pending/discord_desktop_core-2.zip: 35%
4/12/2025, 9:45:41 PM GMT+2 [Modules] Streaming discord_desktop_core@2 to /home/migio/.config/discord/0.0.90/modules/pending/discord_desktop_core-2.zip: 37%
4/12/2025, 9:45:41 PM GMT+2 [Modules] Streaming discord_desktop_core@2 to /home/migio/.config/discord/0.0.90/modules/pending/discord_desktop_core-2.zip: 40%
4/12/2025, 9:45:41 PM GMT+2 [Modules] Streaming discord_desktop_core@2 to /home/migio/.config/discord/0.0.90/modules/pending/discord_desktop_core-2.zip: 42%
4/12/2025, 9:45:41 PM GMT+2 [Modules] Streaming discord_desktop_core@2 to /home/migio/.config/discord/0.0.90/modules/pending/discord_desktop_core-2.zip: 43%
4/12/2025, 9:45:41 PM GMT+2 [Modules] Streaming discord_desktop_core@2 to /home/migio/.config/discord/0.0.90/modules/pending/discord_desktop_core-2.zip: 45%
4/12/2025, 9:45:41 PM GMT+2 [Modules] Streaming discord_desktop_core@2 to /home/migio/.config/discord/0.0.90/modules/pending/discord_desktop_core-2.zip: 46%
4/12/2025, 9:45:41 PM GMT+2 [Modules] Streaming discord_desktop_core@2 to /home/migio/.config/discord/0.0.90/modules/pending/discord_desktop_core-2.zip: 47%
4/12/2025, 9:45:41 PM GMT+2 [Modules] Streaming discord_desktop_core@2 to /home/migio/.config/discord/0.0.90/modules/pending/discord_desktop_core-2.zip: 50%
4/12/2025, 9:45:41 PM GMT+2 [Modules] Streaming discord_desktop_core@2 to /home/migio/.config/discord/0.0.90/modules/pending/discord_desktop_core-2.zip: 53%
4/12/2025, 9:45:41 PM GMT+2 [Modules] Streaming discord_desktop_core@2 to /home/migio/.config/discord/0.0.90/modules/pending/discord_desktop_core-2.zip: 55%
4/12/2025, 9:45:41 PM GMT+2 [Modules] Streaming discord_desktop_core@2 to /home/migio/.config/discord/0.0.90/modules/pending/discord_desktop_core-2.zip: 58%
4/12/2025, 9:45:41 PM GMT+2 [Modules] Streaming discord_desktop_core@2 to /home/migio/.config/discord/0.0.90/modules/pending/discord_desktop_core-2.zip: 59%
4/12/2025, 9:45:41 PM GMT+2 [Modules] Streaming discord_desktop_core@2 to /home/migio/.config/discord/0.0.90/modules/pending/discord_desktop_core-2.zip: 60%
4/12/2025, 9:45:41 PM GMT+2 [Modules] Streaming discord_desktop_core@2 to /home/migio/.config/discord/0.0.90/modules/pending/discord_desktop_core-2.zip: 63%
4/12/2025, 9:45:41 PM GMT+2 [Modules] Streaming discord_desktop_core@2 to /home/migio/.config/discord/0.0.90/modules/pending/discord_desktop_core-2.zip: 64%
4/12/2025, 9:45:41 PM GMT+2 [Modules] Streaming discord_desktop_core@2 to /home/migio/.config/discord/0.0.90/modules/pending/discord_desktop_core-2.zip: 67%
4/12/2025, 9:45:41 PM GMT+2 [Modules] Streaming discord_desktop_core@2 to /home/migio/.config/discord/0.0.90/modules/pending/discord_desktop_core-2.zip: 68%
4/12/2025, 9:45:41 PM GMT+2 [Modules] Streaming discord_desktop_core@2 to /home/migio/.config/discord/0.0.90/modules/pending/discord_desktop_core-2.zip: 69%
4/12/2025, 9:45:41 PM GMT+2 [Modules] Streaming discord_desktop_core@2 to /home/migio/.config/discord/0.0.90/modules/pending/discord_desktop_core-2.zip: 73%
4/12/2025, 9:45:41 PM GMT+2 [Modules] Streaming discord_desktop_core@2 to /home/migio/.config/discord/0.0.90/modules/pending/discord_desktop_core-2.zip: 76%
4/12/2025, 9:45:41 PM GMT+2 [Modules] Streaming discord_desktop_core@2 to /home/migio/.config/discord/0.0.90/modules/pending/discord_desktop_core-2.zip: 78%
4/12/2025, 9:45:41 PM GMT+2 [Modules] Streaming discord_desktop_core@2 to /home/migio/.config/discord/0.0.90/modules/pending/discord_desktop_core-2.zip: 81%
4/12/2025, 9:45:41 PM GMT+2 [Modules] Streaming discord_desktop_core@2 to /home/migio/.config/discord/0.0.90/modules/pending/discord_desktop_core-2.zip: 83%
4/12/2025, 9:45:41 PM GMT+2 [Modules] Streaming discord_desktop_core@2 to /home/migio/.config/discord/0.0.90/modules/pending/discord_desktop_core-2.zip: 86%
4/12/2025, 9:45:41 PM GMT+2 [Modules] Streaming discord_desktop_core@2 to /home/migio/.config/discord/0.0.90/modules/pending/discord_desktop_core-2.zip: 87%
4/12/2025, 9:45:41 PM GMT+2 [Modules] Streaming discord_desktop_core@2 to /home/migio/.config/discord/0.0.90/modules/pending/discord_desktop_core-2.zip: 91%
4/12/2025, 9:45:41 PM GMT+2 [Modules] Streaming discord_desktop_core@2 to /home/migio/.config/discord/0.0.90/modules/pending/discord_desktop_core-2.zip: 96%
4/12/2025, 9:45:41 PM GMT+2 [Modules] Streaming discord_desktop_core@2 to /home/migio/.config/discord/0.0.90/modules/pending/discord_desktop_core-2.zip: 99%
4/12/2025, 9:45:41 PM GMT+2 [Modules] Streaming discord_desktop_core@2 to /home/migio/.config/discord/0.0.90/modules/pending/discord_desktop_core-2.zip: 100%
4/12/2025, 9:45:41 PM GMT+2 [Modules] Fetching discord_erlpack@1 from https://discord.com/api/modules/stable/discord_erlpack/1
4/12/2025, 9:45:41 PM GMT+2 [Modules] Streaming discord_erlpack@1 to /home/migio/.config/discord/0.0.90/modules/pending/discord_erlpack-1.zip
4/12/2025, 9:45:41 PM GMT+2 [Modules] Streaming discord_erlpack@1 to /home/migio/.config/discord/0.0.90/modules/pending/discord_erlpack-1.zip: 2%
4/12/2025, 9:45:41 PM GMT+2 [Modules] Streaming discord_erlpack@1 to /home/migio/.config/discord/0.0.90/modules/pending/discord_erlpack-1.zip: 6%
4/12/2025, 9:45:41 PM GMT+2 [Modules] Streaming discord_erlpack@1 to /home/migio/.config/discord/0.0.90/modules/pending/discord_erlpack-1.zip: 9%
4/12/2025, 9:45:41 PM GMT+2 [Modules] Streaming discord_erlpack@1 to /home/migio/.config/discord/0.0.90/modules/pending/discord_erlpack-1.zip: 12%
4/12/2025, 9:45:41 PM GMT+2 [Modules] Streaming discord_erlpack@1 to /home/migio/.config/discord/0.0.90/modules/pending/discord_erlpack-1.zip: 17%
4/12/2025, 9:45:41 PM GMT+2 [Modules] Streaming discord_erlpack@1 to /home/migio/.config/discord/0.0.90/modules/pending/discord_erlpack-1.zip: 19%
4/12/2025, 9:45:41 PM GMT+2 [Modules] Streaming discord_erlpack@1 to /home/migio/.config/discord/0.0.90/modules/pending/discord_erlpack-1.zip: 22%
4/12/2025, 9:45:41 PM GMT+2 [Modules] Streaming discord_erlpack@1 to /home/migio/.config/discord/0.0.90/modules/pending/discord_erlpack-1.zip: 27%
4/12/2025, 9:45:41 PM GMT+2 [Modules] Streaming discord_erlpack@1 to /home/migio/.config/discord/0.0.90/modules/pending/discord_erlpack-1.zip: 30%
4/12/2025, 9:45:41 PM GMT+2 [Modules] Streaming discord_erlpack@1 to /home/migio/.config/discord/0.0.90/modules/pending/discord_erlpack-1.zip: 33%
4/12/2025, 9:45:41 PM GMT+2 [Modules] Streaming discord_erlpack@1 to /home/migio/.config/discord/0.0.90/modules/pending/discord_erlpack-1.zip: 37%
4/12/2025, 9:45:41 PM GMT+2 [Modules] Streaming discord_erlpack@1 to /home/migio/.config/discord/0.0.90/modules/pending/discord_erlpack-1.zip: 40%
4/12/2025, 9:45:41 PM GMT+2 [Modules] Streaming discord_erlpack@1 to /home/migio/.config/discord/0.0.90/modules/pending/discord_erlpack-1.zip: 43%
4/12/2025, 9:45:41 PM GMT+2 [Modules] Streaming discord_erlpack@1 to /home/migio/.config/discord/0.0.90/modules/pending/discord_erlpack-1.zip: 47%
4/12/2025, 9:45:41 PM GMT+2 [Modules] Streaming discord_erlpack@1 to /home/migio/.config/discord/0.0.90/modules/pending/discord_erlpack-1.zip: 48%
4/12/2025, 9:45:41 PM GMT+2 [Modules] Streaming discord_erlpack@1 to /home/migio/.config/discord/0.0.90/modules/pending/discord_erlpack-1.zip: 54%
4/12/2025, 9:45:41 PM GMT+2 [Modules] Streaming discord_erlpack@1 to /home/migio/.config/discord/0.0.90/modules/pending/discord_erlpack-1.zip: 57%
4/12/2025, 9:45:41 PM GMT+2 [Modules] Streaming discord_erlpack@1 to /home/migio/.config/discord/0.0.90/modules/pending/discord_erlpack-1.zip: 60%
4/12/2025, 9:45:41 PM GMT+2 [Modules] Streaming discord_erlpack@1 to /home/migio/.config/discord/0.0.90/modules/pending/discord_erlpack-1.zip: 63%
4/12/2025, 9:45:41 PM GMT+2 [Modules] Streaming discord_erlpack@1 to /home/migio/.config/discord/0.0.90/modules/pending/discord_erlpack-1.zip: 66%
4/12/2025, 9:45:41 PM GMT+2 [Modules] Streaming discord_erlpack@1 to /home/migio/.config/discord/0.0.90/modules/pending/discord_erlpack-1.zip: 71%
4/12/2025, 9:45:41 PM GMT+2 [Modules] Streaming discord_erlpack@1 to /home/migio/.config/discord/0.0.90/modules/pending/discord_erlpack-1.zip: 74%
4/12/2025, 9:45:41 PM GMT+2 [Modules] Streaming discord_erlpack@1 to /home/migio/.config/discord/0.0.90/modules/pending/discord_erlpack-1.zip: 75%
4/12/2025, 9:45:41 PM GMT+2 [Modules] Streaming discord_erlpack@1 to /home/migio/.config/discord/0.0.90/modules/pending/discord_erlpack-1.zip: 78%
4/12/2025, 9:45:41 PM GMT+2 [Modules] Streaming discord_erlpack@1 to /home/migio/.config/discord/0.0.90/modules/pending/discord_erlpack-1.zip: 82%
4/12/2025, 9:45:41 PM GMT+2 [Modules] Streaming discord_erlpack@1 to /home/migio/.config/discord/0.0.90/modules/pending/discord_erlpack-1.zip: 88%
4/12/2025, 9:45:41 PM GMT+2 [Modules] Streaming discord_erlpack@1 to /home/migio/.config/discord/0.0.90/modules/pending/discord_erlpack-1.zip: 91%
4/12/2025, 9:45:41 PM GMT+2 [Modules] Streaming discord_erlpack@1 to /home/migio/.config/discord/0.0.90/modules/pending/discord_erlpack-1.zip: 93%
4/12/2025, 9:45:41 PM GMT+2 [Modules] Streaming discord_erlpack@1 to /home/migio/.config/discord/0.0.90/modules/pending/discord_erlpack-1.zip: 96%
4/12/2025, 9:45:41 PM GMT+2 [Modules] Streaming discord_erlpack@1 to /home/migio/.config/discord/0.0.90/modules/pending/discord_erlpack-1.zip: 97%
4/12/2025, 9:45:41 PM GMT+2 [Modules] Streaming discord_erlpack@1 to /home/migio/.config/discord/0.0.90/modules/pending/discord_erlpack-1.zip: 100%
4/12/2025, 9:45:41 PM GMT+2 [Modules] Fetching discord_spellcheck@1 from https://discord.com/api/modules/stable/discord_spellcheck/1
4/12/2025, 9:45:41 PM GMT+2 [Modules] Streaming discord_spellcheck@1 to /home/migio/.config/discord/0.0.90/modules/pending/discord_spellcheck-1.zip
4/12/2025, 9:45:42 PM GMT+2 [Modules] Streaming discord_spellcheck@1 to /home/migio/.config/discord/0.0.90/modules/pending/discord_spellcheck-1.zip: 1%
4/12/2025, 9:45:42 PM GMT+2 [Modules] Streaming discord_spellcheck@1 to /home/migio/.config/discord/0.0.90/modules/pending/discord_spellcheck-1.zip: 2%
4/12/2025, 9:45:42 PM GMT+2 [Modules] Streaming discord_spellcheck@1 to /home/migio/.config/discord/0.0.90/modules/pending/discord_spellcheck-1.zip: 3%
4/12/2025, 9:45:42 PM GMT+2 [Modules] Streaming discord_spellcheck@1 to /home/migio/.config/discord/0.0.90/modules/pending/discord_spellcheck-1.zip: 4%
4/12/2025, 9:45:42 PM GMT+2 [Modules] Streaming discord_spellcheck@1 to /home/migio/.config/discord/0.0.90/modules/pending/discord_spellcheck-1.zip: 5%
4/12/2025, 9:45:42 PM GMT+2 [Modules] Streaming discord_spellcheck@1 to /home/migio/.config/discord/0.0.90/modules/pending/discord_spellcheck-1.zip: 6%
4/12/2025, 9:45:42 PM GMT+2 [Modules] Streaming discord_spellcheck@1 to /home/migio/.config/discord/0.0.90/modules/pending/discord_spellcheck-1.zip: 7%
4/12/2025, 9:45:42 PM GMT+2 [Modules] Streaming discord_spellcheck@1 to /home/migio/.config/discord/0.0.90/modules/pending/discord_spellcheck-1.zip: 8%
4/12/2025, 9:45:42 PM GMT+2 [Modules] Streaming discord_spellcheck@1 to /home/migio/.config/discord/0.0.90/modules/pending/discord_spellcheck-1.zip: 9%
4/12/2025, 9:45:42 PM GMT+2 [Modules] Streaming discord_spellcheck@1 to /home/migio/.config/discord/0.0.90/modules/pending/discord_spellcheck-1.zip: 10%
4/12/2025, 9:45:42 PM GMT+2 [Modules] Streaming discord_spellcheck@1 to /home/migio/.config/discord/0.0.90/modules/pending/discord_spellcheck-1.zip: 11%
4/12/2025, 9:45:42 PM GMT+2 [Modules] Streaming discord_spellcheck@1 to /home/migio/.config/discord/0.0.90/modules/pending/discord_spellcheck-1.zip: 12%
4/12/2025, 9:45:42 PM GMT+2 [Modules] Streaming discord_spellcheck@1 to /home/migio/.config/discord/0.0.90/modules/pending/discord_spellcheck-1.zip: 13%
4/12/2025, 9:45:42 PM GMT+2 [Modules] Streaming discord_spellcheck@1 to /home/migio/.config/discord/0.0.90/modules/pending/discord_spellcheck-1.zip: 14%
4/12/2025, 9:45:42 PM GMT+2 [Modules] Streaming discord_spellcheck@1 to /home/migio/.config/discord/0.0.90/modules/pending/discord_spellcheck-1.zip: 15%
4/12/2025, 9:45:42 PM GMT+2 [Modules] Streaming discord_spellcheck@1 to /home/migio/.config/discord/0.0.90/modules/pending/discord_spellcheck-1.zip: 16%
4/12/2025, 9:45:42 PM GMT+2 [Modules] Streaming discord_spellcheck@1 to /home/migio/.config/discord/0.0.90/modules/pending/discord_spellcheck-1.zip: 17%
4/12/2025, 9:45:42 PM GMT+2 [Modules] Streaming discord_spellcheck@1 to /home/migio/.config/discord/0.0.90/modules/pending/discord_spellcheck-1.zip: 18%
4/12/2025, 9:45:42 PM GMT+2 [Modules] Streaming discord_spellcheck@1 to /home/migio/.config/discord/0.0.90/modules/pending/discord_spellcheck-1.zip: 19%
4/12/2025, 9:45:42 PM GMT+2 [Modules] Streaming discord_spellcheck@1 to /home/migio/.config/discord/0.0.90/modules/pending/discord_spellcheck-1.zip: 20%
4/12/2025, 9:45:42 PM GMT+2 [Modules] Streaming discord_spellcheck@1 to /home/migio/.config/discord/0.0.90/modules/pending/discord_spellcheck-1.zip: 21%
4/12/2025, 9:45:42 PM GMT+2 [Modules] Streaming discord_spellcheck@1 to /home/migio/.config/discord/0.0.90/modules/pending/discord_spellcheck-1.zip: 22%
4/12/2025, 9:45:42 PM GMT+2 [Modules] Streaming discord_spellcheck@1 to /home/migio/.config/discord/0.0.90/modules/pending/discord_spellcheck-1.zip: 23%
4/12/2025, 9:45:42 PM GMT+2 [Modules] Streaming discord_spellcheck@1 to /home/migio/.config/discord/0.0.90/modules/pending/discord_spellcheck-1.zip: 24%
4/12/2025, 9:45:42 PM GMT+2 [Modules] Streaming discord_spellcheck@1 to /home/migio/.config/discord/0.0.90/modules/pending/discord_spellcheck-1.zip: 25%
4/12/2025, 9:45:42 PM GMT+2 [Modules] Streaming discord_spellcheck@1 to /home/migio/.config/discord/0.0.90/modules/pending/discord_spellcheck-1.zip: 26%
4/12/2025, 9:45:42 PM GMT+2 [Modules] Streaming discord_spellcheck@1 to /home/migio/.config/discord/0.0.90/modules/pending/discord_spellcheck-1.zip: 27%
4/12/2025, 9:45:42 PM GMT+2 [Modules] Streaming discord_spellcheck@1 to /home/migio/.config/discord/0.0.90/modules/pending/discord_spellcheck-1.zip: 28%
4/12/2025, 9:45:42 PM GMT+2 [Modules] Streaming discord_spellcheck@1 to /home/migio/.config/discord/0.0.90/modules/pending/discord_spellcheck-1.zip: 29%
4/12/2025, 9:45:42 PM GMT+2 [Modules] Streaming discord_spellcheck@1 to /home/migio/.config/discord/0.0.90/modules/pending/discord_spellcheck-1.zip: 30%
4/12/2025, 9:45:42 PM GMT+2 [Modules] Streaming discord_spellcheck@1 to /home/migio/.config/discord/0.0.90/modules/pending/discord_spellcheck-1.zip: 31%
4/12/2025, 9:45:42 PM GMT+2 [Modules] Streaming discord_spellcheck@1 to /home/migio/.config/discord/0.0.90/modules/pending/discord_spellcheck-1.zip: 32%
4/12/2025, 9:45:42 PM GMT+2 [Modules] Streaming discord_spellcheck@1 to /home/migio/.config/discord/0.0.90/modules/pending/discord_spellcheck-1.zip: 33%
4/12/2025, 9:45:42 PM GMT+2 [Modules] Streaming discord_spellcheck@1 to /home/migio/.config/discord/0.0.90/modules/pending/discord_spellcheck-1.zip: 34%
4/12/2025, 9:45:42 PM GMT+2 [Modules] Streaming discord_spellcheck@1 to /home/migio/.config/discord/0.0.90/modules/pending/discord_spellcheck-1.zip: 35%
4/12/2025, 9:45:42 PM GMT+2 [Modules] Streaming discord_spellcheck@1 to /home/migio/.config/discord/0.0.90/modules/pending/discord_spellcheck-1.zip: 36%
4/12/2025, 9:45:42 PM GMT+2 [Modules] Streaming discord_spellcheck@1 to /home/migio/.config/discord/0.0.90/modules/pending/discord_spellcheck-1.zip: 37%
4/12/2025, 9:45:42 PM GMT+2 [Modules] Streaming discord_spellcheck@1 to /home/migio/.config/discord/0.0.90/modules/pending/discord_spellcheck-1.zip: 38%
4/12/2025, 9:45:42 PM GMT+2 [Modules] Streaming discord_spellcheck@1 to /home/migio/.config/discord/0.0.90/modules/pending/discord_spellcheck-1.zip: 39%
4/12/2025, 9:45:42 PM GMT+2 [Modules] Streaming discord_spellcheck@1 to /home/migio/.config/discord/0.0.90/modules/pending/discord_spellcheck-1.zip: 40%
4/12/2025, 9:45:42 PM GMT+2 [Modules] Streaming discord_spellcheck@1 to /home/migio/.config/discord/0.0.90/modules/pending/discord_spellcheck-1.zip: 41%
4/12/2025, 9:45:42 PM GMT+2 [Modules] Streaming discord_spellcheck@1 to /home/migio/.config/discord/0.0.90/modules/pending/discord_spellcheck-1.zip: 42%
4/12/2025, 9:45:42 PM GMT+2 [Modules] Streaming discord_spellcheck@1 to /home/migio/.config/discord/0.0.90/modules/pending/discord_spellcheck-1.zip: 43%
4/12/2025, 9:45:42 PM GMT+2 [Modules] Streaming discord_spellcheck@1 to /home/migio/.config/discord/0.0.90/modules/pending/discord_spellcheck-1.zip: 44%
4/12/2025, 9:45:42 PM GMT+2 [Modules] Streaming discord_spellcheck@1 to /home/migio/.config/discord/0.0.90/modules/pending/discord_spellcheck-1.zip: 45%
4/12/2025, 9:45:42 PM GMT+2 [Modules] Streaming discord_spellcheck@1 to /home/migio/.config/discord/0.0.90/modules/pending/discord_spellcheck-1.zip: 46%
4/12/2025, 9:45:42 PM GMT+2 [Modules] Streaming discord_spellcheck@1 to /home/migio/.config/discord/0.0.90/modules/pending/discord_spellcheck-1.zip: 47%
4/12/2025, 9:45:42 PM GMT+2 [Modules] Streaming discord_spellcheck@1 to /home/migio/.config/discord/0.0.90/modules/pending/discord_spellcheck-1.zip: 48%
4/12/2025, 9:45:42 PM GMT+2 [Modules] Streaming discord_spellcheck@1 to /home/migio/.config/discord/0.0.90/modules/pending/discord_spellcheck-1.zip: 49%
4/12/2025, 9:45:42 PM GMT+2 [Modules] Streaming discord_spellcheck@1 to /home/migio/.config/discord/0.0.90/modules/pending/discord_spellcheck-1.zip: 50%
4/12/2025, 9:45:42 PM GMT+2 [Modules] Streaming discord_spellcheck@1 to /home/migio/.config/discord/0.0.90/modules/pending/discord_spellcheck-1.zip: 51%
4/12/2025, 9:45:42 PM GMT+2 [Modules] Streaming discord_spellcheck@1 to /home/migio/.config/discord/0.0.90/modules/pending/discord_spellcheck-1.zip: 52%
4/12/2025, 9:45:42 PM GMT+2 [Modules] Streaming discord_spellcheck@1 to /home/migio/.config/discord/0.0.90/modules/pending/discord_spellcheck-1.zip: 53%
4/12/2025, 9:45:42 PM GMT+2 [Modules] Streaming discord_spellcheck@1 to /home/migio/.config/discord/0.0.90/modules/pending/discord_spellcheck-1.zip: 55%
4/12/2025, 9:45:42 PM GMT+2 [Modules] Streaming discord_spellcheck@1 to /home/migio/.config/discord/0.0.90/modules/pending/discord_spellcheck-1.zip: 56%
4/12/2025, 9:45:42 PM GMT+2 [Modules] Streaming discord_spellcheck@1 to /home/migio/.config/discord/0.0.90/modules/pending/discord_spellcheck-1.zip: 57%
4/12/2025, 9:45:42 PM GMT+2 [Modules] Streaming discord_spellcheck@1 to /home/migio/.config/discord/0.0.90/modules/pending/discord_spellcheck-1.zip: 58%
4/12/2025, 9:45:42 PM GMT+2 [Modules] Streaming discord_spellcheck@1 to /home/migio/.config/discord/0.0.90/modules/pending/discord_spellcheck-1.zip: 59%
4/12/2025, 9:45:42 PM GMT+2 [Modules] Streaming discord_spellcheck@1 to /home/migio/.config/discord/0.0.90/modules/pending/discord_spellcheck-1.zip: 60%
4/12/2025, 9:45:42 PM GMT+2 [Modules] Streaming discord_spellcheck@1 to /home/migio/.config/discord/0.0.90/modules/pending/discord_spellcheck-1.zip: 61%
4/12/2025, 9:45:42 PM GMT+2 [Modules] Streaming discord_spellcheck@1 to /home/migio/.config/discord/0.0.90/modules/pending/discord_spellcheck-1.zip: 62%
4/12/2025, 9:45:42 PM GMT+2 [Modules] Streaming discord_spellcheck@1 to /home/migio/.config/discord/0.0.90/modules/pending/discord_spellcheck-1.zip: 63%
4/12/2025, 9:45:42 PM GMT+2 [Modules] Streaming discord_spellcheck@1 to /home/migio/.config/discord/0.0.90/modules/pending/discord_spellcheck-1.zip: 64%
4/12/2025, 9:45:42 PM GMT+2 [Modules] Streaming discord_spellcheck@1 to /home/migio/.config/discord/0.0.90/modules/pending/discord_spellcheck-1.zip: 65%
4/12/2025, 9:45:42 PM GMT+2 [Modules] Streaming discord_spellcheck@1 to /home/migio/.config/discord/0.0.90/modules/pending/discord_spellcheck-1.zip: 66%
4/12/2025, 9:45:42 PM GMT+2 [Modules] Streaming discord_spellcheck@1 to /home/migio/.config/discord/0.0.90/modules/pending/discord_spellcheck-1.zip: 67%
4/12/2025, 9:45:42 PM GMT+2 [Modules] Streaming discord_spellcheck@1 to /home/migio/.config/discord/0.0.90/modules/pending/discord_spellcheck-1.zip: 68%
4/12/2025, 9:45:42 PM GMT+2 [Modules] Streaming discord_spellcheck@1 to /home/migio/.config/discord/0.0.90/modules/pending/discord_spellcheck-1.zip: 69%
4/12/2025, 9:45:42 PM GMT+2 [Modules] Streaming discord_spellcheck@1 to /home/migio/.config/discord/0.0.90/modules/pending/discord_spellcheck-1.zip: 70%
4/12/2025, 9:45:42 PM GMT+2 [Modules] Streaming discord_spellcheck@1 to /home/migio/.config/discord/0.0.90/modules/pending/discord_spellcheck-1.zip: 71%
4/12/2025, 9:45:42 PM GMT+2 [Modules] Streaming discord_spellcheck@1 to /home/migio/.config/discord/0.0.90/modules/pending/discord_spellcheck-1.zip: 72%
4/12/2025, 9:45:42 PM GMT+2 [Modules] Streaming discord_spellcheck@1 to /home/migio/.config/discord/0.0.90/modules/pending/discord_spellcheck-1.zip: 73%
4/12/2025, 9:45:42 PM GMT+2 [Modules] Streaming discord_spellcheck@1 to /home/migio/.config/discord/0.0.90/modules/pending/discord_spellcheck-1.zip: 74%
4/12/2025, 9:45:42 PM GMT+2 [Modules] Streaming discord_spellcheck@1 to /home/migio/.config/discord/0.0.90/modules/pending/discord_spellcheck-1.zip: 75%
4/12/2025, 9:45:42 PM GMT+2 [Modules] Streaming discord_spellcheck@1 to /home/migio/.config/discord/0.0.90/modules/pending/discord_spellcheck-1.zip: 76%
4/12/2025, 9:45:42 PM GMT+2 [Modules] Streaming discord_spellcheck@1 to /home/migio/.config/discord/0.0.90/modules/pending/discord_spellcheck-1.zip: 77%
4/12/2025, 9:45:42 PM GMT+2 [Modules] Streaming discord_spellcheck@1 to /home/migio/.config/discord/0.0.90/modules/pending/discord_spellcheck-1.zip: 78%
4/12/2025, 9:45:42 PM GMT+2 [Modules] Streaming discord_spellcheck@1 to /home/migio/.config/discord/0.0.90/modules/pending/discord_spellcheck-1.zip: 79%
4/12/2025, 9:45:42 PM GMT+2 [Modules] Streaming discord_spellcheck@1 to /home/migio/.config/discord/0.0.90/modules/pending/discord_spellcheck-1.zip: 80%
4/12/2025, 9:45:42 PM GMT+2 [Modules] Streaming discord_spellcheck@1 to /home/migio/.config/discord/0.0.90/modules/pending/discord_spellcheck-1.zip: 81%
4/12/2025, 9:45:42 PM GMT+2 [Modules] Streaming discord_spellcheck@1 to /home/migio/.config/discord/0.0.90/modules/pending/discord_spellcheck-1.zip: 82%
4/12/2025, 9:45:42 PM GMT+2 [Modules] Streaming discord_spellcheck@1 to /home/migio/.config/discord/0.0.90/modules/pending/discord_spellcheck-1.zip: 83%
4/12/2025, 9:45:42 PM GMT+2 [Modules] Streaming discord_spellcheck@1 to /home/migio/.config/discord/0.0.90/modules/pending/discord_spellcheck-1.zip: 84%
4/12/2025, 9:45:42 PM GMT+2 [Modules] Streaming discord_spellcheck@1 to /home/migio/.config/discord/0.0.90/modules/pending/discord_spellcheck-1.zip: 85%
4/12/2025, 9:45:42 PM GMT+2 [Modules] Streaming discord_spellcheck@1 to /home/migio/.config/discord/0.0.90/modules/pending/discord_spellcheck-1.zip: 86%
4/12/2025, 9:45:42 PM GMT+2 [Modules] Streaming discord_spellcheck@1 to /home/migio/.config/discord/0.0.90/modules/pending/discord_spellcheck-1.zip: 87%
4/12/2025, 9:45:42 PM GMT+2 [Modules] Streaming discord_spellcheck@1 to /home/migio/.config/discord/0.0.90/modules/pending/discord_spellcheck-1.zip: 88%
4/12/2025, 9:45:42 PM GMT+2 [Modules] Streaming discord_spellcheck@1 to /home/migio/.config/discord/0.0.90/modules/pending/discord_spellcheck-1.zip: 89%
4/12/2025, 9:45:42 PM GMT+2 [Modules] Streaming discord_spellcheck@1 to /home/migio/.config/discord/0.0.90/modules/pending/discord_spellcheck-1.zip: 90%
4/12/2025, 9:45:42 PM GMT+2 [Modules] Streaming discord_spellcheck@1 to /home/migio/.config/discord/0.0.90/modules/pending/discord_spellcheck-1.zip: 91%
4/12/2025, 9:45:42 PM GMT+2 [Modules] Streaming discord_spellcheck@1 to /home/migio/.config/discord/0.0.90/modules/pending/discord_spellcheck-1.zip: 92%
4/12/2025, 9:45:42 PM GMT+2 [Modules] Streaming discord_spellcheck@1 to /home/migio/.config/discord/0.0.90/modules/pending/discord_spellcheck-1.zip: 93%
4/12/2025, 9:45:42 PM GMT+2 [Modules] Streaming discord_spellcheck@1 to /home/migio/.config/discord/0.0.90/modules/pending/discord_spellcheck-1.zip: 94%
4/12/2025, 9:45:42 PM GMT+2 [Modules] Streaming discord_spellcheck@1 to /home/migio/.config/discord/0.0.90/modules/pending/discord_spellcheck-1.zip: 95%
4/12/2025, 9:45:42 PM GMT+2 [Modules] Streaming discord_spellcheck@1 to /home/migio/.config/discord/0.0.90/modules/pending/discord_spellcheck-1.zip: 96%
4/12/2025, 9:45:42 PM GMT+2 [Modules] Streaming discord_spellcheck@1 to /home/migio/.config/discord/0.0.90/modules/pending/discord_spellcheck-1.zip: 97%
4/12/2025, 9:45:42 PM GMT+2 [Modules] Streaming discord_spellcheck@1 to /home/migio/.config/discord/0.0.90/modules/pending/discord_spellcheck-1.zip: 98%
4/12/2025, 9:45:42 PM GMT+2 [Modules] Streaming discord_spellcheck@1 to /home/migio/.config/discord/0.0.90/modules/pending/discord_spellcheck-1.zip: 99%
4/12/2025, 9:45:42 PM GMT+2 [Modules] Streaming discord_spellcheck@1 to /home/migio/.config/discord/0.0.90/modules/pending/discord_spellcheck-1.zip: 100%
4/12/2025, 9:45:42 PM GMT+2 [Modules] Fetching discord_utils@2 from https://discord.com/api/modules/stable/discord_utils/2
4/12/2025, 9:45:42 PM GMT+2 [Modules] Streaming discord_utils@2 to /home/migio/.config/discord/0.0.90/modules/pending/discord_utils-2.zip
4/12/2025, 9:45:43 PM GMT+2 [Modules] Streaming discord_utils@2 to /home/migio/.config/discord/0.0.90/modules/pending/discord_utils-2.zip: 1%
4/12/2025, 9:45:43 PM GMT+2 [Modules] Streaming discord_utils@2 to /home/migio/.config/discord/0.0.90/modules/pending/discord_utils-2.zip: 4%
4/12/2025, 9:45:43 PM GMT+2 [Modules] Streaming discord_utils@2 to /home/migio/.config/discord/0.0.90/modules/pending/discord_utils-2.zip: 5%
4/12/2025, 9:45:43 PM GMT+2 [Modules] Streaming discord_utils@2 to /home/migio/.config/discord/0.0.90/modules/pending/discord_utils-2.zip: 6%
4/12/2025, 9:45:43 PM GMT+2 [Modules] Streaming discord_utils@2 to /home/migio/.config/discord/0.0.90/modules/pending/discord_utils-2.zip: 8%
4/12/2025, 9:45:43 PM GMT+2 [Modules] Streaming discord_utils@2 to /home/migio/.config/discord/0.0.90/modules/pending/discord_utils-2.zip: 9%
4/12/2025, 9:45:43 PM GMT+2 [Modules] Streaming discord_utils@2 to /home/migio/.config/discord/0.0.90/modules/pending/discord_utils-2.zip: 10%
4/12/2025, 9:45:43 PM GMT+2 [Modules] Streaming discord_utils@2 to /home/migio/.config/discord/0.0.90/modules/pending/discord_utils-2.zip: 11%
4/12/2025, 9:45:43 PM GMT+2 [Modules] Streaming discord_utils@2 to /home/migio/.config/discord/0.0.90/modules/pending/discord_utils-2.zip: 13%
4/12/2025, 9:45:43 PM GMT+2 [Modules] Streaming discord_utils@2 to /home/migio/.config/discord/0.0.90/modules/pending/discord_utils-2.zip: 14%
4/12/2025, 9:45:43 PM GMT+2 [Modules] Streaming discord_utils@2 to /home/migio/.config/discord/0.0.90/modules/pending/discord_utils-2.zip: 15%
4/12/2025, 9:45:43 PM GMT+2 [Modules] Streaming discord_utils@2 to /home/migio/.config/discord/0.0.90/modules/pending/discord_utils-2.zip: 16%
4/12/2025, 9:45:43 PM GMT+2 [Modules] Streaming discord_utils@2 to /home/migio/.config/discord/0.0.90/modules/pending/discord_utils-2.zip: 17%
4/12/2025, 9:45:43 PM GMT+2 [Modules] Streaming discord_utils@2 to /home/migio/.config/discord/0.0.90/modules/pending/discord_utils-2.zip: 19%
4/12/2025, 9:45:43 PM GMT+2 [Modules] Streaming discord_utils@2 to /home/migio/.config/discord/0.0.90/modules/pending/discord_utils-2.zip: 20%
4/12/2025, 9:45:43 PM GMT+2 [Modules] Streaming discord_utils@2 to /home/migio/.config/discord/0.0.90/modules/pending/discord_utils-2.zip: 21%
4/12/2025, 9:45:43 PM GMT+2 [Modules] Streaming discord_utils@2 to /home/migio/.config/discord/0.0.90/modules/pending/discord_utils-2.zip: 22%
4/12/2025, 9:45:43 PM GMT+2 [Modules] Streaming discord_utils@2 to /home/migio/.config/discord/0.0.90/modules/pending/discord_utils-2.zip: 24%
4/12/2025, 9:45:43 PM GMT+2 [Modules] Streaming discord_utils@2 to /home/migio/.config/discord/0.0.90/modules/pending/discord_utils-2.zip: 25%
4/12/2025, 9:45:43 PM GMT+2 [Modules] Streaming discord_utils@2 to /home/migio/.config/discord/0.0.90/modules/pending/discord_utils-2.zip: 26%
4/12/2025, 9:45:43 PM GMT+2 [Modules] Streaming discord_utils@2 to /home/migio/.config/discord/0.0.90/modules/pending/discord_utils-2.zip: 27%
4/12/2025, 9:45:43 PM GMT+2 [Modules] Streaming discord_utils@2 to /home/migio/.config/discord/0.0.90/modules/pending/discord_utils-2.zip: 29%
4/12/2025, 9:45:43 PM GMT+2 [Modules] Streaming discord_utils@2 to /home/migio/.config/discord/0.0.90/modules/pending/discord_utils-2.zip: 30%
4/12/2025, 9:45:43 PM GMT+2 [Modules] Streaming discord_utils@2 to /home/migio/.config/discord/0.0.90/modules/pending/discord_utils-2.zip: 32%
4/12/2025, 9:45:43 PM GMT+2 [Modules] Streaming discord_utils@2 to /home/migio/.config/discord/0.0.90/modules/pending/discord_utils-2.zip: 33%
4/12/2025, 9:45:43 PM GMT+2 [Modules] Streaming discord_utils@2 to /home/migio/.config/discord/0.0.90/modules/pending/discord_utils-2.zip: 34%
4/12/2025, 9:45:43 PM GMT+2 [Modules] Streaming discord_utils@2 to /home/migio/.config/discord/0.0.90/modules/pending/discord_utils-2.zip: 35%
4/12/2025, 9:45:43 PM GMT+2 [Modules] Streaming discord_utils@2 to /home/migio/.config/discord/0.0.90/modules/pending/discord_utils-2.zip: 36%
4/12/2025, 9:45:43 PM GMT+2 [Modules] Streaming discord_utils@2 to /home/migio/.config/discord/0.0.90/modules/pending/discord_utils-2.zip: 37%
4/12/2025, 9:45:43 PM GMT+2 [Modules] Streaming discord_utils@2 to /home/migio/.config/discord/0.0.90/modules/pending/discord_utils-2.zip: 38%
4/12/2025, 9:45:43 PM GMT+2 [Modules] Streaming discord_utils@2 to /home/migio/.config/discord/0.0.90/modules/pending/discord_utils-2.zip: 39%
4/12/2025, 9:45:43 PM GMT+2 [Modules] Streaming discord_utils@2 to /home/migio/.config/discord/0.0.90/modules/pending/discord_utils-2.zip: 40%
4/12/2025, 9:45:43 PM GMT+2 [Modules] Streaming discord_utils@2 to /home/migio/.config/discord/0.0.90/modules/pending/discord_utils-2.zip: 41%
4/12/2025, 9:45:43 PM GMT+2 [Modules] Streaming discord_utils@2 to /home/migio/.config/discord/0.0.90/modules/pending/discord_utils-2.zip: 42%
4/12/2025, 9:45:43 PM GMT+2 [Modules] Streaming discord_utils@2 to /home/migio/.config/discord/0.0.90/modules/pending/discord_utils-2.zip: 43%
4/12/2025, 9:45:43 PM GMT+2 [Modules] Streaming discord_utils@2 to /home/migio/.config/discord/0.0.90/modules/pending/discord_utils-2.zip: 46%
4/12/2025, 9:45:43 PM GMT+2 [Modules] Streaming discord_utils@2 to /home/migio/.config/discord/0.0.90/modules/pending/discord_utils-2.zip: 47%
4/12/2025, 9:45:43 PM GMT+2 [Modules] Streaming discord_utils@2 to /home/migio/.config/discord/0.0.90/modules/pending/discord_utils-2.zip: 48%
4/12/2025, 9:45:43 PM GMT+2 [Modules] Streaming discord_utils@2 to /home/migio/.config/discord/0.0.90/modules/pending/discord_utils-2.zip: 49%
4/12/2025, 9:45:43 PM GMT+2 [Modules] Streaming discord_utils@2 to /home/migio/.config/discord/0.0.90/modules/pending/discord_utils-2.zip: 50%
4/12/2025, 9:45:43 PM GMT+2 [Modules] Streaming discord_utils@2 to /home/migio/.config/discord/0.0.90/modules/pending/discord_utils-2.zip: 51%
4/12/2025, 9:45:43 PM GMT+2 [Modules] Streaming discord_utils@2 to /home/migio/.config/discord/0.0.90/modules/pending/discord_utils-2.zip: 52%
4/12/2025, 9:45:43 PM GMT+2 [Modules] Streaming discord_utils@2 to /home/migio/.config/discord/0.0.90/modules/pending/discord_utils-2.zip: 54%
4/12/2025, 9:45:43 PM GMT+2 [Modules] Streaming discord_utils@2 to /home/migio/.config/discord/0.0.90/modules/pending/discord_utils-2.zip: 55%
4/12/2025, 9:45:43 PM GMT+2 [Modules] Streaming discord_utils@2 to /home/migio/.config/discord/0.0.90/modules/pending/discord_utils-2.zip: 56%
4/12/2025, 9:45:43 PM GMT+2 [Modules] Streaming discord_utils@2 to /home/migio/.config/discord/0.0.90/modules/pending/discord_utils-2.zip: 57%
4/12/2025, 9:45:43 PM GMT+2 [Modules] Streaming discord_utils@2 to /home/migio/.config/discord/0.0.90/modules/pending/discord_utils-2.zip: 58%
4/12/2025, 9:45:43 PM GMT+2 [Modules] Streaming discord_utils@2 to /home/migio/.config/discord/0.0.90/modules/pending/discord_utils-2.zip: 59%
4/12/2025, 9:45:43 PM GMT+2 [Modules] Streaming discord_utils@2 to /home/migio/.config/discord/0.0.90/modules/pending/discord_utils-2.zip: 60%
4/12/2025, 9:45:43 PM GMT+2 [Modules] Streaming discord_utils@2 to /home/migio/.config/discord/0.0.90/modules/pending/discord_utils-2.zip: 61%
4/12/2025, 9:45:43 PM GMT+2 [Modules] Streaming discord_utils@2 to /home/migio/.config/discord/0.0.90/modules/pending/discord_utils-2.zip: 64%
4/12/2025, 9:45:43 PM GMT+2 [Modules] Streaming discord_utils@2 to /home/migio/.config/discord/0.0.90/modules/pending/discord_utils-2.zip: 65%
4/12/2025, 9:45:43 PM GMT+2 [Modules] Streaming discord_utils@2 to /home/migio/.config/discord/0.0.90/modules/pending/discord_utils-2.zip: 66%
4/12/2025, 9:45:43 PM GMT+2 [Modules] Streaming discord_utils@2 to /home/migio/.config/discord/0.0.90/modules/pending/discord_utils-2.zip: 68%
4/12/2025, 9:45:43 PM GMT+2 [Modules] Streaming discord_utils@2 to /home/migio/.config/discord/0.0.90/modules/pending/discord_utils-2.zip: 69%
4/12/2025, 9:45:43 PM GMT+2 [Modules] Streaming discord_utils@2 to /home/migio/.config/discord/0.0.90/modules/pending/discord_utils-2.zip: 71%
4/12/2025, 9:45:43 PM GMT+2 [Modules] Streaming discord_utils@2 to /home/migio/.config/discord/0.0.90/modules/pending/discord_utils-2.zip: 72%
4/12/2025, 9:45:43 PM GMT+2 [Modules] Streaming discord_utils@2 to /home/migio/.config/discord/0.0.90/modules/pending/discord_utils-2.zip: 73%
4/12/2025, 9:45:43 PM GMT+2 [Modules] Streaming discord_utils@2 to /home/migio/.config/discord/0.0.90/modules/pending/discord_utils-2.zip: 74%
4/12/2025, 9:45:43 PM GMT+2 [Modules] Streaming discord_utils@2 to /home/migio/.config/discord/0.0.90/modules/pending/discord_utils-2.zip: 77%
4/12/2025, 9:45:43 PM GMT+2 [Modules] Streaming discord_utils@2 to /home/migio/.config/discord/0.0.90/modules/pending/discord_utils-2.zip: 78%
4/12/2025, 9:45:43 PM GMT+2 [Modules] Streaming discord_utils@2 to /home/migio/.config/discord/0.0.90/modules/pending/discord_utils-2.zip: 79%
4/12/2025, 9:45:43 PM GMT+2 [Modules] Streaming discord_utils@2 to /home/migio/.config/discord/0.0.90/modules/pending/discord_utils-2.zip: 80%
4/12/2025, 9:45:43 PM GMT+2 [Modules] Streaming discord_utils@2 to /home/migio/.config/discord/0.0.90/modules/pending/discord_utils-2.zip: 81%
4/12/2025, 9:45:43 PM GMT+2 [Modules] Streaming discord_utils@2 to /home/migio/.config/discord/0.0.90/modules/pending/discord_utils-2.zip: 83%
4/12/2025, 9:45:43 PM GMT+2 [Modules] Streaming discord_utils@2 to /home/migio/.config/discord/0.0.90/modules/pending/discord_utils-2.zip: 84%
4/12/2025, 9:45:43 PM GMT+2 [Modules] Streaming discord_utils@2 to /home/migio/.config/discord/0.0.90/modules/pending/discord_utils-2.zip: 87%
4/12/2025, 9:45:43 PM GMT+2 [Modules] Streaming discord_utils@2 to /home/migio/.config/discord/0.0.90/modules/pending/discord_utils-2.zip: 88%
4/12/2025, 9:45:43 PM GMT+2 [Modules] Streaming discord_utils@2 to /home/migio/.config/discord/0.0.90/modules/pending/discord_utils-2.zip: 89%
4/12/2025, 9:45:43 PM GMT+2 [Modules] Streaming discord_utils@2 to /home/migio/.config/discord/0.0.90/modules/pending/discord_utils-2.zip: 90%
4/12/2025, 9:45:43 PM GMT+2 [Modules] Streaming discord_utils@2 to /home/migio/.config/discord/0.0.90/modules/pending/discord_utils-2.zip: 91%
4/12/2025, 9:45:43 PM GMT+2 [Modules] Streaming discord_utils@2 to /home/migio/.config/discord/0.0.90/modules/pending/discord_utils-2.zip: 92%
4/12/2025, 9:45:43 PM GMT+2 [Modules] Streaming discord_utils@2 to /home/migio/.config/discord/0.0.90/modules/pending/discord_utils-2.zip: 93%
4/12/2025, 9:45:43 PM GMT+2 [Modules] Streaming discord_utils@2 to /home/migio/.config/discord/0.0.90/modules/pending/discord_utils-2.zip: 95%
4/12/2025, 9:45:43 PM GMT+2 [Modules] Streaming discord_utils@2 to /home/migio/.config/discord/0.0.90/modules/pending/discord_utils-2.zip: 96%
4/12/2025, 9:45:43 PM GMT+2 [Modules] Streaming discord_utils@2 to /home/migio/.config/discord/0.0.90/modules/pending/discord_utils-2.zip: 97%
4/12/2025, 9:45:43 PM GMT+2 [Modules] Streaming discord_utils@2 to /home/migio/.config/discord/0.0.90/modules/pending/discord_utils-2.zip: 99%
4/12/2025, 9:45:43 PM GMT+2 [Modules] Streaming discord_utils@2 to /home/migio/.config/discord/0.0.90/modules/pending/discord_utils-2.zip: 100%
4/12/2025, 9:45:43 PM GMT+2 [Modules] Fetching discord_voice@2 from https://discord.com/api/modules/stable/discord_voice/2
4/12/2025, 9:45:43 PM GMT+2 [Modules] Streaming discord_voice@2 to /home/migio/.config/discord/0.0.90/modules/pending/discord_voice-2.zip
4/12/2025, 9:45:43 PM GMT+2 [Modules] Streaming discord_voice@2 to /home/migio/.config/discord/0.0.90/modules/pending/discord_voice-2.zip: 1%
4/12/2025, 9:45:43 PM GMT+2 [Modules] Streaming discord_voice@2 to /home/migio/.config/discord/0.0.90/modules/pending/discord_voice-2.zip: 2%
4/12/2025, 9:45:43 PM GMT+2 [Modules] Streaming discord_voice@2 to /home/migio/.config/discord/0.0.90/modules/pending/discord_voice-2.zip: 3%
4/12/2025, 9:45:43 PM GMT+2 [Modules] Streaming discord_voice@2 to /home/migio/.config/discord/0.0.90/modules/pending/discord_voice-2.zip: 4%
4/12/2025, 9:45:43 PM GMT+2 [Modules] Streaming discord_voice@2 to /home/migio/.config/discord/0.0.90/modules/pending/discord_voice-2.zip: 5%
4/12/2025, 9:45:43 PM GMT+2 [Modules] Streaming discord_voice@2 to /home/migio/.config/discord/0.0.90/modules/pending/discord_voice-2.zip: 6%
4/12/2025, 9:45:43 PM GMT+2 [Modules] Streaming discord_voice@2 to /home/migio/.config/discord/0.0.90/modules/pending/discord_voice-2.zip: 7%
4/12/2025, 9:45:43 PM GMT+2 [Modules] Streaming discord_voice@2 to /home/migio/.config/discord/0.0.90/modules/pending/discord_voice-2.zip: 8%
4/12/2025, 9:45:43 PM GMT+2 [Modules] Streaming discord_voice@2 to /home/migio/.config/discord/0.0.90/modules/pending/discord_voice-2.zip: 9%
4/12/2025, 9:45:43 PM GMT+2 [Modules] Streaming discord_voice@2 to /home/migio/.config/discord/0.0.90/modules/pending/discord_voice-2.zip: 10%
4/12/2025, 9:45:43 PM GMT+2 [Modules] Streaming discord_voice@2 to /home/migio/.config/discord/0.0.90/modules/pending/discord_voice-2.zip: 11%
4/12/2025, 9:45:43 PM GMT+2 [Modules] Streaming discord_voice@2 to /home/migio/.config/discord/0.0.90/modules/pending/discord_voice-2.zip: 12%
4/12/2025, 9:45:43 PM GMT+2 [Modules] Streaming discord_voice@2 to /home/migio/.config/discord/0.0.90/modules/pending/discord_voice-2.zip: 13%
4/12/2025, 9:45:43 PM GMT+2 [Modules] Streaming discord_voice@2 to /home/migio/.config/discord/0.0.90/modules/pending/discord_voice-2.zip: 14%
4/12/2025, 9:45:43 PM GMT+2 [Modules] Streaming discord_voice@2 to /home/migio/.config/discord/0.0.90/modules/pending/discord_voice-2.zip: 15%
4/12/2025, 9:45:43 PM GMT+2 [Modules] Streaming discord_voice@2 to /home/migio/.config/discord/0.0.90/modules/pending/discord_voice-2.zip: 16%
4/12/2025, 9:45:43 PM GMT+2 [Modules] Streaming discord_voice@2 to /home/migio/.config/discord/0.0.90/modules/pending/discord_voice-2.zip: 17%
4/12/2025, 9:45:44 PM GMT+2 [Modules] Streaming discord_voice@2 to /home/migio/.config/discord/0.0.90/modules/pending/discord_voice-2.zip: 18%
4/12/2025, 9:45:44 PM GMT+2 [Modules] Streaming discord_voice@2 to /home/migio/.config/discord/0.0.90/modules/pending/discord_voice-2.zip: 19%
4/12/2025, 9:45:44 PM GMT+2 [Modules] Streaming discord_voice@2 to /home/migio/.config/discord/0.0.90/modules/pending/discord_voice-2.zip: 20%
4/12/2025, 9:45:44 PM GMT+2 [Modules] Streaming discord_voice@2 to /home/migio/.config/discord/0.0.90/modules/pending/discord_voice-2.zip: 21%
4/12/2025, 9:45:44 PM GMT+2 [Modules] Streaming discord_voice@2 to /home/migio/.config/discord/0.0.90/modules/pending/discord_voice-2.zip: 22%
4/12/2025, 9:45:44 PM GMT+2 [Modules] Streaming discord_voice@2 to /home/migio/.config/discord/0.0.90/modules/pending/discord_voice-2.zip: 23%
4/12/2025, 9:45:44 PM GMT+2 [Modules] Streaming discord_voice@2 to /home/migio/.config/discord/0.0.90/modules/pending/discord_voice-2.zip: 24%
4/12/2025, 9:45:44 PM GMT+2 [Modules] Streaming discord_voice@2 to /home/migio/.config/discord/0.0.90/modules/pending/discord_voice-2.zip: 25%
4/12/2025, 9:45:44 PM GMT+2 [Modules] Streaming discord_voice@2 to /home/migio/.config/discord/0.0.90/modules/pending/discord_voice-2.zip: 26%
4/12/2025, 9:45:44 PM GMT+2 [Modules] Streaming discord_voice@2 to /home/migio/.config/discord/0.0.90/modules/pending/discord_voice-2.zip: 27%
4/12/2025, 9:45:44 PM GMT+2 [Modules] Streaming discord_voice@2 to /home/migio/.config/discord/0.0.90/modules/pending/discord_voice-2.zip: 28%
4/12/2025, 9:45:44 PM GMT+2 [Modules] Streaming discord_voice@2 to /home/migio/.config/discord/0.0.90/modules/pending/discord_voice-2.zip: 29%
4/12/2025, 9:45:44 PM GMT+2 [Modules] Streaming discord_voice@2 to /home/migio/.config/discord/0.0.90/modules/pending/discord_voice-2.zip: 30%
4/12/2025, 9:45:44 PM GMT+2 [Modules] Streaming discord_voice@2 to /home/migio/.config/discord/0.0.90/modules/pending/discord_voice-2.zip: 31%
4/12/2025, 9:45:44 PM GMT+2 [Modules] Streaming discord_voice@2 to /home/migio/.config/discord/0.0.90/modules/pending/discord_voice-2.zip: 32%
4/12/2025, 9:45:44 PM GMT+2 [Modules] Streaming discord_voice@2 to /home/migio/.config/discord/0.0.90/modules/pending/discord_voice-2.zip: 33%
4/12/2025, 9:45:44 PM GMT+2 [Modules] Streaming discord_voice@2 to /home/migio/.config/discord/0.0.90/modules/pending/discord_voice-2.zip: 34%
4/12/2025, 9:45:44 PM GMT+2 [Modules] Streaming discord_voice@2 to /home/migio/.config/discord/0.0.90/modules/pending/discord_voice-2.zip: 35%
4/12/2025, 9:45:44 PM GMT+2 [Modules] Streaming discord_voice@2 to /home/migio/.config/discord/0.0.90/modules/pending/discord_voice-2.zip: 36%
4/12/2025, 9:45:44 PM GMT+2 [Modules] Streaming discord_voice@2 to /home/migio/.config/discord/0.0.90/modules/pending/discord_voice-2.zip: 37%
4/12/2025, 9:45:44 PM GMT+2 [Modules] Streaming discord_voice@2 to /home/migio/.config/discord/0.0.90/modules/pending/discord_voice-2.zip: 38%
4/12/2025, 9:45:44 PM GMT+2 [Modules] Streaming discord_voice@2 to /home/migio/.config/discord/0.0.90/modules/pending/discord_voice-2.zip: 39%
4/12/2025, 9:45:44 PM GMT+2 [Modules] Streaming discord_voice@2 to /home/migio/.config/discord/0.0.90/modules/pending/discord_voice-2.zip: 40%
4/12/2025, 9:45:44 PM GMT+2 [Modules] Streaming discord_voice@2 to /home/migio/.config/discord/0.0.90/modules/pending/discord_voice-2.zip: 41%
4/12/2025, 9:45:44 PM GMT+2 [Modules] Streaming discord_voice@2 to /home/migio/.config/discord/0.0.90/modules/pending/discord_voice-2.zip: 42%
4/12/2025, 9:45:44 PM GMT+2 [Modules] Streaming discord_voice@2 to /home/migio/.config/discord/0.0.90/modules/pending/discord_voice-2.zip: 43%
4/12/2025, 9:45:44 PM GMT+2 [Modules] Streaming discord_voice@2 to /home/migio/.config/discord/0.0.90/modules/pending/discord_voice-2.zip: 44%
4/12/2025, 9:45:44 PM GMT+2 [Modules] Streaming discord_voice@2 to /home/migio/.config/discord/0.0.90/modules/pending/discord_voice-2.zip: 45%
4/12/2025, 9:45:44 PM GMT+2 [Modules] Streaming discord_voice@2 to /home/migio/.config/discord/0.0.90/modules/pending/discord_voice-2.zip: 46%
4/12/2025, 9:45:44 PM GMT+2 [Modules] Streaming discord_voice@2 to /home/migio/.config/discord/0.0.90/modules/pending/discord_voice-2.zip: 47%
4/12/2025, 9:45:44 PM GMT+2 [Modules] Streaming discord_voice@2 to /home/migio/.config/discord/0.0.90/modules/pending/discord_voice-2.zip: 48%
4/12/2025, 9:45:44 PM GMT+2 [Modules] Streaming discord_voice@2 to /home/migio/.config/discord/0.0.90/modules/pending/discord_voice-2.zip: 49%
4/12/2025, 9:45:44 PM GMT+2 [Modules] Streaming discord_voice@2 to /home/migio/.config/discord/0.0.90/modules/pending/discord_voice-2.zip: 50%
4/12/2025, 9:45:44 PM GMT+2 [Modules] Streaming discord_voice@2 to /home/migio/.config/discord/0.0.90/modules/pending/discord_voice-2.zip: 51%
4/12/2025, 9:45:44 PM GMT+2 [Modules] Streaming discord_voice@2 to /home/migio/.config/discord/0.0.90/modules/pending/discord_voice-2.zip: 52%
4/12/2025, 9:45:44 PM GMT+2 [Modules] Streaming discord_voice@2 to /home/migio/.config/discord/0.0.90/modules/pending/discord_voice-2.zip: 53%
4/12/2025, 9:45:44 PM GMT+2 [Modules] Streaming discord_voice@2 to /home/migio/.config/discord/0.0.90/modules/pending/discord_voice-2.zip: 54%
4/12/2025, 9:45:44 PM GMT+2 [Modules] Streaming discord_voice@2 to /home/migio/.config/discord/0.0.90/modules/pending/discord_voice-2.zip: 55%
4/12/2025, 9:45:44 PM GMT+2 [Modules] Streaming discord_voice@2 to /home/migio/.config/discord/0.0.90/modules/pending/discord_voice-2.zip: 56%
4/12/2025, 9:45:44 PM GMT+2 [Modules] Streaming discord_voice@2 to /home/migio/.config/discord/0.0.90/modules/pending/discord_voice-2.zip: 57%
4/12/2025, 9:45:44 PM GMT+2 [Modules] Streaming discord_voice@2 to /home/migio/.config/discord/0.0.90/modules/pending/discord_voice-2.zip: 58%
4/12/2025, 9:45:44 PM GMT+2 [Modules] Streaming discord_voice@2 to /home/migio/.config/discord/0.0.90/modules/pending/discord_voice-2.zip: 59%
4/12/2025, 9:45:44 PM GMT+2 [Modules] Streaming discord_voice@2 to /home/migio/.config/discord/0.0.90/modules/pending/discord_voice-2.zip: 60%
4/12/2025, 9:45:44 PM GMT+2 [Modules] Streaming discord_voice@2 to /home/migio/.config/discord/0.0.90/modules/pending/discord_voice-2.zip: 61%
4/12/2025, 9:45:44 PM GMT+2 [Modules] Streaming discord_voice@2 to /home/migio/.config/discord/0.0.90/modules/pending/discord_voice-2.zip: 62%
4/12/2025, 9:45:44 PM GMT+2 [Modules] Streaming discord_voice@2 to /home/migio/.config/discord/0.0.90/modules/pending/discord_voice-2.zip: 63%
4/12/2025, 9:45:44 PM GMT+2 [Modules] Streaming discord_voice@2 to /home/migio/.config/discord/0.0.90/modules/pending/discord_voice-2.zip: 64%
4/12/2025, 9:45:44 PM GMT+2 [Modules] Streaming discord_voice@2 to /home/migio/.config/discord/0.0.90/modules/pending/discord_voice-2.zip: 65%
4/12/2025, 9:45:44 PM GMT+2 [Modules] Streaming discord_voice@2 to /home/migio/.config/discord/0.0.90/modules/pending/discord_voice-2.zip: 66%
4/12/2025, 9:45:44 PM GMT+2 [Modules] Streaming discord_voice@2 to /home/migio/.config/discord/0.0.90/modules/pending/discord_voice-2.zip: 67%
4/12/2025, 9:45:44 PM GMT+2 [Modules] Streaming discord_voice@2 to /home/migio/.config/discord/0.0.90/modules/pending/discord_voice-2.zip: 68%
4/12/2025, 9:45:44 PM GMT+2 [Modules] Streaming discord_voice@2 to /home/migio/.config/discord/0.0.90/modules/pending/discord_voice-2.zip: 69%
4/12/2025, 9:45:44 PM GMT+2 [Modules] Streaming discord_voice@2 to /home/migio/.config/discord/0.0.90/modules/pending/discord_voice-2.zip: 70%
4/12/2025, 9:45:44 PM GMT+2 [Modules] Streaming discord_voice@2 to /home/migio/.config/discord/0.0.90/modules/pending/discord_voice-2.zip: 71%
4/12/2025, 9:45:44 PM GMT+2 [Modules] Streaming discord_voice@2 to /home/migio/.config/discord/0.0.90/modules/pending/discord_voice-2.zip: 72%
4/12/2025, 9:45:44 PM GMT+2 [Modules] Streaming discord_voice@2 to /home/migio/.config/discord/0.0.90/modules/pending/discord_voice-2.zip: 73%
4/12/2025, 9:45:44 PM GMT+2 [Modules] Streaming discord_voice@2 to /home/migio/.config/discord/0.0.90/modules/pending/discord_voice-2.zip: 74%
4/12/2025, 9:45:44 PM GMT+2 [Modules] Streaming discord_voice@2 to /home/migio/.config/discord/0.0.90/modules/pending/discord_voice-2.zip: 75%
4/12/2025, 9:45:44 PM GMT+2 [Modules] Streaming discord_voice@2 to /home/migio/.config/discord/0.0.90/modules/pending/discord_voice-2.zip: 76%
4/12/2025, 9:45:44 PM GMT+2 [Modules] Streaming discord_voice@2 to /home/migio/.config/discord/0.0.90/modules/pending/discord_voice-2.zip: 77%
4/12/2025, 9:45:44 PM GMT+2 [Modules] Streaming discord_voice@2 to /home/migio/.config/discord/0.0.90/modules/pending/discord_voice-2.zip: 78%
4/12/2025, 9:45:44 PM GMT+2 [Modules] Streaming discord_voice@2 to /home/migio/.config/discord/0.0.90/modules/pending/discord_voice-2.zip: 79%
4/12/2025, 9:45:44 PM GMT+2 [Modules] Streaming discord_voice@2 to /home/migio/.config/discord/0.0.90/modules/pending/discord_voice-2.zip: 80%
4/12/2025, 9:45:44 PM GMT+2 [Modules] Streaming discord_voice@2 to /home/migio/.config/discord/0.0.90/modules/pending/discord_voice-2.zip: 81%
4/12/2025, 9:45:44 PM GMT+2 [Modules] Streaming discord_voice@2 to /home/migio/.config/discord/0.0.90/modules/pending/discord_voice-2.zip: 82%
4/12/2025, 9:45:44 PM GMT+2 [Modules] Streaming discord_voice@2 to /home/migio/.config/discord/0.0.90/modules/pending/discord_voice-2.zip: 83%
4/12/2025, 9:45:44 PM GMT+2 [Modules] Streaming discord_voice@2 to /home/migio/.config/discord/0.0.90/modules/pending/discord_voice-2.zip: 84%
4/12/2025, 9:45:44 PM GMT+2 [Modules] Streaming discord_voice@2 to /home/migio/.config/discord/0.0.90/modules/pending/discord_voice-2.zip: 85%
4/12/2025, 9:45:44 PM GMT+2 [Modules] Streaming discord_voice@2 to /home/migio/.config/discord/0.0.90/modules/pending/discord_voice-2.zip: 86%
4/12/2025, 9:45:44 PM GMT+2 [Modules] Streaming discord_voice@2 to /home/migio/.config/discord/0.0.90/modules/pending/discord_voice-2.zip: 87%
4/12/2025, 9:45:44 PM GMT+2 [Modules] Streaming discord_voice@2 to /home/migio/.config/discord/0.0.90/modules/pending/discord_voice-2.zip: 88%
4/12/2025, 9:45:44 PM GMT+2 [Modules] Streaming discord_voice@2 to /home/migio/.config/discord/0.0.90/modules/pending/discord_voice-2.zip: 89%
4/12/2025, 9:45:44 PM GMT+2 [Modules] Streaming discord_voice@2 to /home/migio/.config/discord/0.0.90/modules/pending/discord_voice-2.zip: 90%
4/12/2025, 9:45:44 PM GMT+2 [Modules] Streaming discord_voice@2 to /home/migio/.config/discord/0.0.90/modules/pending/discord_voice-2.zip: 91%
4/12/2025, 9:45:44 PM GMT+2 [Modules] Streaming discord_voice@2 to /home/migio/.config/discord/0.0.90/modules/pending/discord_voice-2.zip: 92%
4/12/2025, 9:45:44 PM GMT+2 [Modules] Streaming discord_voice@2 to /home/migio/.config/discord/0.0.90/modules/pending/discord_voice-2.zip: 93%
4/12/2025, 9:45:44 PM GMT+2 [Modules] Streaming discord_voice@2 to /home/migio/.config/discord/0.0.90/modules/pending/discord_voice-2.zip: 94%
4/12/2025, 9:45:44 PM GMT+2 [Modules] Streaming discord_voice@2 to /home/migio/.config/discord/0.0.90/modules/pending/discord_voice-2.zip: 95%
4/12/2025, 9:45:44 PM GMT+2 [Modules] Streaming discord_voice@2 to /home/migio/.config/discord/0.0.90/modules/pending/discord_voice-2.zip: 96%
4/12/2025, 9:45:44 PM GMT+2 [Modules] Streaming discord_voice@2 to /home/migio/.config/discord/0.0.90/modules/pending/discord_voice-2.zip: 97%
4/12/2025, 9:45:44 PM GMT+2 [Modules] Streaming discord_voice@2 to /home/migio/.config/discord/0.0.90/modules/pending/discord_voice-2.zip: 98%
4/12/2025, 9:45:44 PM GMT+2 [Modules] Streaming discord_voice@2 to /home/migio/.config/discord/0.0.90/modules/pending/discord_voice-2.zip: 99%
4/12/2025, 9:45:44 PM GMT+2 [Modules] Streaming discord_voice@2 to /home/migio/.config/discord/0.0.90/modules/pending/discord_voice-2.zip: 100%
4/12/2025, 9:45:44 PM GMT+2 [Modules] Fetching discord_zstd@1 from https://discord.com/api/modules/stable/discord_zstd/1
4/12/2025, 9:45:44 PM GMT+2 [Modules] Streaming discord_zstd@1 to /home/migio/.config/discord/0.0.90/modules/pending/discord_zstd-1.zip
4/12/2025, 9:45:45 PM GMT+2 [Modules] Streaming discord_zstd@1 to /home/migio/.config/discord/0.0.90/modules/pending/discord_zstd-1.zip: 8%
4/12/2025, 9:45:45 PM GMT+2 [Modules] Streaming discord_zstd@1 to /home/migio/.config/discord/0.0.90/modules/pending/discord_zstd-1.zip: 10%
4/12/2025, 9:45:45 PM GMT+2 [Modules] Streaming discord_zstd@1 to /home/migio/.config/discord/0.0.90/modules/pending/discord_zstd-1.zip: 11%
4/12/2025, 9:45:45 PM GMT+2 [Modules] Streaming discord_zstd@1 to /home/migio/.config/discord/0.0.90/modules/pending/discord_zstd-1.zip: 36%
4/12/2025, 9:45:45 PM GMT+2 [Modules] Streaming discord_zstd@1 to /home/migio/.config/discord/0.0.90/modules/pending/discord_zstd-1.zip: 46%
4/12/2025, 9:45:45 PM GMT+2 [Modules] Streaming discord_zstd@1 to /home/migio/.config/discord/0.0.90/modules/pending/discord_zstd-1.zip: 74%
4/12/2025, 9:45:45 PM GMT+2 [Modules] Streaming discord_zstd@1 to /home/migio/.config/discord/0.0.90/modules/pending/discord_zstd-1.zip: 78%
4/12/2025, 9:45:45 PM GMT+2 [Modules] Streaming discord_zstd@1 to /home/migio/.config/discord/0.0.90/modules/pending/discord_zstd-1.zip: 88%
4/12/2025, 9:45:45 PM GMT+2 [Modules] Streaming discord_zstd@1 to /home/migio/.config/discord/0.0.90/modules/pending/discord_zstd-1.zip: 100%
4/12/2025, 9:45:45 PM GMT+2 [Modules] Finished module downloads. [success: 6] [failure: 0]
4/12/2025, 9:45:45 PM GMT+2 [Modules] Installing updates...
4/12/2025, 9:45:45 PM GMT+2 [Modules] Installing discord_desktop_core@2 from /home/migio/.config/discord/0.0.90/modules/pending/discord_desktop_core-2.zip
4/12/2025, 9:45:45 PM GMT+2 [Modules] Installing discord_erlpack@1 from /home/migio/.config/discord/0.0.90/modules/pending/discord_erlpack-1.zip
4/12/2025, 9:45:45 PM GMT+2 [Modules] Installing discord_spellcheck@1 from /home/migio/.config/discord/0.0.90/modules/pending/discord_spellcheck-1.zip
4/12/2025, 9:45:46 PM GMT+2 [Modules] Installing discord_utils@2 from /home/migio/.config/discord/0.0.90/modules/pending/discord_utils-2.zip
4/12/2025, 9:45:46 PM GMT+2 [Modules] Installing discord_voice@2 from /home/migio/.config/discord/0.0.90/modules/pending/discord_voice-2.zip
4/12/2025, 9:45:47 PM GMT+2 [Modules] Installing discord_zstd@1 from /home/migio/.config/discord/0.0.90/modules/pending/discord_zstd-1.zip
4/12/2025, 9:45:47 PM GMT+2 [Modules] Finished module installations. [success: 6] [failure: 0]
4/12/2025, 9:45:47 PM GMT+2 [Modules] Host is up to date.
4/12/2025, 9:45:47 PM GMT+2 [Modules] Checking for module updates at https://discord.com/api/modules/stable/versions.json
4/12/2025, 9:45:47 PM GMT+2 [Modules] No module updates available.
4/12/2025, 9:45:49 PM GMT+2 [Modules] Starting to install discord_krisp...
4/12/2025, 9:45:49 PM GMT+2 [Modules] Fetching discord_krisp@1 from https://discord.com/api/modules/stable/discord_krisp/1
4/12/2025, 9:45:49 PM GMT+2 [Modules] Streaming discord_krisp@1 to /home/migio/.config/discord/0.0.90/modules/pending/discord_krisp-1.zip
4/12/2025, 9:45:49 PM GMT+2 [Modules] Starting to install discord_game_utils...
4/12/2025, 9:45:49 PM GMT+2 [Modules] Streaming discord_krisp@1 to /home/migio/.config/discord/0.0.90/modules/pending/discord_krisp-1.zip: 1%
4/12/2025, 9:45:49 PM GMT+2 [Modules] Streaming discord_krisp@1 to /home/migio/.config/discord/0.0.90/modules/pending/discord_krisp-1.zip: 2%
4/12/2025, 9:45:49 PM GMT+2 [Modules] Streaming discord_krisp@1 to /home/migio/.config/discord/0.0.90/modules/pending/discord_krisp-1.zip: 3%
4/12/2025, 9:45:49 PM GMT+2 [Modules] Streaming discord_krisp@1 to /home/migio/.config/discord/0.0.90/modules/pending/discord_krisp-1.zip: 4%
4/12/2025, 9:45:49 PM GMT+2 [Modules] Streaming discord_krisp@1 to /home/migio/.config/discord/0.0.90/modules/pending/discord_krisp-1.zip: 5%
4/12/2025, 9:45:49 PM GMT+2 [Modules] Streaming discord_krisp@1 to /home/migio/.config/discord/0.0.90/modules/pending/discord_krisp-1.zip: 6%
4/12/2025, 9:45:50 PM GMT+2 [Modules] Streaming discord_krisp@1 to /home/migio/.config/discord/0.0.90/modules/pending/discord_krisp-1.zip: 7%
4/12/2025, 9:45:50 PM GMT+2 [Modules] Streaming discord_krisp@1 to /home/migio/.config/discord/0.0.90/modules/pending/discord_krisp-1.zip: 8%
4/12/2025, 9:45:50 PM GMT+2 [Modules] Streaming discord_krisp@1 to /home/migio/.config/discord/0.0.90/modules/pending/discord_krisp-1.zip: 9%
4/12/2025, 9:45:50 PM GMT+2 [Modules] Streaming discord_krisp@1 to /home/migio/.config/discord/0.0.90/modules/pending/discord_krisp-1.zip: 10%
4/12/2025, 9:45:50 PM GMT+2 [Modules] Streaming discord_krisp@1 to /home/migio/.config/discord/0.0.90/modules/pending/discord_krisp-1.zip: 11%
4/12/2025, 9:45:50 PM GMT+2 [Modules] Streaming discord_krisp@1 to /home/migio/.config/discord/0.0.90/modules/pending/discord_krisp-1.zip: 12%
4/12/2025, 9:45:50 PM GMT+2 [Modules] Streaming discord_krisp@1 to /home/migio/.config/discord/0.0.90/modules/pending/discord_krisp-1.zip: 13%
4/12/2025, 9:45:50 PM GMT+2 [Modules] Streaming discord_krisp@1 to /home/migio/.config/discord/0.0.90/modules/pending/discord_krisp-1.zip: 14%
4/12/2025, 9:45:50 PM GMT+2 [Modules] Streaming discord_krisp@1 to /home/migio/.config/discord/0.0.90/modules/pending/discord_krisp-1.zip: 15%
4/12/2025, 9:45:50 PM GMT+2 [Modules] Streaming discord_krisp@1 to /home/migio/.config/discord/0.0.90/modules/pending/discord_krisp-1.zip: 16%
4/12/2025, 9:45:50 PM GMT+2 [Modules] Streaming discord_krisp@1 to /home/migio/.config/discord/0.0.90/modules/pending/discord_krisp-1.zip: 17%
4/12/2025, 9:45:50 PM GMT+2 [Modules] Streaming discord_krisp@1 to /home/migio/.config/discord/0.0.90/modules/pending/discord_krisp-1.zip: 18%
4/12/2025, 9:45:50 PM GMT+2 [Modules] Streaming discord_krisp@1 to /home/migio/.config/discord/0.0.90/modules/pending/discord_krisp-1.zip: 19%
4/12/2025, 9:45:50 PM GMT+2 [Modules] Streaming discord_krisp@1 to /home/migio/.config/discord/0.0.90/modules/pending/discord_krisp-1.zip: 21%
4/12/2025, 9:45:50 PM GMT+2 [Modules] Streaming discord_krisp@1 to /home/migio/.config/discord/0.0.90/modules/pending/discord_krisp-1.zip: 23%
4/12/2025, 9:45:50 PM GMT+2 [Modules] Streaming discord_krisp@1 to /home/migio/.config/discord/0.0.90/modules/pending/discord_krisp-1.zip: 24%
4/12/2025, 9:45:50 PM GMT+2 [Modules] Streaming discord_krisp@1 to /home/migio/.config/discord/0.0.90/modules/pending/discord_krisp-1.zip: 25%
4/12/2025, 9:45:50 PM GMT+2 [Modules] Streaming discord_krisp@1 to /home/migio/.config/discord/0.0.90/modules/pending/discord_krisp-1.zip: 26%
4/12/2025, 9:45:50 PM GMT+2 [Modules] Streaming discord_krisp@1 to /home/migio/.config/discord/0.0.90/modules/pending/discord_krisp-1.zip: 27%
4/12/2025, 9:45:50 PM GMT+2 [Modules] Streaming discord_krisp@1 to /home/migio/.config/discord/0.0.90/modules/pending/discord_krisp-1.zip: 28%
4/12/2025, 9:45:50 PM GMT+2 [Modules] Streaming discord_krisp@1 to /home/migio/.config/discord/0.0.90/modules/pending/discord_krisp-1.zip: 29%
4/12/2025, 9:45:50 PM GMT+2 [Modules] Streaming discord_krisp@1 to /home/migio/.config/discord/0.0.90/modules/pending/discord_krisp-1.zip: 30%
4/12/2025, 9:45:50 PM GMT+2 [Modules] Streaming discord_krisp@1 to /home/migio/.config/discord/0.0.90/modules/pending/discord_krisp-1.zip: 31%
4/12/2025, 9:45:50 PM GMT+2 [Modules] Streaming discord_krisp@1 to /home/migio/.config/discord/0.0.90/modules/pending/discord_krisp-1.zip: 32%
4/12/2025, 9:45:50 PM GMT+2 [Modules] Streaming discord_krisp@1 to /home/migio/.config/discord/0.0.90/modules/pending/discord_krisp-1.zip: 33%
4/12/2025, 9:45:50 PM GMT+2 [Modules] Streaming discord_krisp@1 to /home/migio/.config/discord/0.0.90/modules/pending/discord_krisp-1.zip: 34%
4/12/2025, 9:45:50 PM GMT+2 [Modules] Host is up to date.
4/12/2025, 9:45:50 PM GMT+2 [Modules] Checking for module updates at https://discord.com/api/modules/stable/versions.json
4/12/2025, 9:45:50 PM GMT+2 [Modules] Streaming discord_krisp@1 to /home/migio/.config/discord/0.0.90/modules/pending/discord_krisp-1.zip: 36%
4/12/2025, 9:45:50 PM GMT+2 [Modules] No module updates available.
4/12/2025, 9:45:50 PM GMT+2 [Modules] Streaming discord_krisp@1 to /home/migio/.config/discord/0.0.90/modules/pending/discord_krisp-1.zip: 37%
4/12/2025, 9:45:50 PM GMT+2 [Modules] Streaming discord_krisp@1 to /home/migio/.config/discord/0.0.90/modules/pending/discord_krisp-1.zip: 38%
4/12/2025, 9:45:50 PM GMT+2 [Modules] Streaming discord_krisp@1 to /home/migio/.config/discord/0.0.90/modules/pending/discord_krisp-1.zip: 39%
4/12/2025, 9:45:50 PM GMT+2 [Modules] Streaming discord_krisp@1 to /home/migio/.config/discord/0.0.90/modules/pending/discord_krisp-1.zip: 40%
4/12/2025, 9:45:50 PM GMT+2 [Modules] Streaming discord_krisp@1 to /home/migio/.config/discord/0.0.90/modules/pending/discord_krisp-1.zip: 41%
4/12/2025, 9:45:50 PM GMT+2 [Modules] Streaming discord_krisp@1 to /home/migio/.config/discord/0.0.90/modules/pending/discord_krisp-1.zip: 42%
4/12/2025, 9:45:50 PM GMT+2 [Modules] Streaming discord_krisp@1 to /home/migio/.config/discord/0.0.90/modules/pending/discord_krisp-1.zip: 43%
4/12/2025, 9:45:50 PM GMT+2 [Modules] Streaming discord_krisp@1 to /home/migio/.config/discord/0.0.90/modules/pending/discord_krisp-1.zip: 44%
4/12/2025, 9:45:50 PM GMT+2 [Modules] Streaming discord_krisp@1 to /home/migio/.config/discord/0.0.90/modules/pending/discord_krisp-1.zip: 45%
4/12/2025, 9:45:50 PM GMT+2 [Modules] Streaming discord_krisp@1 to /home/migio/.config/discord/0.0.90/modules/pending/discord_krisp-1.zip: 46%
4/12/2025, 9:45:50 PM GMT+2 [Modules] Streaming discord_krisp@1 to /home/migio/.config/discord/0.0.90/modules/pending/discord_krisp-1.zip: 47%
4/12/2025, 9:45:50 PM GMT+2 [Modules] Streaming discord_krisp@1 to /home/migio/.config/discord/0.0.90/modules/pending/discord_krisp-1.zip: 48%
4/12/2025, 9:45:50 PM GMT+2 [Modules] Streaming discord_krisp@1 to /home/migio/.config/discord/0.0.90/modules/pending/discord_krisp-1.zip: 49%
4/12/2025, 9:45:50 PM GMT+2 [Modules] Streaming discord_krisp@1 to /home/migio/.config/discord/0.0.90/modules/pending/discord_krisp-1.zip: 50%
4/12/2025, 9:45:50 PM GMT+2 [Modules] Streaming discord_krisp@1 to /home/migio/.config/discord/0.0.90/modules/pending/discord_krisp-1.zip: 51%
4/12/2025, 9:45:50 PM GMT+2 [Modules] Streaming discord_krisp@1 to /home/migio/.config/discord/0.0.90/modules/pending/discord_krisp-1.zip: 52%
4/12/2025, 9:45:50 PM GMT+2 [Modules] Streaming discord_krisp@1 to /home/migio/.config/discord/0.0.90/modules/pending/discord_krisp-1.zip: 53%
4/12/2025, 9:45:50 PM GMT+2 [Modules] Streaming discord_krisp@1 to /home/migio/.config/discord/0.0.90/modules/pending/discord_krisp-1.zip: 54%
4/12/2025, 9:45:50 PM GMT+2 [Modules] Streaming discord_krisp@1 to /home/migio/.config/discord/0.0.90/modules/pending/discord_krisp-1.zip: 55%
4/12/2025, 9:45:50 PM GMT+2 [Modules] Streaming discord_krisp@1 to /home/migio/.config/discord/0.0.90/modules/pending/discord_krisp-1.zip: 56%
4/12/2025, 9:45:50 PM GMT+2 [Modules] Streaming discord_krisp@1 to /home/migio/.config/discord/0.0.90/modules/pending/discord_krisp-1.zip: 57%
4/12/2025, 9:45:50 PM GMT+2 [Modules] Streaming discord_krisp@1 to /home/migio/.config/discord/0.0.90/modules/pending/discord_krisp-1.zip: 58%
4/12/2025, 9:45:50 PM GMT+2 [Modules] Streaming discord_krisp@1 to /home/migio/.config/discord/0.0.90/modules/pending/discord_krisp-1.zip: 59%
4/12/2025, 9:45:50 PM GMT+2 [Modules] Streaming discord_krisp@1 to /home/migio/.config/discord/0.0.90/modules/pending/discord_krisp-1.zip: 60%
4/12/2025, 9:45:50 PM GMT+2 [Modules] Streaming discord_krisp@1 to /home/migio/.config/discord/0.0.90/modules/pending/discord_krisp-1.zip: 61%
4/12/2025, 9:45:50 PM GMT+2 [Modules] Streaming discord_krisp@1 to /home/migio/.config/discord/0.0.90/modules/pending/discord_krisp-1.zip: 62%
4/12/2025, 9:45:50 PM GMT+2 [Modules] Streaming discord_krisp@1 to /home/migio/.config/discord/0.0.90/modules/pending/discord_krisp-1.zip: 64%
4/12/2025, 9:45:50 PM GMT+2 [Modules] Streaming discord_krisp@1 to /home/migio/.config/discord/0.0.90/modules/pending/discord_krisp-1.zip: 65%
4/12/2025, 9:45:50 PM GMT+2 [Modules] Streaming discord_krisp@1 to /home/migio/.config/discord/0.0.90/modules/pending/discord_krisp-1.zip: 66%
4/12/2025, 9:45:50 PM GMT+2 [Modules] Streaming discord_krisp@1 to /home/migio/.config/discord/0.0.90/modules/pending/discord_krisp-1.zip: 67%
4/12/2025, 9:45:50 PM GMT+2 [Modules] Streaming discord_krisp@1 to /home/migio/.config/discord/0.0.90/modules/pending/discord_krisp-1.zip: 68%
4/12/2025, 9:45:50 PM GMT+2 [Modules] Streaming discord_krisp@1 to /home/migio/.config/discord/0.0.90/modules/pending/discord_krisp-1.zip: 69%
4/12/2025, 9:45:50 PM GMT+2 [Modules] Streaming discord_krisp@1 to /home/migio/.config/discord/0.0.90/modules/pending/discord_krisp-1.zip: 70%
4/12/2025, 9:45:50 PM GMT+2 [Modules] Streaming discord_krisp@1 to /home/migio/.config/discord/0.0.90/modules/pending/discord_krisp-1.zip: 71%
4/12/2025, 9:45:50 PM GMT+2 [Modules] Streaming discord_krisp@1 to /home/migio/.config/discord/0.0.90/modules/pending/discord_krisp-1.zip: 72%
4/12/2025, 9:45:50 PM GMT+2 [Modules] Streaming discord_krisp@1 to /home/migio/.config/discord/0.0.90/modules/pending/discord_krisp-1.zip: 73%
4/12/2025, 9:45:50 PM GMT+2 [Modules] Streaming discord_krisp@1 to /home/migio/.config/discord/0.0.90/modules/pending/discord_krisp-1.zip: 74%
4/12/2025, 9:45:50 PM GMT+2 [Modules] Streaming discord_krisp@1 to /home/migio/.config/discord/0.0.90/modules/pending/discord_krisp-1.zip: 75%
4/12/2025, 9:45:50 PM GMT+2 [Modules] Streaming discord_krisp@1 to /home/migio/.config/discord/0.0.90/modules/pending/discord_krisp-1.zip: 76%
4/12/2025, 9:45:50 PM GMT+2 [Modules] Streaming discord_krisp@1 to /home/migio/.config/discord/0.0.90/modules/pending/discord_krisp-1.zip: 77%
4/12/2025, 9:45:50 PM GMT+2 [Modules] Host is up to date.
4/12/2025, 9:45:50 PM GMT+2 [Modules] Checking for module updates at https://discord.com/api/modules/stable/versions.json
4/12/2025, 9:45:50 PM GMT+2 [Modules] No module updates available.
4/12/2025, 9:45:50 PM GMT+2 [Modules] Streaming discord_krisp@1 to /home/migio/.config/discord/0.0.90/modules/pending/discord_krisp-1.zip: 78%
4/12/2025, 9:45:50 PM GMT+2 [Modules] Streaming discord_krisp@1 to /home/migio/.config/discord/0.0.90/modules/pending/discord_krisp-1.zip: 79%
4/12/2025, 9:45:50 PM GMT+2 [Modules] Streaming discord_krisp@1 to /home/migio/.config/discord/0.0.90/modules/pending/discord_krisp-1.zip: 80%
4/12/2025, 9:45:50 PM GMT+2 [Modules] Streaming discord_krisp@1 to /home/migio/.config/discord/0.0.90/modules/pending/discord_krisp-1.zip: 81%
4/12/2025, 9:45:50 PM GMT+2 [Modules] Streaming discord_krisp@1 to /home/migio/.config/discord/0.0.90/modules/pending/discord_krisp-1.zip: 82%
4/12/2025, 9:45:51 PM GMT+2 [Modules] Streaming discord_krisp@1 to /home/migio/.config/discord/0.0.90/modules/pending/discord_krisp-1.zip: 83%
4/12/2025, 9:45:51 PM GMT+2 [Modules] Streaming discord_krisp@1 to /home/migio/.config/discord/0.0.90/modules/pending/discord_krisp-1.zip: 84%
4/12/2025, 9:45:51 PM GMT+2 [Modules] Streaming discord_krisp@1 to /home/migio/.config/discord/0.0.90/modules/pending/discord_krisp-1.zip: 85%
4/12/2025, 9:45:51 PM GMT+2 [Modules] Streaming discord_krisp@1 to /home/migio/.config/discord/0.0.90/modules/pending/discord_krisp-1.zip: 86%
4/12/2025, 9:45:51 PM GMT+2 [Modules] Starting to install discord_rpc...
4/12/2025, 9:45:51 PM GMT+2 [Modules] Streaming discord_krisp@1 to /home/migio/.config/discord/0.0.90/modules/pending/discord_krisp-1.zip: 87%
4/12/2025, 9:45:51 PM GMT+2 [Modules] Streaming discord_krisp@1 to /home/migio/.config/discord/0.0.90/modules/pending/discord_krisp-1.zip: 88%
4/12/2025, 9:45:51 PM GMT+2 [Modules] Streaming discord_krisp@1 to /home/migio/.config/discord/0.0.90/modules/pending/discord_krisp-1.zip: 89%
4/12/2025, 9:45:51 PM GMT+2 [Modules] Streaming discord_krisp@1 to /home/migio/.config/discord/0.0.90/modules/pending/discord_krisp-1.zip: 92%
4/12/2025, 9:45:51 PM GMT+2 [Modules] Streaming discord_krisp@1 to /home/migio/.config/discord/0.0.90/modules/pending/discord_krisp-1.zip: 100%
4/12/2025, 9:45:51 PM GMT+2 [Modules] Fetching discord_game_utils@1 from https://discord.com/api/modules/stable/discord_game_utils/1
4/12/2025, 9:45:51 PM GMT+2 [Modules] Streaming discord_game_utils@1 to /home/migio/.config/discord/0.0.90/modules/pending/discord_game_utils-1.zip
4/12/2025, 9:45:51 PM GMT+2 [Modules] Installing discord_krisp@1 from /home/migio/.config/discord/0.0.90/modules/pending/discord_krisp-1.zip
4/12/2025, 9:45:51 PM GMT+2 [Modules] Streaming discord_game_utils@1 to /home/migio/.config/discord/0.0.90/modules/pending/discord_game_utils-1.zip: 3%
4/12/2025, 9:45:51 PM GMT+2 [Modules] Streaming discord_game_utils@1 to /home/migio/.config/discord/0.0.90/modules/pending/discord_game_utils-1.zip: 4%
4/12/2025, 9:45:51 PM GMT+2 [Modules] Streaming discord_game_utils@1 to /home/migio/.config/discord/0.0.90/modules/pending/discord_game_utils-1.zip: 6%
4/12/2025, 9:45:51 PM GMT+2 [Modules] Streaming discord_game_utils@1 to /home/migio/.config/discord/0.0.90/modules/pending/discord_game_utils-1.zip: 7%
4/12/2025, 9:45:51 PM GMT+2 [Modules] Streaming discord_game_utils@1 to /home/migio/.config/discord/0.0.90/modules/pending/discord_game_utils-1.zip: 8%
4/12/2025, 9:45:51 PM GMT+2 [Modules] Streaming discord_game_utils@1 to /home/migio/.config/discord/0.0.90/modules/pending/discord_game_utils-1.zip: 11%
4/12/2025, 9:45:51 PM GMT+2 [Modules] Streaming discord_game_utils@1 to /home/migio/.config/discord/0.0.90/modules/pending/discord_game_utils-1.zip: 12%
4/12/2025, 9:45:51 PM GMT+2 [Modules] Streaming discord_game_utils@1 to /home/migio/.config/discord/0.0.90/modules/pending/discord_game_utils-1.zip: 15%
4/12/2025, 9:45:51 PM GMT+2 [Modules] Streaming discord_game_utils@1 to /home/migio/.config/discord/0.0.90/modules/pending/discord_game_utils-1.zip: 16%
4/12/2025, 9:45:51 PM GMT+2 [Modules] Streaming discord_game_utils@1 to /home/migio/.config/discord/0.0.90/modules/pending/discord_game_utils-1.zip: 17%
4/12/2025, 9:45:51 PM GMT+2 [Modules] Streaming discord_game_utils@1 to /home/migio/.config/discord/0.0.90/modules/pending/discord_game_utils-1.zip: 19%
4/12/2025, 9:45:51 PM GMT+2 [Modules] Streaming discord_game_utils@1 to /home/migio/.config/discord/0.0.90/modules/pending/discord_game_utils-1.zip: 21%
4/12/2025, 9:45:51 PM GMT+2 [Modules] Streaming discord_game_utils@1 to /home/migio/.config/discord/0.0.90/modules/pending/discord_game_utils-1.zip: 22%
4/12/2025, 9:45:51 PM GMT+2 [Modules] Streaming discord_game_utils@1 to /home/migio/.config/discord/0.0.90/modules/pending/discord_game_utils-1.zip: 25%
4/12/2025, 9:45:51 PM GMT+2 [Modules] Streaming discord_game_utils@1 to /home/migio/.config/discord/0.0.90/modules/pending/discord_game_utils-1.zip: 26%
4/12/2025, 9:45:51 PM GMT+2 [Modules] Streaming discord_game_utils@1 to /home/migio/.config/discord/0.0.90/modules/pending/discord_game_utils-1.zip: 29%
4/12/2025, 9:45:51 PM GMT+2 [Modules] Streaming discord_game_utils@1 to /home/migio/.config/discord/0.0.90/modules/pending/discord_game_utils-1.zip: 30%
4/12/2025, 9:45:51 PM GMT+2 [Modules] Streaming discord_game_utils@1 to /home/migio/.config/discord/0.0.90/modules/pending/discord_game_utils-1.zip: 31%
4/12/2025, 9:45:51 PM GMT+2 [Modules] Streaming discord_game_utils@1 to /home/migio/.config/discord/0.0.90/modules/pending/discord_game_utils-1.zip: 33%
4/12/2025, 9:45:51 PM GMT+2 [Modules] Streaming discord_game_utils@1 to /home/migio/.config/discord/0.0.90/modules/pending/discord_game_utils-1.zip: 34%
4/12/2025, 9:45:51 PM GMT+2 [Modules] Streaming discord_game_utils@1 to /home/migio/.config/discord/0.0.90/modules/pending/discord_game_utils-1.zip: 36%
4/12/2025, 9:45:51 PM GMT+2 [Modules] Streaming discord_game_utils@1 to /home/migio/.config/discord/0.0.90/modules/pending/discord_game_utils-1.zip: 37%
4/12/2025, 9:45:51 PM GMT+2 [Modules] Streaming discord_game_utils@1 to /home/migio/.config/discord/0.0.90/modules/pending/discord_game_utils-1.zip: 38%
4/12/2025, 9:45:51 PM GMT+2 [Modules] Streaming discord_game_utils@1 to /home/migio/.config/discord/0.0.90/modules/pending/discord_game_utils-1.zip: 40%
4/12/2025, 9:45:51 PM GMT+2 [Modules] Streaming discord_game_utils@1 to /home/migio/.config/discord/0.0.90/modules/pending/discord_game_utils-1.zip: 41%
4/12/2025, 9:45:51 PM GMT+2 [Modules] Streaming discord_game_utils@1 to /home/migio/.config/discord/0.0.90/modules/pending/discord_game_utils-1.zip: 43%
4/12/2025, 9:45:51 PM GMT+2 [Modules] Streaming discord_game_utils@1 to /home/migio/.config/discord/0.0.90/modules/pending/discord_game_utils-1.zip: 44%
4/12/2025, 9:45:51 PM GMT+2 [Modules] Streaming discord_game_utils@1 to /home/migio/.config/discord/0.0.90/modules/pending/discord_game_utils-1.zip: 45%
4/12/2025, 9:45:51 PM GMT+2 [Modules] Streaming discord_game_utils@1 to /home/migio/.config/discord/0.0.90/modules/pending/discord_game_utils-1.zip: 46%
4/12/2025, 9:45:51 PM GMT+2 [Modules] Streaming discord_game_utils@1 to /home/migio/.config/discord/0.0.90/modules/pending/discord_game_utils-1.zip: 48%
4/12/2025, 9:45:51 PM GMT+2 [Modules] Streaming discord_game_utils@1 to /home/migio/.config/discord/0.0.90/modules/pending/discord_game_utils-1.zip: 50%
4/12/2025, 9:45:51 PM GMT+2 [Modules] Streaming discord_game_utils@1 to /home/migio/.config/discord/0.0.90/modules/pending/discord_game_utils-1.zip: 52%
4/12/2025, 9:45:51 PM GMT+2 [Modules] Streaming discord_game_utils@1 to /home/migio/.config/discord/0.0.90/modules/pending/discord_game_utils-1.zip: 53%
4/12/2025, 9:45:51 PM GMT+2 [Modules] Streaming discord_game_utils@1 to /home/migio/.config/discord/0.0.90/modules/pending/discord_game_utils-1.zip: 54%
4/12/2025, 9:45:51 PM GMT+2 [Modules] Streaming discord_game_utils@1 to /home/migio/.config/discord/0.0.90/modules/pending/discord_game_utils-1.zip: 55%
4/12/2025, 9:45:51 PM GMT+2 [Modules] Streaming discord_game_utils@1 to /home/migio/.config/discord/0.0.90/modules/pending/discord_game_utils-1.zip: 57%
4/12/2025, 9:45:51 PM GMT+2 [Modules] Streaming discord_game_utils@1 to /home/migio/.config/discord/0.0.90/modules/pending/discord_game_utils-1.zip: 58%
4/12/2025, 9:45:51 PM GMT+2 [Modules] Streaming discord_game_utils@1 to /home/migio/.config/discord/0.0.90/modules/pending/discord_game_utils-1.zip: 60%
4/12/2025, 9:45:51 PM GMT+2 [Modules] Streaming discord_game_utils@1 to /home/migio/.config/discord/0.0.90/modules/pending/discord_game_utils-1.zip: 61%
4/12/2025, 9:45:51 PM GMT+2 [Modules] Streaming discord_game_utils@1 to /home/migio/.config/discord/0.0.90/modules/pending/discord_game_utils-1.zip: 65%
4/12/2025, 9:45:51 PM GMT+2 [Modules] Streaming discord_game_utils@1 to /home/migio/.config/discord/0.0.90/modules/pending/discord_game_utils-1.zip: 67%
4/12/2025, 9:45:51 PM GMT+2 [Modules] Streaming discord_game_utils@1 to /home/migio/.config/discord/0.0.90/modules/pending/discord_game_utils-1.zip: 68%
4/12/2025, 9:45:51 PM GMT+2 [Modules] Streaming discord_game_utils@1 to /home/migio/.config/discord/0.0.90/modules/pending/discord_game_utils-1.zip: 70%
4/12/2025, 9:45:51 PM GMT+2 [Modules] Streaming discord_game_utils@1 to /home/migio/.config/discord/0.0.90/modules/pending/discord_game_utils-1.zip: 72%
4/12/2025, 9:45:51 PM GMT+2 [Modules] Streaming discord_game_utils@1 to /home/migio/.config/discord/0.0.90/modules/pending/discord_game_utils-1.zip: 73%
4/12/2025, 9:45:51 PM GMT+2 [Modules] Streaming discord_game_utils@1 to /home/migio/.config/discord/0.0.90/modules/pending/discord_game_utils-1.zip: 74%
4/12/2025, 9:45:51 PM GMT+2 [Modules] Streaming discord_game_utils@1 to /home/migio/.config/discord/0.0.90/modules/pending/discord_game_utils-1.zip: 75%
4/12/2025, 9:45:51 PM GMT+2 [Modules] Streaming discord_game_utils@1 to /home/migio/.config/discord/0.0.90/modules/pending/discord_game_utils-1.zip: 77%
4/12/2025, 9:45:51 PM GMT+2 [Modules] Streaming discord_game_utils@1 to /home/migio/.config/discord/0.0.90/modules/pending/discord_game_utils-1.zip: 81%
4/12/2025, 9:45:51 PM GMT+2 [Modules] Streaming discord_game_utils@1 to /home/migio/.config/discord/0.0.90/modules/pending/discord_game_utils-1.zip: 83%
4/12/2025, 9:45:51 PM GMT+2 [Modules] Streaming discord_game_utils@1 to /home/migio/.config/discord/0.0.90/modules/pending/discord_game_utils-1.zip: 84%
4/12/2025, 9:45:51 PM GMT+2 [Modules] Streaming discord_game_utils@1 to /home/migio/.config/discord/0.0.90/modules/pending/discord_game_utils-1.zip: 86%
4/12/2025, 9:45:51 PM GMT+2 [Modules] Streaming discord_game_utils@1 to /home/migio/.config/discord/0.0.90/modules/pending/discord_game_utils-1.zip: 87%
4/12/2025, 9:45:51 PM GMT+2 [Modules] Streaming discord_game_utils@1 to /home/migio/.config/discord/0.0.90/modules/pending/discord_game_utils-1.zip: 89%
4/12/2025, 9:45:51 PM GMT+2 [Modules] Streaming discord_game_utils@1 to /home/migio/.config/discord/0.0.90/modules/pending/discord_game_utils-1.zip: 91%
4/12/2025, 9:45:51 PM GMT+2 [Modules] Streaming discord_game_utils@1 to /home/migio/.config/discord/0.0.90/modules/pending/discord_game_utils-1.zip: 92%
4/12/2025, 9:45:51 PM GMT+2 [Modules] Streaming discord_game_utils@1 to /home/migio/.config/discord/0.0.90/modules/pending/discord_game_utils-1.zip: 94%
4/12/2025, 9:45:51 PM GMT+2 [Modules] Streaming discord_game_utils@1 to /home/migio/.config/discord/0.0.90/modules/pending/discord_game_utils-1.zip: 95%
4/12/2025, 9:45:51 PM GMT+2 [Modules] Streaming discord_game_utils@1 to /home/migio/.config/discord/0.0.90/modules/pending/discord_game_utils-1.zip: 96%
4/12/2025, 9:45:51 PM GMT+2 [Modules] Streaming discord_game_utils@1 to /home/migio/.config/discord/0.0.90/modules/pending/discord_game_utils-1.zip: 98%
4/12/2025, 9:45:51 PM GMT+2 [Modules] Streaming discord_game_utils@1 to /home/migio/.config/discord/0.0.90/modules/pending/discord_game_utils-1.zip: 99%
4/12/2025, 9:45:51 PM GMT+2 [Modules] Streaming discord_game_utils@1 to /home/migio/.config/discord/0.0.90/modules/pending/discord_game_utils-1.zip: 100%
4/12/2025, 9:45:51 PM GMT+2 [Modules] Fetching discord_rpc@1 from https://discord.com/api/modules/stable/discord_rpc/1
4/12/2025, 9:45:51 PM GMT+2 [Modules] Streaming discord_rpc@1 to /home/migio/.config/discord/0.0.90/modules/pending/discord_rpc-1.zip
4/12/2025, 9:45:52 PM GMT+2 [Modules] Installing discord_game_utils@1 from /home/migio/.config/discord/0.0.90/modules/pending/discord_game_utils-1.zip
4/12/2025, 9:45:52 PM GMT+2 [Modules] Finished module installations. [success: 2] [failure: 0]
4/12/2025, 9:45:53 PM GMT+2 [Modules] Streaming discord_rpc@1 to /home/migio/.config/discord/0.0.90/modules/pending/discord_rpc-1.zip: 66%
4/12/2025, 9:45:53 PM GMT+2 [Modules] Streaming discord_rpc@1 to /home/migio/.config/discord/0.0.90/modules/pending/discord_rpc-1.zip: 100%
4/12/2025, 9:45:53 PM GMT+2 [Modules] Finished module downloads. [success: 3] [failure: 0]
4/12/2025, 9:45:53 PM GMT+2 [Modules] Installing discord_rpc@1 from /home/migio/.config/discord/0.0.90/modules/pending/discord_rpc-1.zip
4/12/2025, 9:45:53 PM GMT+2 [Modules] Finished module installations. [success: 1] [failure: 0]
4/18/2025, 9:17:30 PM GMT+2 [Modules] Modules initializing
4/18/2025, 9:17:30 PM GMT+2 [Modules] Distribution: remote
4/18/2025, 9:17:30 PM GMT+2 [Modules] Host updates: disabled
4/18/2025, 9:17:30 PM GMT+2 [Modules] Module updates: enabled
4/18/2025, 9:17:30 PM GMT+2 [Modules] Module install path: /home/migio/.config/discord/0.0.90/modules
4/18/2025, 9:17:30 PM GMT+2 [Modules] Module installed file path: /home/migio/.config/discord/0.0.90/modules/installed.json
4/18/2025, 9:17:30 PM GMT+2 [Modules] Module download path: /home/migio/.config/discord/0.0.90/modules/pending
4/18/2025, 9:17:30 PM GMT+2 [Modules] No updates to install
4/18/2025, 9:17:30 PM GMT+2 [Modules] Host is up to date.
4/18/2025, 9:17:30 PM GMT+2 [Modules] Checking for module updates at https://discord.com/api/modules/stable/versions.json
4/18/2025, 9:17:30 PM GMT+2 [Modules] Module update available: discord_utils@3 [installed: 2]
4/18/2025, 9:17:30 PM GMT+2 [Modules] Module update available: discord_voice@3 [installed: 2]
4/18/2025, 9:17:30 PM GMT+2 [Modules] Fetching discord_utils@3 from https://discord.com/api/modules/stable/discord_utils/3
4/18/2025, 9:17:30 PM GMT+2 [Modules] Streaming discord_utils@3 to /home/migio/.config/discord/0.0.90/modules/pending/discord_utils-3.zip
4/18/2025, 9:17:31 PM GMT+2 [Modules] Streaming discord_utils@3 to /home/migio/.config/discord/0.0.90/modules/pending/discord_utils-3.zip: 1%
4/18/2025, 9:17:31 PM GMT+2 [Modules] Streaming discord_utils@3 to /home/migio/.config/discord/0.0.90/modules/pending/discord_utils-3.zip: 2%
4/18/2025, 9:17:31 PM GMT+2 [Modules] Streaming discord_utils@3 to /home/migio/.config/discord/0.0.90/modules/pending/discord_utils-3.zip: 3%
4/18/2025, 9:17:31 PM GMT+2 [Modules] Streaming discord_utils@3 to /home/migio/.config/discord/0.0.90/modules/pending/discord_utils-3.zip: 4%
4/18/2025, 9:17:31 PM GMT+2 [Modules] Streaming discord_utils@3 to /home/migio/.config/discord/0.0.90/modules/pending/discord_utils-3.zip: 5%
4/18/2025, 9:17:31 PM GMT+2 [Modules] Streaming discord_utils@3 to /home/migio/.config/discord/0.0.90/modules/pending/discord_utils-3.zip: 6%
4/18/2025, 9:17:31 PM GMT+2 [Modules] Streaming discord_utils@3 to /home/migio/.config/discord/0.0.90/modules/pending/discord_utils-3.zip: 7%
4/18/2025, 9:17:31 PM GMT+2 [Modules] Streaming discord_utils@3 to /home/migio/.config/discord/0.0.90/modules/pending/discord_utils-3.zip: 8%
4/18/2025, 9:17:31 PM GMT+2 [Modules] Streaming discord_utils@3 to /home/migio/.config/discord/0.0.90/modules/pending/discord_utils-3.zip: 9%
4/18/2025, 9:17:31 PM GMT+2 [Modules] Streaming discord_utils@3 to /home/migio/.config/discord/0.0.90/modules/pending/discord_utils-3.zip: 10%
4/18/2025, 9:17:31 PM GMT+2 [Modules] Streaming discord_utils@3 to /home/migio/.config/discord/0.0.90/modules/pending/discord_utils-3.zip: 11%
4/18/2025, 9:17:31 PM GMT+2 [Modules] Streaming discord_utils@3 to /home/migio/.config/discord/0.0.90/modules/pending/discord_utils-3.zip: 12%
4/18/2025, 9:17:31 PM GMT+2 [Modules] Streaming discord_utils@3 to /home/migio/.config/discord/0.0.90/modules/pending/discord_utils-3.zip: 13%
4/18/2025, 9:17:31 PM GMT+2 [Modules] Streaming discord_utils@3 to /home/migio/.config/discord/0.0.90/modules/pending/discord_utils-3.zip: 14%
4/18/2025, 9:17:31 PM GMT+2 [Modules] Streaming discord_utils@3 to /home/migio/.config/discord/0.0.90/modules/pending/discord_utils-3.zip: 15%
4/18/2025, 9:17:31 PM GMT+2 [Modules] Streaming discord_utils@3 to /home/migio/.config/discord/0.0.90/modules/pending/discord_utils-3.zip: 16%
4/18/2025, 9:17:31 PM GMT+2 [Modules] Streaming discord_utils@3 to /home/migio/.config/discord/0.0.90/modules/pending/discord_utils-3.zip: 17%
4/18/2025, 9:17:31 PM GMT+2 [Modules] Streaming discord_utils@3 to /home/migio/.config/discord/0.0.90/modules/pending/discord_utils-3.zip: 18%
4/18/2025, 9:17:31 PM GMT+2 [Modules] Streaming discord_utils@3 to /home/migio/.config/discord/0.0.90/modules/pending/discord_utils-3.zip: 19%
4/18/2025, 9:17:31 PM GMT+2 [Modules] Streaming discord_utils@3 to /home/migio/.config/discord/0.0.90/modules/pending/discord_utils-3.zip: 20%
4/18/2025, 9:17:31 PM GMT+2 [Modules] Streaming discord_utils@3 to /home/migio/.config/discord/0.0.90/modules/pending/discord_utils-3.zip: 21%
4/18/2025, 9:17:31 PM GMT+2 [Modules] Streaming discord_utils@3 to /home/migio/.config/discord/0.0.90/modules/pending/discord_utils-3.zip: 22%
4/18/2025, 9:17:31 PM GMT+2 [Modules] Streaming discord_utils@3 to /home/migio/.config/discord/0.0.90/modules/pending/discord_utils-3.zip: 23%
4/18/2025, 9:17:31 PM GMT+2 [Modules] Streaming discord_utils@3 to /home/migio/.config/discord/0.0.90/modules/pending/discord_utils-3.zip: 24%
4/18/2025, 9:17:31 PM GMT+2 [Modules] Streaming discord_utils@3 to /home/migio/.config/discord/0.0.90/modules/pending/discord_utils-3.zip: 25%
4/18/2025, 9:17:31 PM GMT+2 [Modules] Streaming discord_utils@3 to /home/migio/.config/discord/0.0.90/modules/pending/discord_utils-3.zip: 26%
4/18/2025, 9:17:31 PM GMT+2 [Modules] Streaming discord_utils@3 to /home/migio/.config/discord/0.0.90/modules/pending/discord_utils-3.zip: 27%
4/18/2025, 9:17:31 PM GMT+2 [Modules] Streaming discord_utils@3 to /home/migio/.config/discord/0.0.90/modules/pending/discord_utils-3.zip: 28%
4/18/2025, 9:17:31 PM GMT+2 [Modules] Streaming discord_utils@3 to /home/migio/.config/discord/0.0.90/modules/pending/discord_utils-3.zip: 29%
4/18/2025, 9:17:31 PM GMT+2 [Modules] Streaming discord_utils@3 to /home/migio/.config/discord/0.0.90/modules/pending/discord_utils-3.zip: 30%
4/18/2025, 9:17:31 PM GMT+2 [Modules] Streaming discord_utils@3 to /home/migio/.config/discord/0.0.90/modules/pending/discord_utils-3.zip: 31%
4/18/2025, 9:17:31 PM GMT+2 [Modules] Streaming discord_utils@3 to /home/migio/.config/discord/0.0.90/modules/pending/discord_utils-3.zip: 32%
4/18/2025, 9:17:31 PM GMT+2 [Modules] Streaming discord_utils@3 to /home/migio/.config/discord/0.0.90/modules/pending/discord_utils-3.zip: 33%
4/18/2025, 9:17:31 PM GMT+2 [Modules] Streaming discord_utils@3 to /home/migio/.config/discord/0.0.90/modules/pending/discord_utils-3.zip: 34%
4/18/2025, 9:17:31 PM GMT+2 [Modules] Streaming discord_utils@3 to /home/migio/.config/discord/0.0.90/modules/pending/discord_utils-3.zip: 35%
4/18/2025, 9:17:31 PM GMT+2 [Modules] Streaming discord_utils@3 to /home/migio/.config/discord/0.0.90/modules/pending/discord_utils-3.zip: 36%
4/18/2025, 9:17:31 PM GMT+2 [Modules] Streaming discord_utils@3 to /home/migio/.config/discord/0.0.90/modules/pending/discord_utils-3.zip: 37%
4/18/2025, 9:17:31 PM GMT+2 [Modules] Streaming discord_utils@3 to /home/migio/.config/discord/0.0.90/modules/pending/discord_utils-3.zip: 38%
4/18/2025, 9:17:31 PM GMT+2 [Modules] Streaming discord_utils@3 to /home/migio/.config/discord/0.0.90/modules/pending/discord_utils-3.zip: 39%
4/18/2025, 9:17:31 PM GMT+2 [Modules] Streaming discord_utils@3 to /home/migio/.config/discord/0.0.90/modules/pending/discord_utils-3.zip: 40%
4/18/2025, 9:17:31 PM GMT+2 [Modules] Streaming discord_utils@3 to /home/migio/.config/discord/0.0.90/modules/pending/discord_utils-3.zip: 41%
4/18/2025, 9:17:31 PM GMT+2 [Modules] Streaming discord_utils@3 to /home/migio/.config/discord/0.0.90/modules/pending/discord_utils-3.zip: 42%
4/18/2025, 9:17:31 PM GMT+2 [Modules] Streaming discord_utils@3 to /home/migio/.config/discord/0.0.90/modules/pending/discord_utils-3.zip: 43%
4/18/2025, 9:17:31 PM GMT+2 [Modules] Streaming discord_utils@3 to /home/migio/.config/discord/0.0.90/modules/pending/discord_utils-3.zip: 44%
4/18/2025, 9:17:31 PM GMT+2 [Modules] Streaming discord_utils@3 to /home/migio/.config/discord/0.0.90/modules/pending/discord_utils-3.zip: 45%
4/18/2025, 9:17:31 PM GMT+2 [Modules] Streaming discord_utils@3 to /home/migio/.config/discord/0.0.90/modules/pending/discord_utils-3.zip: 46%
4/18/2025, 9:17:31 PM GMT+2 [Modules] Streaming discord_utils@3 to /home/migio/.config/discord/0.0.90/modules/pending/discord_utils-3.zip: 47%
4/18/2025, 9:17:31 PM GMT+2 [Modules] Streaming discord_utils@3 to /home/migio/.config/discord/0.0.90/modules/pending/discord_utils-3.zip: 48%
4/18/2025, 9:17:31 PM GMT+2 [Modules] Streaming discord_utils@3 to /home/migio/.config/discord/0.0.90/modules/pending/discord_utils-3.zip: 49%
4/18/2025, 9:17:31 PM GMT+2 [Modules] Streaming discord_utils@3 to /home/migio/.config/discord/0.0.90/modules/pending/discord_utils-3.zip: 50%
4/18/2025, 9:17:31 PM GMT+2 [Modules] Streaming discord_utils@3 to /home/migio/.config/discord/0.0.90/modules/pending/discord_utils-3.zip: 51%
4/18/2025, 9:17:31 PM GMT+2 [Modules] Streaming discord_utils@3 to /home/migio/.config/discord/0.0.90/modules/pending/discord_utils-3.zip: 52%
4/18/2025, 9:17:31 PM GMT+2 [Modules] Streaming discord_utils@3 to /home/migio/.config/discord/0.0.90/modules/pending/discord_utils-3.zip: 53%
4/18/2025, 9:17:31 PM GMT+2 [Modules] Streaming discord_utils@3 to /home/migio/.config/discord/0.0.90/modules/pending/discord_utils-3.zip: 54%
4/18/2025, 9:17:31 PM GMT+2 [Modules] Streaming discord_utils@3 to /home/migio/.config/discord/0.0.90/modules/pending/discord_utils-3.zip: 55%
4/18/2025, 9:17:31 PM GMT+2 [Modules] Streaming discord_utils@3 to /home/migio/.config/discord/0.0.90/modules/pending/discord_utils-3.zip: 56%
4/18/2025, 9:17:31 PM GMT+2 [Modules] Streaming discord_utils@3 to /home/migio/.config/discord/0.0.90/modules/pending/discord_utils-3.zip: 57%
4/18/2025, 9:17:31 PM GMT+2 [Modules] Streaming discord_utils@3 to /home/migio/.config/discord/0.0.90/modules/pending/discord_utils-3.zip: 58%
4/18/2025, 9:17:31 PM GMT+2 [Modules] Streaming discord_utils@3 to /home/migio/.config/discord/0.0.90/modules/pending/discord_utils-3.zip: 59%
4/18/2025, 9:17:31 PM GMT+2 [Modules] Streaming discord_utils@3 to /home/migio/.config/discord/0.0.90/modules/pending/discord_utils-3.zip: 60%
4/18/2025, 9:17:31 PM GMT+2 [Modules] Streaming discord_utils@3 to /home/migio/.config/discord/0.0.90/modules/pending/discord_utils-3.zip: 61%
4/18/2025, 9:17:31 PM GMT+2 [Modules] Streaming discord_utils@3 to /home/migio/.config/discord/0.0.90/modules/pending/discord_utils-3.zip: 62%
4/18/2025, 9:17:31 PM GMT+2 [Modules] Streaming discord_utils@3 to /home/migio/.config/discord/0.0.90/modules/pending/discord_utils-3.zip: 63%
4/18/2025, 9:17:31 PM GMT+2 [Modules] Streaming discord_utils@3 to /home/migio/.config/discord/0.0.90/modules/pending/discord_utils-3.zip: 64%
4/18/2025, 9:17:31 PM GMT+2 [Modules] Streaming discord_utils@3 to /home/migio/.config/discord/0.0.90/modules/pending/discord_utils-3.zip: 65%
4/18/2025, 9:17:31 PM GMT+2 [Modules] Streaming discord_utils@3 to /home/migio/.config/discord/0.0.90/modules/pending/discord_utils-3.zip: 66%
4/18/2025, 9:17:31 PM GMT+2 [Modules] Streaming discord_utils@3 to /home/migio/.config/discord/0.0.90/modules/pending/discord_utils-3.zip: 67%
4/18/2025, 9:17:31 PM GMT+2 [Modules] Streaming discord_utils@3 to /home/migio/.config/discord/0.0.90/modules/pending/discord_utils-3.zip: 68%
4/18/2025, 9:17:31 PM GMT+2 [Modules] Streaming discord_utils@3 to /home/migio/.config/discord/0.0.90/modules/pending/discord_utils-3.zip: 69%
4/18/2025, 9:17:31 PM GMT+2 [Modules] Streaming discord_utils@3 to /home/migio/.config/discord/0.0.90/modules/pending/discord_utils-3.zip: 70%
4/18/2025, 9:17:31 PM GMT+2 [Modules] Streaming discord_utils@3 to /home/migio/.config/discord/0.0.90/modules/pending/discord_utils-3.zip: 71%
4/18/2025, 9:17:31 PM GMT+2 [Modules] Streaming discord_utils@3 to /home/migio/.config/discord/0.0.90/modules/pending/discord_utils-3.zip: 72%
4/18/2025, 9:17:31 PM GMT+2 [Modules] Streaming discord_utils@3 to /home/migio/.config/discord/0.0.90/modules/pending/discord_utils-3.zip: 73%
4/18/2025, 9:17:31 PM GMT+2 [Modules] Streaming discord_utils@3 to /home/migio/.config/discord/0.0.90/modules/pending/discord_utils-3.zip: 74%
4/18/2025, 9:17:31 PM GMT+2 [Modules] Streaming discord_utils@3 to /home/migio/.config/discord/0.0.90/modules/pending/discord_utils-3.zip: 75%
4/18/2025, 9:17:31 PM GMT+2 [Modules] Streaming discord_utils@3 to /home/migio/.config/discord/0.0.90/modules/pending/discord_utils-3.zip: 76%
4/18/2025, 9:17:31 PM GMT+2 [Modules] Streaming discord_utils@3 to /home/migio/.config/discord/0.0.90/modules/pending/discord_utils-3.zip: 77%
4/18/2025, 9:17:31 PM GMT+2 [Modules] Streaming discord_utils@3 to /home/migio/.config/discord/0.0.90/modules/pending/discord_utils-3.zip: 78%
4/18/2025, 9:17:32 PM GMT+2 [Modules] Streaming discord_utils@3 to /home/migio/.config/discord/0.0.90/modules/pending/discord_utils-3.zip: 79%
4/18/2025, 9:17:32 PM GMT+2 [Modules] Streaming discord_utils@3 to /home/migio/.config/discord/0.0.90/modules/pending/discord_utils-3.zip: 80%
4/18/2025, 9:17:32 PM GMT+2 [Modules] Streaming discord_utils@3 to /home/migio/.config/discord/0.0.90/modules/pending/discord_utils-3.zip: 81%
4/18/2025, 9:17:32 PM GMT+2 [Modules] Streaming discord_utils@3 to /home/migio/.config/discord/0.0.90/modules/pending/discord_utils-3.zip: 82%
4/18/2025, 9:17:32 PM GMT+2 [Modules] Streaming discord_utils@3 to /home/migio/.config/discord/0.0.90/modules/pending/discord_utils-3.zip: 83%
4/18/2025, 9:17:32 PM GMT+2 [Modules] Streaming discord_utils@3 to /home/migio/.config/discord/0.0.90/modules/pending/discord_utils-3.zip: 84%
4/18/2025, 9:17:32 PM GMT+2 [Modules] Streaming discord_utils@3 to /home/migio/.config/discord/0.0.90/modules/pending/discord_utils-3.zip: 86%
4/18/2025, 9:17:32 PM GMT+2 [Modules] Streaming discord_utils@3 to /home/migio/.config/discord/0.0.90/modules/pending/discord_utils-3.zip: 88%
4/18/2025, 9:17:32 PM GMT+2 [Modules] Streaming discord_utils@3 to /home/migio/.config/discord/0.0.90/modules/pending/discord_utils-3.zip: 89%
4/18/2025, 9:17:32 PM GMT+2 [Modules] Streaming discord_utils@3 to /home/migio/.config/discord/0.0.90/modules/pending/discord_utils-3.zip: 90%
4/18/2025, 9:17:32 PM GMT+2 [Modules] Streaming discord_utils@3 to /home/migio/.config/discord/0.0.90/modules/pending/discord_utils-3.zip: 91%
4/18/2025, 9:17:32 PM GMT+2 [Modules] Streaming discord_utils@3 to /home/migio/.config/discord/0.0.90/modules/pending/discord_utils-3.zip: 93%
4/18/2025, 9:17:32 PM GMT+2 [Modules] Streaming discord_utils@3 to /home/migio/.config/discord/0.0.90/modules/pending/discord_utils-3.zip: 95%
4/18/2025, 9:17:32 PM GMT+2 [Modules] Streaming discord_utils@3 to /home/migio/.config/discord/0.0.90/modules/pending/discord_utils-3.zip: 96%
4/18/2025, 9:17:32 PM GMT+2 [Modules] Streaming discord_utils@3 to /home/migio/.config/discord/0.0.90/modules/pending/discord_utils-3.zip: 97%
4/18/2025, 9:17:32 PM GMT+2 [Modules] Streaming discord_utils@3 to /home/migio/.config/discord/0.0.90/modules/pending/discord_utils-3.zip: 98%
4/18/2025, 9:17:32 PM GMT+2 [Modules] Streaming discord_utils@3 to /home/migio/.config/discord/0.0.90/modules/pending/discord_utils-3.zip: 99%
4/18/2025, 9:17:32 PM GMT+2 [Modules] Streaming discord_utils@3 to /home/migio/.config/discord/0.0.90/modules/pending/discord_utils-3.zip: 100%
4/18/2025, 9:17:32 PM GMT+2 [Modules] Fetching discord_voice@3 from https://discord.com/api/modules/stable/discord_voice/3
4/18/2025, 9:17:32 PM GMT+2 [Modules] Streaming discord_voice@3 to /home/migio/.config/discord/0.0.90/modules/pending/discord_voice-3.zip
4/18/2025, 9:17:32 PM GMT+2 [Modules] Streaming discord_voice@3 to /home/migio/.config/discord/0.0.90/modules/pending/discord_voice-3.zip: 1%
4/18/2025, 9:17:32 PM GMT+2 [Modules] Streaming discord_voice@3 to /home/migio/.config/discord/0.0.90/modules/pending/discord_voice-3.zip: 2%
4/18/2025, 9:17:32 PM GMT+2 [Modules] Streaming discord_voice@3 to /home/migio/.config/discord/0.0.90/modules/pending/discord_voice-3.zip: 3%
4/18/2025, 9:17:33 PM GMT+2 [Modules] Streaming discord_voice@3 to /home/migio/.config/discord/0.0.90/modules/pending/discord_voice-3.zip: 4%
4/18/2025, 9:17:33 PM GMT+2 [Modules] Streaming discord_voice@3 to /home/migio/.config/discord/0.0.90/modules/pending/discord_voice-3.zip: 5%
4/18/2025, 9:17:33 PM GMT+2 [Modules] Streaming discord_voice@3 to /home/migio/.config/discord/0.0.90/modules/pending/discord_voice-3.zip: 6%
4/18/2025, 9:17:33 PM GMT+2 [Modules] Streaming discord_voice@3 to /home/migio/.config/discord/0.0.90/modules/pending/discord_voice-3.zip: 7%
4/18/2025, 9:17:33 PM GMT+2 [Modules] Streaming discord_voice@3 to /home/migio/.config/discord/0.0.90/modules/pending/discord_voice-3.zip: 8%
4/18/2025, 9:17:33 PM GMT+2 [Modules] Streaming discord_voice@3 to /home/migio/.config/discord/0.0.90/modules/pending/discord_voice-3.zip: 9%
4/18/2025, 9:17:33 PM GMT+2 [Modules] Streaming discord_voice@3 to /home/migio/.config/discord/0.0.90/modules/pending/discord_voice-3.zip: 10%
4/18/2025, 9:17:33 PM GMT+2 [Modules] Streaming discord_voice@3 to /home/migio/.config/discord/0.0.90/modules/pending/discord_voice-3.zip: 11%
4/18/2025, 9:17:33 PM GMT+2 [Modules] Streaming discord_voice@3 to /home/migio/.config/discord/0.0.90/modules/pending/discord_voice-3.zip: 12%
4/18/2025, 9:17:33 PM GMT+2 [Modules] Streaming discord_voice@3 to /home/migio/.config/discord/0.0.90/modules/pending/discord_voice-3.zip: 13%
4/18/2025, 9:17:33 PM GMT+2 [Modules] Streaming discord_voice@3 to /home/migio/.config/discord/0.0.90/modules/pending/discord_voice-3.zip: 14%
4/18/2025, 9:17:33 PM GMT+2 [Modules] Streaming discord_voice@3 to /home/migio/.config/discord/0.0.90/modules/pending/discord_voice-3.zip: 15%
4/18/2025, 9:17:33 PM GMT+2 [Modules] Streaming discord_voice@3 to /home/migio/.config/discord/0.0.90/modules/pending/discord_voice-3.zip: 16%
4/18/2025, 9:17:33 PM GMT+2 [Modules] Streaming discord_voice@3 to /home/migio/.config/discord/0.0.90/modules/pending/discord_voice-3.zip: 17%
4/18/2025, 9:17:33 PM GMT+2 [Modules] Streaming discord_voice@3 to /home/migio/.config/discord/0.0.90/modules/pending/discord_voice-3.zip: 18%
4/18/2025, 9:17:33 PM GMT+2 [Modules] Streaming discord_voice@3 to /home/migio/.config/discord/0.0.90/modules/pending/discord_voice-3.zip: 19%
4/18/2025, 9:17:33 PM GMT+2 [Modules] Streaming discord_voice@3 to /home/migio/.config/discord/0.0.90/modules/pending/discord_voice-3.zip: 20%
4/18/2025, 9:17:33 PM GMT+2 [Modules] Streaming discord_voice@3 to /home/migio/.config/discord/0.0.90/modules/pending/discord_voice-3.zip: 21%
4/18/2025, 9:17:33 PM GMT+2 [Modules] Streaming discord_voice@3 to /home/migio/.config/discord/0.0.90/modules/pending/discord_voice-3.zip: 22%
4/18/2025, 9:17:33 PM GMT+2 [Modules] Streaming discord_voice@3 to /home/migio/.config/discord/0.0.90/modules/pending/discord_voice-3.zip: 23%
4/18/2025, 9:17:33 PM GMT+2 [Modules] Streaming discord_voice@3 to /home/migio/.config/discord/0.0.90/modules/pending/discord_voice-3.zip: 24%
4/18/2025, 9:17:33 PM GMT+2 [Modules] Streaming discord_voice@3 to /home/migio/.config/discord/0.0.90/modules/pending/discord_voice-3.zip: 25%
4/18/2025, 9:17:33 PM GMT+2 [Modules] Streaming discord_voice@3 to /home/migio/.config/discord/0.0.90/modules/pending/discord_voice-3.zip: 26%
4/18/2025, 9:17:33 PM GMT+2 [Modules] Streaming discord_voice@3 to /home/migio/.config/discord/0.0.90/modules/pending/discord_voice-3.zip: 27%
4/18/2025, 9:17:33 PM GMT+2 [Modules] Streaming discord_voice@3 to /home/migio/.config/discord/0.0.90/modules/pending/discord_voice-3.zip: 28%
4/18/2025, 9:17:33 PM GMT+2 [Modules] Streaming discord_voice@3 to /home/migio/.config/discord/0.0.90/modules/pending/discord_voice-3.zip: 29%
4/18/2025, 9:17:33 PM GMT+2 [Modules] Streaming discord_voice@3 to /home/migio/.config/discord/0.0.90/modules/pending/discord_voice-3.zip: 30%
4/18/2025, 9:17:33 PM GMT+2 [Modules] Streaming discord_voice@3 to /home/migio/.config/discord/0.0.90/modules/pending/discord_voice-3.zip: 31%
4/18/2025, 9:17:33 PM GMT+2 [Modules] Streaming discord_voice@3 to /home/migio/.config/discord/0.0.90/modules/pending/discord_voice-3.zip: 32%
4/18/2025, 9:17:34 PM GMT+2 [Modules] Streaming discord_voice@3 to /home/migio/.config/discord/0.0.90/modules/pending/discord_voice-3.zip: 33%
4/18/2025, 9:17:34 PM GMT+2 [Modules] Streaming discord_voice@3 to /home/migio/.config/discord/0.0.90/modules/pending/discord_voice-3.zip: 34%
4/18/2025, 9:17:34 PM GMT+2 [Modules] Streaming discord_voice@3 to /home/migio/.config/discord/0.0.90/modules/pending/discord_voice-3.zip: 35%
4/18/2025, 9:17:34 PM GMT+2 [Modules] Streaming discord_voice@3 to /home/migio/.config/discord/0.0.90/modules/pending/discord_voice-3.zip: 36%
4/18/2025, 9:17:34 PM GMT+2 [Modules] Streaming discord_voice@3 to /home/migio/.config/discord/0.0.90/modules/pending/discord_voice-3.zip: 37%
4/18/2025, 9:17:34 PM GMT+2 [Modules] Streaming discord_voice@3 to /home/migio/.config/discord/0.0.90/modules/pending/discord_voice-3.zip: 38%
4/18/2025, 9:17:34 PM GMT+2 [Modules] Streaming discord_voice@3 to /home/migio/.config/discord/0.0.90/modules/pending/discord_voice-3.zip: 39%
4/18/2025, 9:17:34 PM GMT+2 [Modules] Streaming discord_voice@3 to /home/migio/.config/discord/0.0.90/modules/pending/discord_voice-3.zip: 40%
4/18/2025, 9:17:34 PM GMT+2 [Modules] Streaming discord_voice@3 to /home/migio/.config/discord/0.0.90/modules/pending/discord_voice-3.zip: 41%
4/18/2025, 9:17:34 PM GMT+2 [Modules] Streaming discord_voice@3 to /home/migio/.config/discord/0.0.90/modules/pending/discord_voice-3.zip: 42%
4/18/2025, 9:17:34 PM GMT+2 [Modules] Streaming discord_voice@3 to /home/migio/.config/discord/0.0.90/modules/pending/discord_voice-3.zip: 43%
4/18/2025, 9:17:34 PM GMT+2 [Modules] Streaming discord_voice@3 to /home/migio/.config/discord/0.0.90/modules/pending/discord_voice-3.zip: 44%
4/18/2025, 9:17:34 PM GMT+2 [Modules] Streaming discord_voice@3 to /home/migio/.config/discord/0.0.90/modules/pending/discord_voice-3.zip: 45%
4/18/2025, 9:17:34 PM GMT+2 [Modules] Streaming discord_voice@3 to /home/migio/.config/discord/0.0.90/modules/pending/discord_voice-3.zip: 46%
4/18/2025, 9:17:34 PM GMT+2 [Modules] Streaming discord_voice@3 to /home/migio/.config/discord/0.0.90/modules/pending/discord_voice-3.zip: 47%
4/18/2025, 9:17:34 PM GMT+2 [Modules] Streaming discord_voice@3 to /home/migio/.config/discord/0.0.90/modules/pending/discord_voice-3.zip: 48%
4/18/2025, 9:17:34 PM GMT+2 [Modules] Streaming discord_voice@3 to /home/migio/.config/discord/0.0.90/modules/pending/discord_voice-3.zip: 49%
4/18/2025, 9:17:34 PM GMT+2 [Modules] Streaming discord_voice@3 to /home/migio/.config/discord/0.0.90/modules/pending/discord_voice-3.zip: 50%
4/18/2025, 9:17:34 PM GMT+2 [Modules] Streaming discord_voice@3 to /home/migio/.config/discord/0.0.90/modules/pending/discord_voice-3.zip: 51%
4/18/2025, 9:17:34 PM GMT+2 [Modules] Streaming discord_voice@3 to /home/migio/.config/discord/0.0.90/modules/pending/discord_voice-3.zip: 52%
4/18/2025, 9:17:34 PM GMT+2 [Modules] Streaming discord_voice@3 to /home/migio/.config/discord/0.0.90/modules/pending/discord_voice-3.zip: 53%
4/18/2025, 9:17:34 PM GMT+2 [Modules] Streaming discord_voice@3 to /home/migio/.config/discord/0.0.90/modules/pending/discord_voice-3.zip: 54%
4/18/2025, 9:17:34 PM GMT+2 [Modules] Streaming discord_voice@3 to /home/migio/.config/discord/0.0.90/modules/pending/discord_voice-3.zip: 55%
4/18/2025, 9:17:34 PM GMT+2 [Modules] Streaming discord_voice@3 to /home/migio/.config/discord/0.0.90/modules/pending/discord_voice-3.zip: 56%
4/18/2025, 9:17:34 PM GMT+2 [Modules] Streaming discord_voice@3 to /home/migio/.config/discord/0.0.90/modules/pending/discord_voice-3.zip: 57%
4/18/2025, 9:17:34 PM GMT+2 [Modules] Streaming discord_voice@3 to /home/migio/.config/discord/0.0.90/modules/pending/discord_voice-3.zip: 58%
4/18/2025, 9:17:34 PM GMT+2 [Modules] Streaming discord_voice@3 to /home/migio/.config/discord/0.0.90/modules/pending/discord_voice-3.zip: 59%
4/18/2025, 9:17:34 PM GMT+2 [Modules] Streaming discord_voice@3 to /home/migio/.config/discord/0.0.90/modules/pending/discord_voice-3.zip: 60%
4/18/2025, 9:17:34 PM GMT+2 [Modules] Streaming discord_voice@3 to /home/migio/.config/discord/0.0.90/modules/pending/discord_voice-3.zip: 61%
4/18/2025, 9:17:34 PM GMT+2 [Modules] Streaming discord_voice@3 to /home/migio/.config/discord/0.0.90/modules/pending/discord_voice-3.zip: 62%
4/18/2025, 9:17:35 PM GMT+2 [Modules] Streaming discord_voice@3 to /home/migio/.config/discord/0.0.90/modules/pending/discord_voice-3.zip: 63%
4/18/2025, 9:17:35 PM GMT+2 [Modules] Streaming discord_voice@3 to /home/migio/.config/discord/0.0.90/modules/pending/discord_voice-3.zip: 64%
4/18/2025, 9:17:35 PM GMT+2 [Modules] Streaming discord_voice@3 to /home/migio/.config/discord/0.0.90/modules/pending/discord_voice-3.zip: 65%
4/18/2025, 9:17:35 PM GMT+2 [Modules] Streaming discord_voice@3 to /home/migio/.config/discord/0.0.90/modules/pending/discord_voice-3.zip: 66%
4/18/2025, 9:17:35 PM GMT+2 [Modules] Streaming discord_voice@3 to /home/migio/.config/discord/0.0.90/modules/pending/discord_voice-3.zip: 67%
4/18/2025, 9:17:35 PM GMT+2 [Modules] Streaming discord_voice@3 to /home/migio/.config/discord/0.0.90/modules/pending/discord_voice-3.zip: 68%
4/18/2025, 9:17:35 PM GMT+2 [Modules] Streaming discord_voice@3 to /home/migio/.config/discord/0.0.90/modules/pending/discord_voice-3.zip: 69%
4/18/2025, 9:17:35 PM GMT+2 [Modules] Streaming discord_voice@3 to /home/migio/.config/discord/0.0.90/modules/pending/discord_voice-3.zip: 70%
4/18/2025, 9:17:35 PM GMT+2 [Modules] Streaming discord_voice@3 to /home/migio/.config/discord/0.0.90/modules/pending/discord_voice-3.zip: 71%
4/18/2025, 9:17:35 PM GMT+2 [Modules] Streaming discord_voice@3 to /home/migio/.config/discord/0.0.90/modules/pending/discord_voice-3.zip: 72%
4/18/2025, 9:17:35 PM GMT+2 [Modules] Streaming discord_voice@3 to /home/migio/.config/discord/0.0.90/modules/pending/discord_voice-3.zip: 73%
4/18/2025, 9:17:35 PM GMT+2 [Modules] Streaming discord_voice@3 to /home/migio/.config/discord/0.0.90/modules/pending/discord_voice-3.zip: 74%
4/18/2025, 9:17:35 PM GMT+2 [Modules] Streaming discord_voice@3 to /home/migio/.config/discord/0.0.90/modules/pending/discord_voice-3.zip: 75%
4/18/2025, 9:17:35 PM GMT+2 [Modules] Streaming discord_voice@3 to /home/migio/.config/discord/0.0.90/modules/pending/discord_voice-3.zip: 76%
4/18/2025, 9:17:35 PM GMT+2 [Modules] Streaming discord_voice@3 to /home/migio/.config/discord/0.0.90/modules/pending/discord_voice-3.zip: 77%
4/18/2025, 9:17:35 PM GMT+2 [Modules] Streaming discord_voice@3 to /home/migio/.config/discord/0.0.90/modules/pending/discord_voice-3.zip: 78%
4/18/2025, 9:17:35 PM GMT+2 [Modules] Streaming discord_voice@3 to /home/migio/.config/discord/0.0.90/modules/pending/discord_voice-3.zip: 79%
4/18/2025, 9:17:35 PM GMT+2 [Modules] Streaming discord_voice@3 to /home/migio/.config/discord/0.0.90/modules/pending/discord_voice-3.zip: 80%
4/18/2025, 9:17:35 PM GMT+2 [Modules] Streaming discord_voice@3 to /home/migio/.config/discord/0.0.90/modules/pending/discord_voice-3.zip: 81%
4/18/2025, 9:17:35 PM GMT+2 [Modules] Streaming discord_voice@3 to /home/migio/.config/discord/0.0.90/modules/pending/discord_voice-3.zip: 82%
4/18/2025, 9:17:35 PM GMT+2 [Modules] Streaming discord_voice@3 to /home/migio/.config/discord/0.0.90/modules/pending/discord_voice-3.zip: 83%
4/18/2025, 9:17:35 PM GMT+2 [Modules] Streaming discord_voice@3 to /home/migio/.config/discord/0.0.90/modules/pending/discord_voice-3.zip: 84%
4/18/2025, 9:17:35 PM GMT+2 [Modules] Streaming discord_voice@3 to /home/migio/.config/discord/0.0.90/modules/pending/discord_voice-3.zip: 85%
4/18/2025, 9:17:35 PM GMT+2 [Modules] Streaming discord_voice@3 to /home/migio/.config/discord/0.0.90/modules/pending/discord_voice-3.zip: 86%
4/18/2025, 9:17:35 PM GMT+2 [Modules] Streaming discord_voice@3 to /home/migio/.config/discord/0.0.90/modules/pending/discord_voice-3.zip: 87%
4/18/2025, 9:17:35 PM GMT+2 [Modules] Streaming discord_voice@3 to /home/migio/.config/discord/0.0.90/modules/pending/discord_voice-3.zip: 88%
4/18/2025, 9:17:35 PM GMT+2 [Modules] Streaming discord_voice@3 to /home/migio/.config/discord/0.0.90/modules/pending/discord_voice-3.zip: 89%
4/18/2025, 9:17:35 PM GMT+2 [Modules] Streaming discord_voice@3 to /home/migio/.config/discord/0.0.90/modules/pending/discord_voice-3.zip: 90%
4/18/2025, 9:17:35 PM GMT+2 [Modules] Streaming discord_voice@3 to /home/migio/.config/discord/0.0.90/modules/pending/discord_voice-3.zip: 91%
4/18/2025, 9:17:35 PM GMT+2 [Modules] Streaming discord_voice@3 to /home/migio/.config/discord/0.0.90/modules/pending/discord_voice-3.zip: 92%
4/18/2025, 9:17:35 PM GMT+2 [Modules] Streaming discord_voice@3 to /home/migio/.config/discord/0.0.90/modules/pending/discord_voice-3.zip: 93%
4/18/2025, 9:17:35 PM GMT+2 [Modules] Streaming discord_voice@3 to /home/migio/.config/discord/0.0.90/modules/pending/discord_voice-3.zip: 94%
4/18/2025, 9:17:35 PM GMT+2 [Modules] Streaming discord_voice@3 to /home/migio/.config/discord/0.0.90/modules/pending/discord_voice-3.zip: 95%
4/18/2025, 9:17:35 PM GMT+2 [Modules] Streaming discord_voice@3 to /home/migio/.config/discord/0.0.90/modules/pending/discord_voice-3.zip: 96%
4/18/2025, 9:17:35 PM GMT+2 [Modules] Streaming discord_voice@3 to /home/migio/.config/discord/0.0.90/modules/pending/discord_voice-3.zip: 97%
4/18/2025, 9:17:35 PM GMT+2 [Modules] Streaming discord_voice@3 to /home/migio/.config/discord/0.0.90/modules/pending/discord_voice-3.zip: 98%
4/18/2025, 9:17:35 PM GMT+2 [Modules] Streaming discord_voice@3 to /home/migio/.config/discord/0.0.90/modules/pending/discord_voice-3.zip: 99%
4/18/2025, 9:17:35 PM GMT+2 [Modules] Streaming discord_voice@3 to /home/migio/.config/discord/0.0.90/modules/pending/discord_voice-3.zip: 100%
4/18/2025, 9:17:35 PM GMT+2 [Modules] Finished module downloads. [success: 2] [failure: 0]
4/18/2025, 9:17:35 PM GMT+2 [Modules] Installing updates...
4/18/2025, 9:17:35 PM GMT+2 [Modules] Installing discord_utils@3 from /home/migio/.config/discord/0.0.90/modules/pending/discord_utils-3.zip
4/18/2025, 9:17:36 PM GMT+2 [Modules] Installing discord_voice@3 from /home/migio/.config/discord/0.0.90/modules/pending/discord_voice-3.zip
4/18/2025, 9:17:37 PM GMT+2 [Modules] Finished module installations. [success: 2] [failure: 0]
4/18/2025, 9:17:37 PM GMT+2 [Modules] Host is up to date.
4/18/2025, 9:17:37 PM GMT+2 [Modules] Checking for module updates at https://discord.com/api/modules/stable/versions.json
4/18/2025, 9:17:37 PM GMT+2 [Modules] No module updates available.
4/18/2025, 9:17:41 PM GMT+2 [Modules] Host is up to date.
4/18/2025, 9:17:41 PM GMT+2 [Modules] Checking for module updates at https://discord.com/api/modules/stable/versions.json
4/18/2025, 9:17:41 PM GMT+2 [Modules] No module updates available.
4/18/2025, 10:17:41 PM GMT+2 [Modules] Host is up to date.
4/18/2025, 10:17:41 PM GMT+2 [Modules] Checking for module updates at https://discord.com/api/modules/stable/versions.json
4/18/2025, 10:17:41 PM GMT+2 [Modules] No module updates available.
4/19/2025, 4:25:30 PM GMT+2 [Modules] Modules initializing
4/19/2025, 4:25:30 PM GMT+2 [Modules] Distribution: remote
4/19/2025, 4:25:30 PM GMT+2 [Modules] Host updates: disabled
4/19/2025, 4:25:30 PM GMT+2 [Modules] Module updates: enabled
4/19/2025, 4:25:30 PM GMT+2 [Modules] Module install path: /home/migio/.config/discord/0.0.90/modules
4/19/2025, 4:25:30 PM GMT+2 [Modules] Module installed file path: /home/migio/.config/discord/0.0.90/modules/installed.json
4/19/2025, 4:25:30 PM GMT+2 [Modules] Module download path: /home/migio/.config/discord/0.0.90/modules/pending
4/19/2025, 4:25:31 PM GMT+2 [Modules] No updates to install
4/19/2025, 4:25:31 PM GMT+2 [Modules] Host is up to date.
4/19/2025, 4:25:31 PM GMT+2 [Modules] Checking for module updates at https://discord.com/api/modules/stable/versions.json
4/19/2025, 4:25:32 PM GMT+2 [Modules] No module updates available.
4/19/2025, 4:25:45 PM GMT+2 [Modules] Host is up to date.
4/19/2025, 4:25:45 PM GMT+2 [Modules] Checking for module updates at https://discord.com/api/modules/stable/versions.json
4/19/2025, 4:25:45 PM GMT+2 [Modules] No module updates available.
4/19/2025, 5:25:45 PM GMT+2 [Modules] Host is up to date.
4/19/2025, 5:25:45 PM GMT+2 [Modules] Checking for module updates at https://discord.com/api/modules/stable/versions.json
4/19/2025, 5:25:45 PM GMT+2 [Modules] No module updates available.
4/19/2025, 6:25:45 PM GMT+2 [Modules] Host is up to date.
4/19/2025, 6:25:45 PM GMT+2 [Modules] Checking for module updates at https://discord.com/api/modules/stable/versions.json
4/19/2025, 6:25:45 PM GMT+2 [Modules] No module updates available.
4/19/2025, 7:25:45 PM GMT+2 [Modules] Host is up to date.
4/19/2025, 7:25:45 PM GMT+2 [Modules] Checking for module updates at https://discord.com/api/modules/stable/versions.json
4/19/2025, 7:25:45 PM GMT+2 [Modules] No module updates available.
4/19/2025, 8:25:45 PM GMT+2 [Modules] Host is up to date.
4/19/2025, 8:25:45 PM GMT+2 [Modules] Checking for module updates at https://discord.com/api/modules/stable/versions.json
4/19/2025, 8:25:45 PM GMT+2 [Modules] No module updates available.
4/19/2025, 9:25:45 PM GMT+2 [Modules] Host is up to date.
4/19/2025, 9:25:45 PM GMT+2 [Modules] Checking for module updates at https://discord.com/api/modules/stable/versions.json
4/19/2025, 9:25:45 PM GMT+2 [Modules] No module updates available.
4/29/2025, 8:31:08 PM GMT+2 [Modules] Modules initializing
4/29/2025, 8:31:08 PM GMT+2 [Modules] Distribution: remote
4/29/2025, 8:31:08 PM GMT+2 [Modules] Host updates: disabled
4/29/2025, 8:31:08 PM GMT+2 [Modules] Module updates: enabled
4/29/2025, 8:31:08 PM GMT+2 [Modules] Module install path: /home/migio/.config/discord/0.0.91/modules
4/29/2025, 8:31:08 PM GMT+2 [Modules] Module installed file path: /home/migio/.config/discord/0.0.91/modules/installed.json
4/29/2025, 8:31:08 PM GMT+2 [Modules] Module download path: /home/migio/.config/discord/0.0.91/modules/pending
4/29/2025, 8:31:08 PM GMT+2 [Modules] Bootstrapping...
4/29/2025, 8:31:08 PM GMT+2 [Modules] Installing discord_desktop_core@0 from /usr/lib64/discord/resources/bootstrap/discord_desktop_core.zip
4/29/2025, 8:31:08 PM GMT+2 [Modules] Failed installing discord_desktop_core@0: Error: ENOENT: no such file or directory, open '/usr/lib64/discord/resources/bootstrap/discord_desktop_core.zip'
4/29/2025, 8:31:08 PM GMT+2 [Modules] Installing discord_erlpack@0 from /usr/lib64/discord/resources/bootstrap/discord_erlpack.zip
4/29/2025, 8:31:08 PM GMT+2 [Modules] Failed installing discord_erlpack@0: Error: ENOENT: no such file or directory, open '/usr/lib64/discord/resources/bootstrap/discord_erlpack.zip'
4/29/2025, 8:31:08 PM GMT+2 [Modules] Installing discord_spellcheck@0 from /usr/lib64/discord/resources/bootstrap/discord_spellcheck.zip
4/29/2025, 8:31:08 PM GMT+2 [Modules] Failed installing discord_spellcheck@0: Error: ENOENT: no such file or directory, open '/usr/lib64/discord/resources/bootstrap/discord_spellcheck.zip'
4/29/2025, 8:31:08 PM GMT+2 [Modules] Installing discord_utils@0 from /usr/lib64/discord/resources/bootstrap/discord_utils.zip
4/29/2025, 8:31:08 PM GMT+2 [Modules] Failed installing discord_utils@0: Error: ENOENT: no such file or directory, open '/usr/lib64/discord/resources/bootstrap/discord_utils.zip'
4/29/2025, 8:31:08 PM GMT+2 [Modules] Installing discord_voice@0 from /usr/lib64/discord/resources/bootstrap/discord_voice.zip
4/29/2025, 8:31:08 PM GMT+2 [Modules] Failed installing discord_voice@0: Error: ENOENT: no such file or directory, open '/usr/lib64/discord/resources/bootstrap/discord_voice.zip'
4/29/2025, 8:31:08 PM GMT+2 [Modules] Installing discord_zstd@0 from /usr/lib64/discord/resources/bootstrap/discord_zstd.zip
4/29/2025, 8:31:08 PM GMT+2 [Modules] Failed installing discord_zstd@0: Error: ENOENT: no such file or directory, open '/usr/lib64/discord/resources/bootstrap/discord_zstd.zip'
4/29/2025, 8:31:08 PM GMT+2 [Modules] Finished module installations. [success: 0] [failure: 6]
4/29/2025, 8:31:08 PM GMT+2 [Modules] Host is up to date.
4/29/2025, 8:31:08 PM GMT+2 [Modules] Checking for module updates at https://discord.com/api/modules/stable/versions.json
4/29/2025, 8:31:08 PM GMT+2 [Modules] Module update available: discord_desktop_core@1 [installed: 0]
4/29/2025, 8:31:08 PM GMT+2 [Modules] Module update available: discord_erlpack@1 [installed: 0]
4/29/2025, 8:31:08 PM GMT+2 [Modules] Module update available: discord_spellcheck@1 [installed: 0]
4/29/2025, 8:31:08 PM GMT+2 [Modules] Module update available: discord_utils@1 [installed: 0]
4/29/2025, 8:31:08 PM GMT+2 [Modules] Module update available: discord_voice@1 [installed: 0]
4/29/2025, 8:31:08 PM GMT+2 [Modules] Module update available: discord_zstd@1 [installed: 0]
4/29/2025, 8:31:08 PM GMT+2 [Modules] Fetching discord_desktop_core@1 from https://discord.com/api/modules/stable/discord_desktop_core/1
4/29/2025, 8:31:08 PM GMT+2 [Modules] Streaming discord_desktop_core@1 to /home/migio/.config/discord/0.0.91/modules/pending/discord_desktop_core-1.zip
4/29/2025, 8:31:09 PM GMT+2 [Modules] Streaming discord_desktop_core@1 to /home/migio/.config/discord/0.0.91/modules/pending/discord_desktop_core-1.zip: 2%
4/29/2025, 8:31:09 PM GMT+2 [Modules] Streaming discord_desktop_core@1 to /home/migio/.config/discord/0.0.91/modules/pending/discord_desktop_core-1.zip: 4%
4/29/2025, 8:31:09 PM GMT+2 [Modules] Streaming discord_desktop_core@1 to /home/migio/.config/discord/0.0.91/modules/pending/discord_desktop_core-1.zip: 5%
4/29/2025, 8:31:09 PM GMT+2 [Modules] Streaming discord_desktop_core@1 to /home/migio/.config/discord/0.0.91/modules/pending/discord_desktop_core-1.zip: 6%
4/29/2025, 8:31:09 PM GMT+2 [Modules] Streaming discord_desktop_core@1 to /home/migio/.config/discord/0.0.91/modules/pending/discord_desktop_core-1.zip: 7%
4/29/2025, 8:31:09 PM GMT+2 [Modules] Streaming discord_desktop_core@1 to /home/migio/.config/discord/0.0.91/modules/pending/discord_desktop_core-1.zip: 8%
4/29/2025, 8:31:09 PM GMT+2 [Modules] Streaming discord_desktop_core@1 to /home/migio/.config/discord/0.0.91/modules/pending/discord_desktop_core-1.zip: 9%
4/29/2025, 8:31:09 PM GMT+2 [Modules] Streaming discord_desktop_core@1 to /home/migio/.config/discord/0.0.91/modules/pending/discord_desktop_core-1.zip: 10%
4/29/2025, 8:31:09 PM GMT+2 [Modules] Streaming discord_desktop_core@1 to /home/migio/.config/discord/0.0.91/modules/pending/discord_desktop_core-1.zip: 11%
4/29/2025, 8:31:09 PM GMT+2 [Modules] Streaming discord_desktop_core@1 to /home/migio/.config/discord/0.0.91/modules/pending/discord_desktop_core-1.zip: 12%
4/29/2025, 8:31:09 PM GMT+2 [Modules] Streaming discord_desktop_core@1 to /home/migio/.config/discord/0.0.91/modules/pending/discord_desktop_core-1.zip: 14%
4/29/2025, 8:31:09 PM GMT+2 [Modules] Streaming discord_desktop_core@1 to /home/migio/.config/discord/0.0.91/modules/pending/discord_desktop_core-1.zip: 15%
4/29/2025, 8:31:09 PM GMT+2 [Modules] Streaming discord_desktop_core@1 to /home/migio/.config/discord/0.0.91/modules/pending/discord_desktop_core-1.zip: 17%
4/29/2025, 8:31:09 PM GMT+2 [Modules] Streaming discord_desktop_core@1 to /home/migio/.config/discord/0.0.91/modules/pending/discord_desktop_core-1.zip: 19%
4/29/2025, 8:31:09 PM GMT+2 [Modules] Streaming discord_desktop_core@1 to /home/migio/.config/discord/0.0.91/modules/pending/discord_desktop_core-1.zip: 20%
4/29/2025, 8:31:09 PM GMT+2 [Modules] Streaming discord_desktop_core@1 to /home/migio/.config/discord/0.0.91/modules/pending/discord_desktop_core-1.zip: 21%
4/29/2025, 8:31:09 PM GMT+2 [Modules] Streaming discord_desktop_core@1 to /home/migio/.config/discord/0.0.91/modules/pending/discord_desktop_core-1.zip: 22%
4/29/2025, 8:31:09 PM GMT+2 [Modules] Streaming discord_desktop_core@1 to /home/migio/.config/discord/0.0.91/modules/pending/discord_desktop_core-1.zip: 23%
4/29/2025, 8:31:09 PM GMT+2 [Modules] Streaming discord_desktop_core@1 to /home/migio/.config/discord/0.0.91/modules/pending/discord_desktop_core-1.zip: 25%
4/29/2025, 8:31:09 PM GMT+2 [Modules] Streaming discord_desktop_core@1 to /home/migio/.config/discord/0.0.91/modules/pending/discord_desktop_core-1.zip: 27%
4/29/2025, 8:31:09 PM GMT+2 [Modules] Streaming discord_desktop_core@1 to /home/migio/.config/discord/0.0.91/modules/pending/discord_desktop_core-1.zip: 29%
4/29/2025, 8:31:09 PM GMT+2 [Modules] Streaming discord_desktop_core@1 to /home/migio/.config/discord/0.0.91/modules/pending/discord_desktop_core-1.zip: 32%
4/29/2025, 8:31:09 PM GMT+2 [Modules] Streaming discord_desktop_core@1 to /home/migio/.config/discord/0.0.91/modules/pending/discord_desktop_core-1.zip: 33%
4/29/2025, 8:31:09 PM GMT+2 [Modules] Streaming discord_desktop_core@1 to /home/migio/.config/discord/0.0.91/modules/pending/discord_desktop_core-1.zip: 34%
4/29/2025, 8:31:09 PM GMT+2 [Modules] Streaming discord_desktop_core@1 to /home/migio/.config/discord/0.0.91/modules/pending/discord_desktop_core-1.zip: 35%
4/29/2025, 8:31:09 PM GMT+2 [Modules] Streaming discord_desktop_core@1 to /home/migio/.config/discord/0.0.91/modules/pending/discord_desktop_core-1.zip: 36%
4/29/2025, 8:31:09 PM GMT+2 [Modules] Streaming discord_desktop_core@1 to /home/migio/.config/discord/0.0.91/modules/pending/discord_desktop_core-1.zip: 37%
4/29/2025, 8:31:09 PM GMT+2 [Modules] Streaming discord_desktop_core@1 to /home/migio/.config/discord/0.0.91/modules/pending/discord_desktop_core-1.zip: 38%
4/29/2025, 8:31:09 PM GMT+2 [Modules] Streaming discord_desktop_core@1 to /home/migio/.config/discord/0.0.91/modules/pending/discord_desktop_core-1.zip: 40%
4/29/2025, 8:31:09 PM GMT+2 [Modules] Streaming discord_desktop_core@1 to /home/migio/.config/discord/0.0.91/modules/pending/discord_desktop_core-1.zip: 41%
4/29/2025, 8:31:09 PM GMT+2 [Modules] Streaming discord_desktop_core@1 to /home/migio/.config/discord/0.0.91/modules/pending/discord_desktop_core-1.zip: 43%
4/29/2025, 8:31:09 PM GMT+2 [Modules] Streaming discord_desktop_core@1 to /home/migio/.config/discord/0.0.91/modules/pending/discord_desktop_core-1.zip: 45%
4/29/2025, 8:31:09 PM GMT+2 [Modules] Streaming discord_desktop_core@1 to /home/migio/.config/discord/0.0.91/modules/pending/discord_desktop_core-1.zip: 47%
4/29/2025, 8:31:09 PM GMT+2 [Modules] Streaming discord_desktop_core@1 to /home/migio/.config/discord/0.0.91/modules/pending/discord_desktop_core-1.zip: 51%
4/29/2025, 8:31:09 PM GMT+2 [Modules] Streaming discord_desktop_core@1 to /home/migio/.config/discord/0.0.91/modules/pending/discord_desktop_core-1.zip: 53%
4/29/2025, 8:31:09 PM GMT+2 [Modules] Streaming discord_desktop_core@1 to /home/migio/.config/discord/0.0.91/modules/pending/discord_desktop_core-1.zip: 55%
4/29/2025, 8:31:09 PM GMT+2 [Modules] Streaming discord_desktop_core@1 to /home/migio/.config/discord/0.0.91/modules/pending/discord_desktop_core-1.zip: 56%
4/29/2025, 8:31:09 PM GMT+2 [Modules] Streaming discord_desktop_core@1 to /home/migio/.config/discord/0.0.91/modules/pending/discord_desktop_core-1.zip: 57%
4/29/2025, 8:31:09 PM GMT+2 [Modules] Streaming discord_desktop_core@1 to /home/migio/.config/discord/0.0.91/modules/pending/discord_desktop_core-1.zip: 58%
4/29/2025, 8:31:09 PM GMT+2 [Modules] Streaming discord_desktop_core@1 to /home/migio/.config/discord/0.0.91/modules/pending/discord_desktop_core-1.zip: 60%
4/29/2025, 8:31:09 PM GMT+2 [Modules] Streaming discord_desktop_core@1 to /home/migio/.config/discord/0.0.91/modules/pending/discord_desktop_core-1.zip: 62%
4/29/2025, 8:31:09 PM GMT+2 [Modules] Streaming discord_desktop_core@1 to /home/migio/.config/discord/0.0.91/modules/pending/discord_desktop_core-1.zip: 63%
4/29/2025, 8:31:09 PM GMT+2 [Modules] Streaming discord_desktop_core@1 to /home/migio/.config/discord/0.0.91/modules/pending/discord_desktop_core-1.zip: 68%
4/29/2025, 8:31:09 PM GMT+2 [Modules] Streaming discord_desktop_core@1 to /home/migio/.config/discord/0.0.91/modules/pending/discord_desktop_core-1.zip: 70%
4/29/2025, 8:31:09 PM GMT+2 [Modules] Streaming discord_desktop_core@1 to /home/migio/.config/discord/0.0.91/modules/pending/discord_desktop_core-1.zip: 72%
4/29/2025, 8:31:09 PM GMT+2 [Modules] Streaming discord_desktop_core@1 to /home/migio/.config/discord/0.0.91/modules/pending/discord_desktop_core-1.zip: 73%
4/29/2025, 8:31:09 PM GMT+2 [Modules] Streaming discord_desktop_core@1 to /home/migio/.config/discord/0.0.91/modules/pending/discord_desktop_core-1.zip: 75%
4/29/2025, 8:31:09 PM GMT+2 [Modules] Streaming discord_desktop_core@1 to /home/migio/.config/discord/0.0.91/modules/pending/discord_desktop_core-1.zip: 78%
4/29/2025, 8:31:09 PM GMT+2 [Modules] Streaming discord_desktop_core@1 to /home/migio/.config/discord/0.0.91/modules/pending/discord_desktop_core-1.zip: 79%
4/29/2025, 8:31:09 PM GMT+2 [Modules] Streaming discord_desktop_core@1 to /home/migio/.config/discord/0.0.91/modules/pending/discord_desktop_core-1.zip: 80%
4/29/2025, 8:31:09 PM GMT+2 [Modules] Streaming discord_desktop_core@1 to /home/migio/.config/discord/0.0.91/modules/pending/discord_desktop_core-1.zip: 81%
4/29/2025, 8:31:09 PM GMT+2 [Modules] Streaming discord_desktop_core@1 to /home/migio/.config/discord/0.0.91/modules/pending/discord_desktop_core-1.zip: 82%
4/29/2025, 8:31:09 PM GMT+2 [Modules] Streaming discord_desktop_core@1 to /home/migio/.config/discord/0.0.91/modules/pending/discord_desktop_core-1.zip: 84%
4/29/2025, 8:31:09 PM GMT+2 [Modules] Streaming discord_desktop_core@1 to /home/migio/.config/discord/0.0.91/modules/pending/discord_desktop_core-1.zip: 89%
4/29/2025, 8:31:09 PM GMT+2 [Modules] Streaming discord_desktop_core@1 to /home/migio/.config/discord/0.0.91/modules/pending/discord_desktop_core-1.zip: 90%
4/29/2025, 8:31:09 PM GMT+2 [Modules] Streaming discord_desktop_core@1 to /home/migio/.config/discord/0.0.91/modules/pending/discord_desktop_core-1.zip: 94%
4/29/2025, 8:31:09 PM GMT+2 [Modules] Streaming discord_desktop_core@1 to /home/migio/.config/discord/0.0.91/modules/pending/discord_desktop_core-1.zip: 99%
4/29/2025, 8:31:09 PM GMT+2 [Modules] Streaming discord_desktop_core@1 to /home/migio/.config/discord/0.0.91/modules/pending/discord_desktop_core-1.zip: 100%
4/29/2025, 8:31:09 PM GMT+2 [Modules] Fetching discord_erlpack@1 from https://discord.com/api/modules/stable/discord_erlpack/1
4/29/2025, 8:31:09 PM GMT+2 [Modules] Streaming discord_erlpack@1 to /home/migio/.config/discord/0.0.91/modules/pending/discord_erlpack-1.zip
4/29/2025, 8:31:10 PM GMT+2 [Modules] Streaming discord_erlpack@1 to /home/migio/.config/discord/0.0.91/modules/pending/discord_erlpack-1.zip: 2%
4/29/2025, 8:31:10 PM GMT+2 [Modules] Streaming discord_erlpack@1 to /home/migio/.config/discord/0.0.91/modules/pending/discord_erlpack-1.zip: 10%
4/29/2025, 8:31:10 PM GMT+2 [Modules] Streaming discord_erlpack@1 to /home/migio/.config/discord/0.0.91/modules/pending/discord_erlpack-1.zip: 19%
4/29/2025, 8:31:10 PM GMT+2 [Modules] Streaming discord_erlpack@1 to /home/migio/.config/discord/0.0.91/modules/pending/discord_erlpack-1.zip: 21%
4/29/2025, 8:31:10 PM GMT+2 [Modules] Streaming discord_erlpack@1 to /home/migio/.config/discord/0.0.91/modules/pending/discord_erlpack-1.zip: 23%
4/29/2025, 8:31:10 PM GMT+2 [Modules] Streaming discord_erlpack@1 to /home/migio/.config/discord/0.0.91/modules/pending/discord_erlpack-1.zip: 25%
4/29/2025, 8:31:10 PM GMT+2 [Modules] Streaming discord_erlpack@1 to /home/migio/.config/discord/0.0.91/modules/pending/discord_erlpack-1.zip: 26%
4/29/2025, 8:31:10 PM GMT+2 [Modules] Streaming discord_erlpack@1 to /home/migio/.config/discord/0.0.91/modules/pending/discord_erlpack-1.zip: 28%
4/29/2025, 8:31:10 PM GMT+2 [Modules] Streaming discord_erlpack@1 to /home/migio/.config/discord/0.0.91/modules/pending/discord_erlpack-1.zip: 29%
4/29/2025, 8:31:10 PM GMT+2 [Modules] Streaming discord_erlpack@1 to /home/migio/.config/discord/0.0.91/modules/pending/discord_erlpack-1.zip: 31%
4/29/2025, 8:31:10 PM GMT+2 [Modules] Streaming discord_erlpack@1 to /home/migio/.config/discord/0.0.91/modules/pending/discord_erlpack-1.zip: 34%
4/29/2025, 8:31:10 PM GMT+2 [Modules] Streaming discord_erlpack@1 to /home/migio/.config/discord/0.0.91/modules/pending/discord_erlpack-1.zip: 38%
4/29/2025, 8:31:10 PM GMT+2 [Modules] Streaming discord_erlpack@1 to /home/migio/.config/discord/0.0.91/modules/pending/discord_erlpack-1.zip: 42%
4/29/2025, 8:31:10 PM GMT+2 [Modules] Streaming discord_erlpack@1 to /home/migio/.config/discord/0.0.91/modules/pending/discord_erlpack-1.zip: 45%
4/29/2025, 8:31:10 PM GMT+2 [Modules] Streaming discord_erlpack@1 to /home/migio/.config/discord/0.0.91/modules/pending/discord_erlpack-1.zip: 49%
4/29/2025, 8:31:10 PM GMT+2 [Modules] Streaming discord_erlpack@1 to /home/migio/.config/discord/0.0.91/modules/pending/discord_erlpack-1.zip: 51%
4/29/2025, 8:31:10 PM GMT+2 [Modules] Streaming discord_erlpack@1 to /home/migio/.config/discord/0.0.91/modules/pending/discord_erlpack-1.zip: 52%
4/29/2025, 8:31:10 PM GMT+2 [Modules] Streaming discord_erlpack@1 to /home/migio/.config/discord/0.0.91/modules/pending/discord_erlpack-1.zip: 54%
4/29/2025, 8:31:10 PM GMT+2 [Modules] Streaming discord_erlpack@1 to /home/migio/.config/discord/0.0.91/modules/pending/discord_erlpack-1.zip: 57%
4/29/2025, 8:31:10 PM GMT+2 [Modules] Streaming discord_erlpack@1 to /home/migio/.config/discord/0.0.91/modules/pending/discord_erlpack-1.zip: 58%
4/29/2025, 8:31:10 PM GMT+2 [Modules] Streaming discord_erlpack@1 to /home/migio/.config/discord/0.0.91/modules/pending/discord_erlpack-1.zip: 60%
4/29/2025, 8:31:10 PM GMT+2 [Modules] Streaming discord_erlpack@1 to /home/migio/.config/discord/0.0.91/modules/pending/discord_erlpack-1.zip: 65%
4/29/2025, 8:31:10 PM GMT+2 [Modules] Streaming discord_erlpack@1 to /home/migio/.config/discord/0.0.91/modules/pending/discord_erlpack-1.zip: 69%
4/29/2025, 8:31:10 PM GMT+2 [Modules] Streaming discord_erlpack@1 to /home/migio/.config/discord/0.0.91/modules/pending/discord_erlpack-1.zip: 72%
4/29/2025, 8:31:10 PM GMT+2 [Modules] Streaming discord_erlpack@1 to /home/migio/.config/discord/0.0.91/modules/pending/discord_erlpack-1.zip: 73%
4/29/2025, 8:31:10 PM GMT+2 [Modules] Streaming discord_erlpack@1 to /home/migio/.config/discord/0.0.91/modules/pending/discord_erlpack-1.zip: 75%
4/29/2025, 8:31:10 PM GMT+2 [Modules] Streaming discord_erlpack@1 to /home/migio/.config/discord/0.0.91/modules/pending/discord_erlpack-1.zip: 78%
4/29/2025, 8:31:10 PM GMT+2 [Modules] Streaming discord_erlpack@1 to /home/migio/.config/discord/0.0.91/modules/pending/discord_erlpack-1.zip: 79%
4/29/2025, 8:31:10 PM GMT+2 [Modules] Streaming discord_erlpack@1 to /home/migio/.config/discord/0.0.91/modules/pending/discord_erlpack-1.zip: 80%
4/29/2025, 8:31:10 PM GMT+2 [Modules] Streaming discord_erlpack@1 to /home/migio/.config/discord/0.0.91/modules/pending/discord_erlpack-1.zip: 81%
4/29/2025, 8:31:10 PM GMT+2 [Modules] Streaming discord_erlpack@1 to /home/migio/.config/discord/0.0.91/modules/pending/discord_erlpack-1.zip: 82%
4/29/2025, 8:31:10 PM GMT+2 [Modules] Streaming discord_erlpack@1 to /home/migio/.config/discord/0.0.91/modules/pending/discord_erlpack-1.zip: 83%
4/29/2025, 8:31:10 PM GMT+2 [Modules] Streaming discord_erlpack@1 to /home/migio/.config/discord/0.0.91/modules/pending/discord_erlpack-1.zip: 84%
4/29/2025, 8:31:10 PM GMT+2 [Modules] Streaming discord_erlpack@1 to /home/migio/.config/discord/0.0.91/modules/pending/discord_erlpack-1.zip: 85%
4/29/2025, 8:31:10 PM GMT+2 [Modules] Streaming discord_erlpack@1 to /home/migio/.config/discord/0.0.91/modules/pending/discord_erlpack-1.zip: 87%
4/29/2025, 8:31:10 PM GMT+2 [Modules] Streaming discord_erlpack@1 to /home/migio/.config/discord/0.0.91/modules/pending/discord_erlpack-1.zip: 88%
4/29/2025, 8:31:10 PM GMT+2 [Modules] Streaming discord_erlpack@1 to /home/migio/.config/discord/0.0.91/modules/pending/discord_erlpack-1.zip: 91%
4/29/2025, 8:31:10 PM GMT+2 [Modules] Streaming discord_erlpack@1 to /home/migio/.config/discord/0.0.91/modules/pending/discord_erlpack-1.zip: 93%
4/29/2025, 8:31:10 PM GMT+2 [Modules] Streaming discord_erlpack@1 to /home/migio/.config/discord/0.0.91/modules/pending/discord_erlpack-1.zip: 94%
4/29/2025, 8:31:10 PM GMT+2 [Modules] Streaming discord_erlpack@1 to /home/migio/.config/discord/0.0.91/modules/pending/discord_erlpack-1.zip: 98%
4/29/2025, 8:31:10 PM GMT+2 [Modules] Streaming discord_erlpack@1 to /home/migio/.config/discord/0.0.91/modules/pending/discord_erlpack-1.zip: 100%
4/29/2025, 8:31:10 PM GMT+2 [Modules] Fetching discord_spellcheck@1 from https://discord.com/api/modules/stable/discord_spellcheck/1
4/29/2025, 8:31:10 PM GMT+2 [Modules] Streaming discord_spellcheck@1 to /home/migio/.config/discord/0.0.91/modules/pending/discord_spellcheck-1.zip
4/29/2025, 8:31:10 PM GMT+2 [Modules] Streaming discord_spellcheck@1 to /home/migio/.config/discord/0.0.91/modules/pending/discord_spellcheck-1.zip: 1%
4/29/2025, 8:31:10 PM GMT+2 [Modules] Streaming discord_spellcheck@1 to /home/migio/.config/discord/0.0.91/modules/pending/discord_spellcheck-1.zip: 2%
4/29/2025, 8:31:10 PM GMT+2 [Modules] Streaming discord_spellcheck@1 to /home/migio/.config/discord/0.0.91/modules/pending/discord_spellcheck-1.zip: 3%
4/29/2025, 8:31:10 PM GMT+2 [Modules] Streaming discord_spellcheck@1 to /home/migio/.config/discord/0.0.91/modules/pending/discord_spellcheck-1.zip: 4%
4/29/2025, 8:31:10 PM GMT+2 [Modules] Streaming discord_spellcheck@1 to /home/migio/.config/discord/0.0.91/modules/pending/discord_spellcheck-1.zip: 5%
4/29/2025, 8:31:10 PM GMT+2 [Modules] Streaming discord_spellcheck@1 to /home/migio/.config/discord/0.0.91/modules/pending/discord_spellcheck-1.zip: 6%
4/29/2025, 8:31:10 PM GMT+2 [Modules] Streaming discord_spellcheck@1 to /home/migio/.config/discord/0.0.91/modules/pending/discord_spellcheck-1.zip: 7%
4/29/2025, 8:31:10 PM GMT+2 [Modules] Streaming discord_spellcheck@1 to /home/migio/.config/discord/0.0.91/modules/pending/discord_spellcheck-1.zip: 8%
4/29/2025, 8:31:10 PM GMT+2 [Modules] Streaming discord_spellcheck@1 to /home/migio/.config/discord/0.0.91/modules/pending/discord_spellcheck-1.zip: 9%
4/29/2025, 8:31:10 PM GMT+2 [Modules] Streaming discord_spellcheck@1 to /home/migio/.config/discord/0.0.91/modules/pending/discord_spellcheck-1.zip: 10%
4/29/2025, 8:31:10 PM GMT+2 [Modules] Streaming discord_spellcheck@1 to /home/migio/.config/discord/0.0.91/modules/pending/discord_spellcheck-1.zip: 11%
4/29/2025, 8:31:10 PM GMT+2 [Modules] Streaming discord_spellcheck@1 to /home/migio/.config/discord/0.0.91/modules/pending/discord_spellcheck-1.zip: 12%
4/29/2025, 8:31:10 PM GMT+2 [Modules] Streaming discord_spellcheck@1 to /home/migio/.config/discord/0.0.91/modules/pending/discord_spellcheck-1.zip: 13%
4/29/2025, 8:31:10 PM GMT+2 [Modules] Streaming discord_spellcheck@1 to /home/migio/.config/discord/0.0.91/modules/pending/discord_spellcheck-1.zip: 14%
4/29/2025, 8:31:10 PM GMT+2 [Modules] Streaming discord_spellcheck@1 to /home/migio/.config/discord/0.0.91/modules/pending/discord_spellcheck-1.zip: 15%
4/29/2025, 8:31:10 PM GMT+2 [Modules] Streaming discord_spellcheck@1 to /home/migio/.config/discord/0.0.91/modules/pending/discord_spellcheck-1.zip: 16%
4/29/2025, 8:31:10 PM GMT+2 [Modules] Streaming discord_spellcheck@1 to /home/migio/.config/discord/0.0.91/modules/pending/discord_spellcheck-1.zip: 17%
4/29/2025, 8:31:10 PM GMT+2 [Modules] Streaming discord_spellcheck@1 to /home/migio/.config/discord/0.0.91/modules/pending/discord_spellcheck-1.zip: 18%
4/29/2025, 8:31:10 PM GMT+2 [Modules] Streaming discord_spellcheck@1 to /home/migio/.config/discord/0.0.91/modules/pending/discord_spellcheck-1.zip: 19%
4/29/2025, 8:31:10 PM GMT+2 [Modules] Streaming discord_spellcheck@1 to /home/migio/.config/discord/0.0.91/modules/pending/discord_spellcheck-1.zip: 20%
4/29/2025, 8:31:10 PM GMT+2 [Modules] Streaming discord_spellcheck@1 to /home/migio/.config/discord/0.0.91/modules/pending/discord_spellcheck-1.zip: 21%
4/29/2025, 8:31:10 PM GMT+2 [Modules] Streaming discord_spellcheck@1 to /home/migio/.config/discord/0.0.91/modules/pending/discord_spellcheck-1.zip: 22%
4/29/2025, 8:31:10 PM GMT+2 [Modules] Streaming discord_spellcheck@1 to /home/migio/.config/discord/0.0.91/modules/pending/discord_spellcheck-1.zip: 23%
4/29/2025, 8:31:10 PM GMT+2 [Modules] Streaming discord_spellcheck@1 to /home/migio/.config/discord/0.0.91/modules/pending/discord_spellcheck-1.zip: 24%
4/29/2025, 8:31:10 PM GMT+2 [Modules] Streaming discord_spellcheck@1 to /home/migio/.config/discord/0.0.91/modules/pending/discord_spellcheck-1.zip: 25%
4/29/2025, 8:31:10 PM GMT+2 [Modules] Streaming discord_spellcheck@1 to /home/migio/.config/discord/0.0.91/modules/pending/discord_spellcheck-1.zip: 26%
4/29/2025, 8:31:10 PM GMT+2 [Modules] Streaming discord_spellcheck@1 to /home/migio/.config/discord/0.0.91/modules/pending/discord_spellcheck-1.zip: 27%
4/29/2025, 8:31:10 PM GMT+2 [Modules] Streaming discord_spellcheck@1 to /home/migio/.config/discord/0.0.91/modules/pending/discord_spellcheck-1.zip: 28%
4/29/2025, 8:31:10 PM GMT+2 [Modules] Streaming discord_spellcheck@1 to /home/migio/.config/discord/0.0.91/modules/pending/discord_spellcheck-1.zip: 29%
4/29/2025, 8:31:10 PM GMT+2 [Modules] Streaming discord_spellcheck@1 to /home/migio/.config/discord/0.0.91/modules/pending/discord_spellcheck-1.zip: 30%
4/29/2025, 8:31:10 PM GMT+2 [Modules] Streaming discord_spellcheck@1 to /home/migio/.config/discord/0.0.91/modules/pending/discord_spellcheck-1.zip: 31%
4/29/2025, 8:31:10 PM GMT+2 [Modules] Streaming discord_spellcheck@1 to /home/migio/.config/discord/0.0.91/modules/pending/discord_spellcheck-1.zip: 32%
4/29/2025, 8:31:10 PM GMT+2 [Modules] Streaming discord_spellcheck@1 to /home/migio/.config/discord/0.0.91/modules/pending/discord_spellcheck-1.zip: 33%
4/29/2025, 8:31:10 PM GMT+2 [Modules] Streaming discord_spellcheck@1 to /home/migio/.config/discord/0.0.91/modules/pending/discord_spellcheck-1.zip: 34%
4/29/2025, 8:31:10 PM GMT+2 [Modules] Streaming discord_spellcheck@1 to /home/migio/.config/discord/0.0.91/modules/pending/discord_spellcheck-1.zip: 35%
4/29/2025, 8:31:10 PM GMT+2 [Modules] Streaming discord_spellcheck@1 to /home/migio/.config/discord/0.0.91/modules/pending/discord_spellcheck-1.zip: 36%
4/29/2025, 8:31:10 PM GMT+2 [Modules] Streaming discord_spellcheck@1 to /home/migio/.config/discord/0.0.91/modules/pending/discord_spellcheck-1.zip: 37%
4/29/2025, 8:31:10 PM GMT+2 [Modules] Streaming discord_spellcheck@1 to /home/migio/.config/discord/0.0.91/modules/pending/discord_spellcheck-1.zip: 38%
4/29/2025, 8:31:10 PM GMT+2 [Modules] Streaming discord_spellcheck@1 to /home/migio/.config/discord/0.0.91/modules/pending/discord_spellcheck-1.zip: 39%
4/29/2025, 8:31:10 PM GMT+2 [Modules] Streaming discord_spellcheck@1 to /home/migio/.config/discord/0.0.91/modules/pending/discord_spellcheck-1.zip: 40%
4/29/2025, 8:31:10 PM GMT+2 [Modules] Streaming discord_spellcheck@1 to /home/migio/.config/discord/0.0.91/modules/pending/discord_spellcheck-1.zip: 41%
4/29/2025, 8:31:10 PM GMT+2 [Modules] Streaming discord_spellcheck@1 to /home/migio/.config/discord/0.0.91/modules/pending/discord_spellcheck-1.zip: 42%
4/29/2025, 8:31:10 PM GMT+2 [Modules] Streaming discord_spellcheck@1 to /home/migio/.config/discord/0.0.91/modules/pending/discord_spellcheck-1.zip: 43%
4/29/2025, 8:31:10 PM GMT+2 [Modules] Streaming discord_spellcheck@1 to /home/migio/.config/discord/0.0.91/modules/pending/discord_spellcheck-1.zip: 44%
4/29/2025, 8:31:10 PM GMT+2 [Modules] Streaming discord_spellcheck@1 to /home/migio/.config/discord/0.0.91/modules/pending/discord_spellcheck-1.zip: 45%
4/29/2025, 8:31:10 PM GMT+2 [Modules] Streaming discord_spellcheck@1 to /home/migio/.config/discord/0.0.91/modules/pending/discord_spellcheck-1.zip: 46%
4/29/2025, 8:31:10 PM GMT+2 [Modules] Streaming discord_spellcheck@1 to /home/migio/.config/discord/0.0.91/modules/pending/discord_spellcheck-1.zip: 47%
4/29/2025, 8:31:10 PM GMT+2 [Modules] Streaming discord_spellcheck@1 to /home/migio/.config/discord/0.0.91/modules/pending/discord_spellcheck-1.zip: 48%
4/29/2025, 8:31:10 PM GMT+2 [Modules] Streaming discord_spellcheck@1 to /home/migio/.config/discord/0.0.91/modules/pending/discord_spellcheck-1.zip: 49%
4/29/2025, 8:31:10 PM GMT+2 [Modules] Streaming discord_spellcheck@1 to /home/migio/.config/discord/0.0.91/modules/pending/discord_spellcheck-1.zip: 50%
4/29/2025, 8:31:10 PM GMT+2 [Modules] Streaming discord_spellcheck@1 to /home/migio/.config/discord/0.0.91/modules/pending/discord_spellcheck-1.zip: 51%
4/29/2025, 8:31:10 PM GMT+2 [Modules] Streaming discord_spellcheck@1 to /home/migio/.config/discord/0.0.91/modules/pending/discord_spellcheck-1.zip: 52%
4/29/2025, 8:31:10 PM GMT+2 [Modules] Streaming discord_spellcheck@1 to /home/migio/.config/discord/0.0.91/modules/pending/discord_spellcheck-1.zip: 53%
4/29/2025, 8:31:10 PM GMT+2 [Modules] Streaming discord_spellcheck@1 to /home/migio/.config/discord/0.0.91/modules/pending/discord_spellcheck-1.zip: 54%
4/29/2025, 8:31:10 PM GMT+2 [Modules] Streaming discord_spellcheck@1 to /home/migio/.config/discord/0.0.91/modules/pending/discord_spellcheck-1.zip: 55%
4/29/2025, 8:31:10 PM GMT+2 [Modules] Streaming discord_spellcheck@1 to /home/migio/.config/discord/0.0.91/modules/pending/discord_spellcheck-1.zip: 56%
4/29/2025, 8:31:10 PM GMT+2 [Modules] Streaming discord_spellcheck@1 to /home/migio/.config/discord/0.0.91/modules/pending/discord_spellcheck-1.zip: 57%
4/29/2025, 8:31:10 PM GMT+2 [Modules] Streaming discord_spellcheck@1 to /home/migio/.config/discord/0.0.91/modules/pending/discord_spellcheck-1.zip: 58%
4/29/2025, 8:31:10 PM GMT+2 [Modules] Streaming discord_spellcheck@1 to /home/migio/.config/discord/0.0.91/modules/pending/discord_spellcheck-1.zip: 59%
4/29/2025, 8:31:10 PM GMT+2 [Modules] Streaming discord_spellcheck@1 to /home/migio/.config/discord/0.0.91/modules/pending/discord_spellcheck-1.zip: 60%
4/29/2025, 8:31:10 PM GMT+2 [Modules] Streaming discord_spellcheck@1 to /home/migio/.config/discord/0.0.91/modules/pending/discord_spellcheck-1.zip: 61%
4/29/2025, 8:31:10 PM GMT+2 [Modules] Streaming discord_spellcheck@1 to /home/migio/.config/discord/0.0.91/modules/pending/discord_spellcheck-1.zip: 62%
4/29/2025, 8:31:10 PM GMT+2 [Modules] Streaming discord_spellcheck@1 to /home/migio/.config/discord/0.0.91/modules/pending/discord_spellcheck-1.zip: 63%
4/29/2025, 8:31:10 PM GMT+2 [Modules] Streaming discord_spellcheck@1 to /home/migio/.config/discord/0.0.91/modules/pending/discord_spellcheck-1.zip: 64%
4/29/2025, 8:31:10 PM GMT+2 [Modules] Streaming discord_spellcheck@1 to /home/migio/.config/discord/0.0.91/modules/pending/discord_spellcheck-1.zip: 65%
4/29/2025, 8:31:10 PM GMT+2 [Modules] Streaming discord_spellcheck@1 to /home/migio/.config/discord/0.0.91/modules/pending/discord_spellcheck-1.zip: 66%
4/29/2025, 8:31:10 PM GMT+2 [Modules] Streaming discord_spellcheck@1 to /home/migio/.config/discord/0.0.91/modules/pending/discord_spellcheck-1.zip: 67%
4/29/2025, 8:31:10 PM GMT+2 [Modules] Streaming discord_spellcheck@1 to /home/migio/.config/discord/0.0.91/modules/pending/discord_spellcheck-1.zip: 68%
4/29/2025, 8:31:10 PM GMT+2 [Modules] Streaming discord_spellcheck@1 to /home/migio/.config/discord/0.0.91/modules/pending/discord_spellcheck-1.zip: 69%
4/29/2025, 8:31:10 PM GMT+2 [Modules] Streaming discord_spellcheck@1 to /home/migio/.config/discord/0.0.91/modules/pending/discord_spellcheck-1.zip: 70%
4/29/2025, 8:31:10 PM GMT+2 [Modules] Streaming discord_spellcheck@1 to /home/migio/.config/discord/0.0.91/modules/pending/discord_spellcheck-1.zip: 71%
4/29/2025, 8:31:10 PM GMT+2 [Modules] Streaming discord_spellcheck@1 to /home/migio/.config/discord/0.0.91/modules/pending/discord_spellcheck-1.zip: 72%
4/29/2025, 8:31:10 PM GMT+2 [Modules] Streaming discord_spellcheck@1 to /home/migio/.config/discord/0.0.91/modules/pending/discord_spellcheck-1.zip: 73%
4/29/2025, 8:31:10 PM GMT+2 [Modules] Streaming discord_spellcheck@1 to /home/migio/.config/discord/0.0.91/modules/pending/discord_spellcheck-1.zip: 74%
4/29/2025, 8:31:10 PM GMT+2 [Modules] Streaming discord_spellcheck@1 to /home/migio/.config/discord/0.0.91/modules/pending/discord_spellcheck-1.zip: 75%
4/29/2025, 8:31:10 PM GMT+2 [Modules] Streaming discord_spellcheck@1 to /home/migio/.config/discord/0.0.91/modules/pending/discord_spellcheck-1.zip: 76%
4/29/2025, 8:31:10 PM GMT+2 [Modules] Streaming discord_spellcheck@1 to /home/migio/.config/discord/0.0.91/modules/pending/discord_spellcheck-1.zip: 77%
4/29/2025, 8:31:10 PM GMT+2 [Modules] Streaming discord_spellcheck@1 to /home/migio/.config/discord/0.0.91/modules/pending/discord_spellcheck-1.zip: 78%
4/29/2025, 8:31:10 PM GMT+2 [Modules] Streaming discord_spellcheck@1 to /home/migio/.config/discord/0.0.91/modules/pending/discord_spellcheck-1.zip: 79%
4/29/2025, 8:31:10 PM GMT+2 [Modules] Streaming discord_spellcheck@1 to /home/migio/.config/discord/0.0.91/modules/pending/discord_spellcheck-1.zip: 80%
4/29/2025, 8:31:10 PM GMT+2 [Modules] Streaming discord_spellcheck@1 to /home/migio/.config/discord/0.0.91/modules/pending/discord_spellcheck-1.zip: 81%
4/29/2025, 8:31:10 PM GMT+2 [Modules] Streaming discord_spellcheck@1 to /home/migio/.config/discord/0.0.91/modules/pending/discord_spellcheck-1.zip: 82%
4/29/2025, 8:31:10 PM GMT+2 [Modules] Streaming discord_spellcheck@1 to /home/migio/.config/discord/0.0.91/modules/pending/discord_spellcheck-1.zip: 83%
4/29/2025, 8:31:10 PM GMT+2 [Modules] Streaming discord_spellcheck@1 to /home/migio/.config/discord/0.0.91/modules/pending/discord_spellcheck-1.zip: 84%
4/29/2025, 8:31:10 PM GMT+2 [Modules] Streaming discord_spellcheck@1 to /home/migio/.config/discord/0.0.91/modules/pending/discord_spellcheck-1.zip: 85%
4/29/2025, 8:31:10 PM GMT+2 [Modules] Streaming discord_spellcheck@1 to /home/migio/.config/discord/0.0.91/modules/pending/discord_spellcheck-1.zip: 86%
4/29/2025, 8:31:10 PM GMT+2 [Modules] Streaming discord_spellcheck@1 to /home/migio/.config/discord/0.0.91/modules/pending/discord_spellcheck-1.zip: 87%
4/29/2025, 8:31:10 PM GMT+2 [Modules] Streaming discord_spellcheck@1 to /home/migio/.config/discord/0.0.91/modules/pending/discord_spellcheck-1.zip: 88%
4/29/2025, 8:31:10 PM GMT+2 [Modules] Streaming discord_spellcheck@1 to /home/migio/.config/discord/0.0.91/modules/pending/discord_spellcheck-1.zip: 89%
4/29/2025, 8:31:10 PM GMT+2 [Modules] Streaming discord_spellcheck@1 to /home/migio/.config/discord/0.0.91/modules/pending/discord_spellcheck-1.zip: 90%
4/29/2025, 8:31:10 PM GMT+2 [Modules] Streaming discord_spellcheck@1 to /home/migio/.config/discord/0.0.91/modules/pending/discord_spellcheck-1.zip: 91%
4/29/2025, 8:31:10 PM GMT+2 [Modules] Streaming discord_spellcheck@1 to /home/migio/.config/discord/0.0.91/modules/pending/discord_spellcheck-1.zip: 92%
4/29/2025, 8:31:10 PM GMT+2 [Modules] Streaming discord_spellcheck@1 to /home/migio/.config/discord/0.0.91/modules/pending/discord_spellcheck-1.zip: 94%
4/29/2025, 8:31:10 PM GMT+2 [Modules] Streaming discord_spellcheck@1 to /home/migio/.config/discord/0.0.91/modules/pending/discord_spellcheck-1.zip: 95%
4/29/2025, 8:31:10 PM GMT+2 [Modules] Streaming discord_spellcheck@1 to /home/migio/.config/discord/0.0.91/modules/pending/discord_spellcheck-1.zip: 96%
4/29/2025, 8:31:10 PM GMT+2 [Modules] Streaming discord_spellcheck@1 to /home/migio/.config/discord/0.0.91/modules/pending/discord_spellcheck-1.zip: 97%
4/29/2025, 8:31:10 PM GMT+2 [Modules] Streaming discord_spellcheck@1 to /home/migio/.config/discord/0.0.91/modules/pending/discord_spellcheck-1.zip: 98%
4/29/2025, 8:31:10 PM GMT+2 [Modules] Streaming discord_spellcheck@1 to /home/migio/.config/discord/0.0.91/modules/pending/discord_spellcheck-1.zip: 99%
4/29/2025, 8:31:11 PM GMT+2 [Modules] Streaming discord_spellcheck@1 to /home/migio/.config/discord/0.0.91/modules/pending/discord_spellcheck-1.zip: 100%
4/29/2025, 8:31:11 PM GMT+2 [Modules] Fetching discord_utils@1 from https://discord.com/api/modules/stable/discord_utils/1
4/29/2025, 8:31:11 PM GMT+2 [Modules] Streaming discord_utils@1 to /home/migio/.config/discord/0.0.91/modules/pending/discord_utils-1.zip
4/29/2025, 8:31:11 PM GMT+2 [Modules] Streaming discord_utils@1 to /home/migio/.config/discord/0.0.91/modules/pending/discord_utils-1.zip: 1%
4/29/2025, 8:31:11 PM GMT+2 [Modules] Streaming discord_utils@1 to /home/migio/.config/discord/0.0.91/modules/pending/discord_utils-1.zip: 2%
4/29/2025, 8:31:11 PM GMT+2 [Modules] Streaming discord_utils@1 to /home/migio/.config/discord/0.0.91/modules/pending/discord_utils-1.zip: 3%
4/29/2025, 8:31:11 PM GMT+2 [Modules] Streaming discord_utils@1 to /home/migio/.config/discord/0.0.91/modules/pending/discord_utils-1.zip: 4%
4/29/2025, 8:31:11 PM GMT+2 [Modules] Streaming discord_utils@1 to /home/migio/.config/discord/0.0.91/modules/pending/discord_utils-1.zip: 5%
4/29/2025, 8:31:11 PM GMT+2 [Modules] Streaming discord_utils@1 to /home/migio/.config/discord/0.0.91/modules/pending/discord_utils-1.zip: 6%
4/29/2025, 8:31:11 PM GMT+2 [Modules] Streaming discord_utils@1 to /home/migio/.config/discord/0.0.91/modules/pending/discord_utils-1.zip: 7%
4/29/2025, 8:31:11 PM GMT+2 [Modules] Streaming discord_utils@1 to /home/migio/.config/discord/0.0.91/modules/pending/discord_utils-1.zip: 8%
4/29/2025, 8:31:11 PM GMT+2 [Modules] Streaming discord_utils@1 to /home/migio/.config/discord/0.0.91/modules/pending/discord_utils-1.zip: 9%
4/29/2025, 8:31:11 PM GMT+2 [Modules] Streaming discord_utils@1 to /home/migio/.config/discord/0.0.91/modules/pending/discord_utils-1.zip: 10%
4/29/2025, 8:31:11 PM GMT+2 [Modules] Streaming discord_utils@1 to /home/migio/.config/discord/0.0.91/modules/pending/discord_utils-1.zip: 12%
4/29/2025, 8:31:11 PM GMT+2 [Modules] Streaming discord_utils@1 to /home/migio/.config/discord/0.0.91/modules/pending/discord_utils-1.zip: 13%
4/29/2025, 8:31:11 PM GMT+2 [Modules] Streaming discord_utils@1 to /home/migio/.config/discord/0.0.91/modules/pending/discord_utils-1.zip: 14%
4/29/2025, 8:31:11 PM GMT+2 [Modules] Streaming discord_utils@1 to /home/migio/.config/discord/0.0.91/modules/pending/discord_utils-1.zip: 16%
4/29/2025, 8:31:11 PM GMT+2 [Modules] Streaming discord_utils@1 to /home/migio/.config/discord/0.0.91/modules/pending/discord_utils-1.zip: 17%
4/29/2025, 8:31:11 PM GMT+2 [Modules] Streaming discord_utils@1 to /home/migio/.config/discord/0.0.91/modules/pending/discord_utils-1.zip: 18%
4/29/2025, 8:31:11 PM GMT+2 [Modules] Streaming discord_utils@1 to /home/migio/.config/discord/0.0.91/modules/pending/discord_utils-1.zip: 19%
4/29/2025, 8:31:11 PM GMT+2 [Modules] Streaming discord_utils@1 to /home/migio/.config/discord/0.0.91/modules/pending/discord_utils-1.zip: 20%
4/29/2025, 8:31:11 PM GMT+2 [Modules] Streaming discord_utils@1 to /home/migio/.config/discord/0.0.91/modules/pending/discord_utils-1.zip: 22%
4/29/2025, 8:31:11 PM GMT+2 [Modules] Streaming discord_utils@1 to /home/migio/.config/discord/0.0.91/modules/pending/discord_utils-1.zip: 23%
4/29/2025, 8:31:11 PM GMT+2 [Modules] Streaming discord_utils@1 to /home/migio/.config/discord/0.0.91/modules/pending/discord_utils-1.zip: 25%
4/29/2025, 8:31:11 PM GMT+2 [Modules] Streaming discord_utils@1 to /home/migio/.config/discord/0.0.91/modules/pending/discord_utils-1.zip: 26%
4/29/2025, 8:31:11 PM GMT+2 [Modules] Streaming discord_utils@1 to /home/migio/.config/discord/0.0.91/modules/pending/discord_utils-1.zip: 27%
4/29/2025, 8:31:11 PM GMT+2 [Modules] Streaming discord_utils@1 to /home/migio/.config/discord/0.0.91/modules/pending/discord_utils-1.zip: 29%
4/29/2025, 8:31:11 PM GMT+2 [Modules] Streaming discord_utils@1 to /home/migio/.config/discord/0.0.91/modules/pending/discord_utils-1.zip: 30%
4/29/2025, 8:31:11 PM GMT+2 [Modules] Streaming discord_utils@1 to /home/migio/.config/discord/0.0.91/modules/pending/discord_utils-1.zip: 31%
4/29/2025, 8:31:11 PM GMT+2 [Modules] Streaming discord_utils@1 to /home/migio/.config/discord/0.0.91/modules/pending/discord_utils-1.zip: 33%
4/29/2025, 8:31:11 PM GMT+2 [Modules] Streaming discord_utils@1 to /home/migio/.config/discord/0.0.91/modules/pending/discord_utils-1.zip: 35%
4/29/2025, 8:31:11 PM GMT+2 [Modules] Streaming discord_utils@1 to /home/migio/.config/discord/0.0.91/modules/pending/discord_utils-1.zip: 36%
4/29/2025, 8:31:11 PM GMT+2 [Modules] Streaming discord_utils@1 to /home/migio/.config/discord/0.0.91/modules/pending/discord_utils-1.zip: 37%
4/29/2025, 8:31:11 PM GMT+2 [Modules] Streaming discord_utils@1 to /home/migio/.config/discord/0.0.91/modules/pending/discord_utils-1.zip: 38%
4/29/2025, 8:31:11 PM GMT+2 [Modules] Streaming discord_utils@1 to /home/migio/.config/discord/0.0.91/modules/pending/discord_utils-1.zip: 39%
4/29/2025, 8:31:11 PM GMT+2 [Modules] Streaming discord_utils@1 to /home/migio/.config/discord/0.0.91/modules/pending/discord_utils-1.zip: 40%
4/29/2025, 8:31:11 PM GMT+2 [Modules] Streaming discord_utils@1 to /home/migio/.config/discord/0.0.91/modules/pending/discord_utils-1.zip: 42%
4/29/2025, 8:31:11 PM GMT+2 [Modules] Streaming discord_utils@1 to /home/migio/.config/discord/0.0.91/modules/pending/discord_utils-1.zip: 43%
4/29/2025, 8:31:11 PM GMT+2 [Modules] Streaming discord_utils@1 to /home/migio/.config/discord/0.0.91/modules/pending/discord_utils-1.zip: 44%
4/29/2025, 8:31:11 PM GMT+2 [Modules] Streaming discord_utils@1 to /home/migio/.config/discord/0.0.91/modules/pending/discord_utils-1.zip: 45%
4/29/2025, 8:31:11 PM GMT+2 [Modules] Streaming discord_utils@1 to /home/migio/.config/discord/0.0.91/modules/pending/discord_utils-1.zip: 46%
4/29/2025, 8:31:11 PM GMT+2 [Modules] Streaming discord_utils@1 to /home/migio/.config/discord/0.0.91/modules/pending/discord_utils-1.zip: 47%
4/29/2025, 8:31:11 PM GMT+2 [Modules] Streaming discord_utils@1 to /home/migio/.config/discord/0.0.91/modules/pending/discord_utils-1.zip: 48%
4/29/2025, 8:31:11 PM GMT+2 [Modules] Streaming discord_utils@1 to /home/migio/.config/discord/0.0.91/modules/pending/discord_utils-1.zip: 49%
4/29/2025, 8:31:11 PM GMT+2 [Modules] Streaming discord_utils@1 to /home/migio/.config/discord/0.0.91/modules/pending/discord_utils-1.zip: 50%
4/29/2025, 8:31:11 PM GMT+2 [Modules] Streaming discord_utils@1 to /home/migio/.config/discord/0.0.91/modules/pending/discord_utils-1.zip: 51%
4/29/2025, 8:31:11 PM GMT+2 [Modules] Streaming discord_utils@1 to /home/migio/.config/discord/0.0.91/modules/pending/discord_utils-1.zip: 52%
4/29/2025, 8:31:11 PM GMT+2 [Modules] Streaming discord_utils@1 to /home/migio/.config/discord/0.0.91/modules/pending/discord_utils-1.zip: 53%
4/29/2025, 8:31:11 PM GMT+2 [Modules] Streaming discord_utils@1 to /home/migio/.config/discord/0.0.91/modules/pending/discord_utils-1.zip: 54%
4/29/2025, 8:31:11 PM GMT+2 [Modules] Streaming discord_utils@1 to /home/migio/.config/discord/0.0.91/modules/pending/discord_utils-1.zip: 55%
4/29/2025, 8:31:11 PM GMT+2 [Modules] Streaming discord_utils@1 to /home/migio/.config/discord/0.0.91/modules/pending/discord_utils-1.zip: 56%
4/29/2025, 8:31:11 PM GMT+2 [Modules] Streaming discord_utils@1 to /home/migio/.config/discord/0.0.91/modules/pending/discord_utils-1.zip: 59%
4/29/2025, 8:31:11 PM GMT+2 [Modules] Streaming discord_utils@1 to /home/migio/.config/discord/0.0.91/modules/pending/discord_utils-1.zip: 60%
4/29/2025, 8:31:11 PM GMT+2 [Modules] Streaming discord_utils@1 to /home/migio/.config/discord/0.0.91/modules/pending/discord_utils-1.zip: 63%
4/29/2025, 8:31:11 PM GMT+2 [Modules] Streaming discord_utils@1 to /home/migio/.config/discord/0.0.91/modules/pending/discord_utils-1.zip: 65%
4/29/2025, 8:31:11 PM GMT+2 [Modules] Streaming discord_utils@1 to /home/migio/.config/discord/0.0.91/modules/pending/discord_utils-1.zip: 66%
4/29/2025, 8:31:11 PM GMT+2 [Modules] Streaming discord_utils@1 to /home/migio/.config/discord/0.0.91/modules/pending/discord_utils-1.zip: 67%
4/29/2025, 8:31:11 PM GMT+2 [Modules] Streaming discord_utils@1 to /home/migio/.config/discord/0.0.91/modules/pending/discord_utils-1.zip: 69%
4/29/2025, 8:31:11 PM GMT+2 [Modules] Streaming discord_utils@1 to /home/migio/.config/discord/0.0.91/modules/pending/discord_utils-1.zip: 70%
4/29/2025, 8:31:11 PM GMT+2 [Modules] Streaming discord_utils@1 to /home/migio/.config/discord/0.0.91/modules/pending/discord_utils-1.zip: 71%
4/29/2025, 8:31:11 PM GMT+2 [Modules] Streaming discord_utils@1 to /home/migio/.config/discord/0.0.91/modules/pending/discord_utils-1.zip: 72%
4/29/2025, 8:31:11 PM GMT+2 [Modules] Streaming discord_utils@1 to /home/migio/.config/discord/0.0.91/modules/pending/discord_utils-1.zip: 73%
4/29/2025, 8:31:11 PM GMT+2 [Modules] Streaming discord_utils@1 to /home/migio/.config/discord/0.0.91/modules/pending/discord_utils-1.zip: 75%
4/29/2025, 8:31:11 PM GMT+2 [Modules] Streaming discord_utils@1 to /home/migio/.config/discord/0.0.91/modules/pending/discord_utils-1.zip: 76%
4/29/2025, 8:31:11 PM GMT+2 [Modules] Streaming discord_utils@1 to /home/migio/.config/discord/0.0.91/modules/pending/discord_utils-1.zip: 77%
4/29/2025, 8:31:11 PM GMT+2 [Modules] Streaming discord_utils@1 to /home/migio/.config/discord/0.0.91/modules/pending/discord_utils-1.zip: 79%
4/29/2025, 8:31:11 PM GMT+2 [Modules] Streaming discord_utils@1 to /home/migio/.config/discord/0.0.91/modules/pending/discord_utils-1.zip: 81%
4/29/2025, 8:31:11 PM GMT+2 [Modules] Streaming discord_utils@1 to /home/migio/.config/discord/0.0.91/modules/pending/discord_utils-1.zip: 82%
4/29/2025, 8:31:11 PM GMT+2 [Modules] Streaming discord_utils@1 to /home/migio/.config/discord/0.0.91/modules/pending/discord_utils-1.zip: 86%
4/29/2025, 8:31:11 PM GMT+2 [Modules] Streaming discord_utils@1 to /home/migio/.config/discord/0.0.91/modules/pending/discord_utils-1.zip: 87%
4/29/2025, 8:31:11 PM GMT+2 [Modules] Streaming discord_utils@1 to /home/migio/.config/discord/0.0.91/modules/pending/discord_utils-1.zip: 88%
4/29/2025, 8:31:11 PM GMT+2 [Modules] Streaming discord_utils@1 to /home/migio/.config/discord/0.0.91/modules/pending/discord_utils-1.zip: 89%
4/29/2025, 8:31:11 PM GMT+2 [Modules] Streaming discord_utils@1 to /home/migio/.config/discord/0.0.91/modules/pending/discord_utils-1.zip: 90%
4/29/2025, 8:31:11 PM GMT+2 [Modules] Streaming discord_utils@1 to /home/migio/.config/discord/0.0.91/modules/pending/discord_utils-1.zip: 91%
4/29/2025, 8:31:11 PM GMT+2 [Modules] Streaming discord_utils@1 to /home/migio/.config/discord/0.0.91/modules/pending/discord_utils-1.zip: 92%
4/29/2025, 8:31:11 PM GMT+2 [Modules] Streaming discord_utils@1 to /home/migio/.config/discord/0.0.91/modules/pending/discord_utils-1.zip: 93%
4/29/2025, 8:31:11 PM GMT+2 [Modules] Streaming discord_utils@1 to /home/migio/.config/discord/0.0.91/modules/pending/discord_utils-1.zip: 95%
4/29/2025, 8:31:11 PM GMT+2 [Modules] Streaming discord_utils@1 to /home/migio/.config/discord/0.0.91/modules/pending/discord_utils-1.zip: 96%
4/29/2025, 8:31:11 PM GMT+2 [Modules] Streaming discord_utils@1 to /home/migio/.config/discord/0.0.91/modules/pending/discord_utils-1.zip: 97%
4/29/2025, 8:31:11 PM GMT+2 [Modules] Streaming discord_utils@1 to /home/migio/.config/discord/0.0.91/modules/pending/discord_utils-1.zip: 98%
4/29/2025, 8:31:11 PM GMT+2 [Modules] Streaming discord_utils@1 to /home/migio/.config/discord/0.0.91/modules/pending/discord_utils-1.zip: 99%
4/29/2025, 8:31:11 PM GMT+2 [Modules] Streaming discord_utils@1 to /home/migio/.config/discord/0.0.91/modules/pending/discord_utils-1.zip: 100%
4/29/2025, 8:31:11 PM GMT+2 [Modules] Fetching discord_voice@1 from https://discord.com/api/modules/stable/discord_voice/1
4/29/2025, 8:31:11 PM GMT+2 [Modules] Streaming discord_voice@1 to /home/migio/.config/discord/0.0.91/modules/pending/discord_voice-1.zip
4/29/2025, 8:31:11 PM GMT+2 [Modules] Streaming discord_voice@1 to /home/migio/.config/discord/0.0.91/modules/pending/discord_voice-1.zip: 1%
4/29/2025, 8:31:11 PM GMT+2 [Modules] Streaming discord_voice@1 to /home/migio/.config/discord/0.0.91/modules/pending/discord_voice-1.zip: 2%
4/29/2025, 8:31:11 PM GMT+2 [Modules] Streaming discord_voice@1 to /home/migio/.config/discord/0.0.91/modules/pending/discord_voice-1.zip: 3%
4/29/2025, 8:31:11 PM GMT+2 [Modules] Streaming discord_voice@1 to /home/migio/.config/discord/0.0.91/modules/pending/discord_voice-1.zip: 4%
4/29/2025, 8:31:11 PM GMT+2 [Modules] Streaming discord_voice@1 to /home/migio/.config/discord/0.0.91/modules/pending/discord_voice-1.zip: 5%
4/29/2025, 8:31:11 PM GMT+2 [Modules] Streaming discord_voice@1 to /home/migio/.config/discord/0.0.91/modules/pending/discord_voice-1.zip: 6%
4/29/2025, 8:31:11 PM GMT+2 [Modules] Streaming discord_voice@1 to /home/migio/.config/discord/0.0.91/modules/pending/discord_voice-1.zip: 7%
4/29/2025, 8:31:11 PM GMT+2 [Modules] Streaming discord_voice@1 to /home/migio/.config/discord/0.0.91/modules/pending/discord_voice-1.zip: 8%
4/29/2025, 8:31:11 PM GMT+2 [Modules] Streaming discord_voice@1 to /home/migio/.config/discord/0.0.91/modules/pending/discord_voice-1.zip: 9%
4/29/2025, 8:31:11 PM GMT+2 [Modules] Streaming discord_voice@1 to /home/migio/.config/discord/0.0.91/modules/pending/discord_voice-1.zip: 10%
4/29/2025, 8:31:11 PM GMT+2 [Modules] Streaming discord_voice@1 to /home/migio/.config/discord/0.0.91/modules/pending/discord_voice-1.zip: 11%
4/29/2025, 8:31:11 PM GMT+2 [Modules] Streaming discord_voice@1 to /home/migio/.config/discord/0.0.91/modules/pending/discord_voice-1.zip: 12%
4/29/2025, 8:31:11 PM GMT+2 [Modules] Streaming discord_voice@1 to /home/migio/.config/discord/0.0.91/modules/pending/discord_voice-1.zip: 13%
4/29/2025, 8:31:11 PM GMT+2 [Modules] Streaming discord_voice@1 to /home/migio/.config/discord/0.0.91/modules/pending/discord_voice-1.zip: 14%
4/29/2025, 8:31:11 PM GMT+2 [Modules] Streaming discord_voice@1 to /home/migio/.config/discord/0.0.91/modules/pending/discord_voice-1.zip: 15%
4/29/2025, 8:31:11 PM GMT+2 [Modules] Streaming discord_voice@1 to /home/migio/.config/discord/0.0.91/modules/pending/discord_voice-1.zip: 16%
4/29/2025, 8:31:11 PM GMT+2 [Modules] Streaming discord_voice@1 to /home/migio/.config/discord/0.0.91/modules/pending/discord_voice-1.zip: 17%
4/29/2025, 8:31:11 PM GMT+2 [Modules] Streaming discord_voice@1 to /home/migio/.config/discord/0.0.91/modules/pending/discord_voice-1.zip: 18%
4/29/2025, 8:31:11 PM GMT+2 [Modules] Streaming discord_voice@1 to /home/migio/.config/discord/0.0.91/modules/pending/discord_voice-1.zip: 19%
4/29/2025, 8:31:11 PM GMT+2 [Modules] Streaming discord_voice@1 to /home/migio/.config/discord/0.0.91/modules/pending/discord_voice-1.zip: 20%
4/29/2025, 8:31:11 PM GMT+2 [Modules] Streaming discord_voice@1 to /home/migio/.config/discord/0.0.91/modules/pending/discord_voice-1.zip: 21%
4/29/2025, 8:31:12 PM GMT+2 [Modules] Streaming discord_voice@1 to /home/migio/.config/discord/0.0.91/modules/pending/discord_voice-1.zip: 22%
4/29/2025, 8:31:12 PM GMT+2 [Modules] Streaming discord_voice@1 to /home/migio/.config/discord/0.0.91/modules/pending/discord_voice-1.zip: 23%
4/29/2025, 8:31:12 PM GMT+2 [Modules] Streaming discord_voice@1 to /home/migio/.config/discord/0.0.91/modules/pending/discord_voice-1.zip: 24%
4/29/2025, 8:31:12 PM GMT+2 [Modules] Streaming discord_voice@1 to /home/migio/.config/discord/0.0.91/modules/pending/discord_voice-1.zip: 25%
4/29/2025, 8:31:12 PM GMT+2 [Modules] Streaming discord_voice@1 to /home/migio/.config/discord/0.0.91/modules/pending/discord_voice-1.zip: 26%
4/29/2025, 8:31:12 PM GMT+2 [Modules] Streaming discord_voice@1 to /home/migio/.config/discord/0.0.91/modules/pending/discord_voice-1.zip: 28%
4/29/2025, 8:31:12 PM GMT+2 [Modules] Streaming discord_voice@1 to /home/migio/.config/discord/0.0.91/modules/pending/discord_voice-1.zip: 30%
4/29/2025, 8:31:12 PM GMT+2 [Modules] Streaming discord_voice@1 to /home/migio/.config/discord/0.0.91/modules/pending/discord_voice-1.zip: 31%
4/29/2025, 8:31:12 PM GMT+2 [Modules] Streaming discord_voice@1 to /home/migio/.config/discord/0.0.91/modules/pending/discord_voice-1.zip: 32%
4/29/2025, 8:31:12 PM GMT+2 [Modules] Streaming discord_voice@1 to /home/migio/.config/discord/0.0.91/modules/pending/discord_voice-1.zip: 33%
4/29/2025, 8:31:12 PM GMT+2 [Modules] Streaming discord_voice@1 to /home/migio/.config/discord/0.0.91/modules/pending/discord_voice-1.zip: 34%
4/29/2025, 8:31:12 PM GMT+2 [Modules] Streaming discord_voice@1 to /home/migio/.config/discord/0.0.91/modules/pending/discord_voice-1.zip: 35%
4/29/2025, 8:31:12 PM GMT+2 [Modules] Streaming discord_voice@1 to /home/migio/.config/discord/0.0.91/modules/pending/discord_voice-1.zip: 36%
4/29/2025, 8:31:12 PM GMT+2 [Modules] Streaming discord_voice@1 to /home/migio/.config/discord/0.0.91/modules/pending/discord_voice-1.zip: 37%
4/29/2025, 8:31:12 PM GMT+2 [Modules] Streaming discord_voice@1 to /home/migio/.config/discord/0.0.91/modules/pending/discord_voice-1.zip: 38%
4/29/2025, 8:31:12 PM GMT+2 [Modules] Streaming discord_voice@1 to /home/migio/.config/discord/0.0.91/modules/pending/discord_voice-1.zip: 39%
4/29/2025, 8:31:12 PM GMT+2 [Modules] Streaming discord_voice@1 to /home/migio/.config/discord/0.0.91/modules/pending/discord_voice-1.zip: 40%
4/29/2025, 8:31:12 PM GMT+2 [Modules] Streaming discord_voice@1 to /home/migio/.config/discord/0.0.91/modules/pending/discord_voice-1.zip: 41%
4/29/2025, 8:31:12 PM GMT+2 [Modules] Streaming discord_voice@1 to /home/migio/.config/discord/0.0.91/modules/pending/discord_voice-1.zip: 42%
4/29/2025, 8:31:12 PM GMT+2 [Modules] Streaming discord_voice@1 to /home/migio/.config/discord/0.0.91/modules/pending/discord_voice-1.zip: 43%
4/29/2025, 8:31:12 PM GMT+2 [Modules] Streaming discord_voice@1 to /home/migio/.config/discord/0.0.91/modules/pending/discord_voice-1.zip: 44%
4/29/2025, 8:31:12 PM GMT+2 [Modules] Streaming discord_voice@1 to /home/migio/.config/discord/0.0.91/modules/pending/discord_voice-1.zip: 45%
4/29/2025, 8:31:12 PM GMT+2 [Modules] Streaming discord_voice@1 to /home/migio/.config/discord/0.0.91/modules/pending/discord_voice-1.zip: 46%
4/29/2025, 8:31:12 PM GMT+2 [Modules] Streaming discord_voice@1 to /home/migio/.config/discord/0.0.91/modules/pending/discord_voice-1.zip: 47%
4/29/2025, 8:31:12 PM GMT+2 [Modules] Streaming discord_voice@1 to /home/migio/.config/discord/0.0.91/modules/pending/discord_voice-1.zip: 48%
4/29/2025, 8:31:12 PM GMT+2 [Modules] Streaming discord_voice@1 to /home/migio/.config/discord/0.0.91/modules/pending/discord_voice-1.zip: 49%
4/29/2025, 8:31:12 PM GMT+2 [Modules] Streaming discord_voice@1 to /home/migio/.config/discord/0.0.91/modules/pending/discord_voice-1.zip: 50%
4/29/2025, 8:31:12 PM GMT+2 [Modules] Streaming discord_voice@1 to /home/migio/.config/discord/0.0.91/modules/pending/discord_voice-1.zip: 51%
4/29/2025, 8:31:12 PM GMT+2 [Modules] Streaming discord_voice@1 to /home/migio/.config/discord/0.0.91/modules/pending/discord_voice-1.zip: 52%
4/29/2025, 8:31:12 PM GMT+2 [Modules] Streaming discord_voice@1 to /home/migio/.config/discord/0.0.91/modules/pending/discord_voice-1.zip: 53%
4/29/2025, 8:31:12 PM GMT+2 [Modules] Streaming discord_voice@1 to /home/migio/.config/discord/0.0.91/modules/pending/discord_voice-1.zip: 54%
4/29/2025, 8:31:12 PM GMT+2 [Modules] Streaming discord_voice@1 to /home/migio/.config/discord/0.0.91/modules/pending/discord_voice-1.zip: 55%
4/29/2025, 8:31:12 PM GMT+2 [Modules] Streaming discord_voice@1 to /home/migio/.config/discord/0.0.91/modules/pending/discord_voice-1.zip: 56%
4/29/2025, 8:31:12 PM GMT+2 [Modules] Streaming discord_voice@1 to /home/migio/.config/discord/0.0.91/modules/pending/discord_voice-1.zip: 57%
4/29/2025, 8:31:12 PM GMT+2 [Modules] Streaming discord_voice@1 to /home/migio/.config/discord/0.0.91/modules/pending/discord_voice-1.zip: 58%
4/29/2025, 8:31:12 PM GMT+2 [Modules] Streaming discord_voice@1 to /home/migio/.config/discord/0.0.91/modules/pending/discord_voice-1.zip: 59%
4/29/2025, 8:31:12 PM GMT+2 [Modules] Streaming discord_voice@1 to /home/migio/.config/discord/0.0.91/modules/pending/discord_voice-1.zip: 60%
4/29/2025, 8:31:12 PM GMT+2 [Modules] Streaming discord_voice@1 to /home/migio/.config/discord/0.0.91/modules/pending/discord_voice-1.zip: 61%
4/29/2025, 8:31:12 PM GMT+2 [Modules] Streaming discord_voice@1 to /home/migio/.config/discord/0.0.91/modules/pending/discord_voice-1.zip: 62%
4/29/2025, 8:31:12 PM GMT+2 [Modules] Streaming discord_voice@1 to /home/migio/.config/discord/0.0.91/modules/pending/discord_voice-1.zip: 63%
4/29/2025, 8:31:12 PM GMT+2 [Modules] Streaming discord_voice@1 to /home/migio/.config/discord/0.0.91/modules/pending/discord_voice-1.zip: 64%
4/29/2025, 8:31:12 PM GMT+2 [Modules] Streaming discord_voice@1 to /home/migio/.config/discord/0.0.91/modules/pending/discord_voice-1.zip: 65%
4/29/2025, 8:31:12 PM GMT+2 [Modules] Streaming discord_voice@1 to /home/migio/.config/discord/0.0.91/modules/pending/discord_voice-1.zip: 66%
4/29/2025, 8:31:12 PM GMT+2 [Modules] Streaming discord_voice@1 to /home/migio/.config/discord/0.0.91/modules/pending/discord_voice-1.zip: 67%
4/29/2025, 8:31:12 PM GMT+2 [Modules] Streaming discord_voice@1 to /home/migio/.config/discord/0.0.91/modules/pending/discord_voice-1.zip: 68%
4/29/2025, 8:31:12 PM GMT+2 [Modules] Streaming discord_voice@1 to /home/migio/.config/discord/0.0.91/modules/pending/discord_voice-1.zip: 69%
4/29/2025, 8:31:12 PM GMT+2 [Modules] Streaming discord_voice@1 to /home/migio/.config/discord/0.0.91/modules/pending/discord_voice-1.zip: 70%
4/29/2025, 8:31:12 PM GMT+2 [Modules] Streaming discord_voice@1 to /home/migio/.config/discord/0.0.91/modules/pending/discord_voice-1.zip: 71%
4/29/2025, 8:31:12 PM GMT+2 [Modules] Streaming discord_voice@1 to /home/migio/.config/discord/0.0.91/modules/pending/discord_voice-1.zip: 72%
4/29/2025, 8:31:12 PM GMT+2 [Modules] Streaming discord_voice@1 to /home/migio/.config/discord/0.0.91/modules/pending/discord_voice-1.zip: 73%
4/29/2025, 8:31:12 PM GMT+2 [Modules] Streaming discord_voice@1 to /home/migio/.config/discord/0.0.91/modules/pending/discord_voice-1.zip: 74%
4/29/2025, 8:31:12 PM GMT+2 [Modules] Streaming discord_voice@1 to /home/migio/.config/discord/0.0.91/modules/pending/discord_voice-1.zip: 75%
4/29/2025, 8:31:12 PM GMT+2 [Modules] Streaming discord_voice@1 to /home/migio/.config/discord/0.0.91/modules/pending/discord_voice-1.zip: 76%
4/29/2025, 8:31:12 PM GMT+2 [Modules] Streaming discord_voice@1 to /home/migio/.config/discord/0.0.91/modules/pending/discord_voice-1.zip: 77%
4/29/2025, 8:31:12 PM GMT+2 [Modules] Streaming discord_voice@1 to /home/migio/.config/discord/0.0.91/modules/pending/discord_voice-1.zip: 78%
4/29/2025, 8:31:12 PM GMT+2 [Modules] Streaming discord_voice@1 to /home/migio/.config/discord/0.0.91/modules/pending/discord_voice-1.zip: 79%
4/29/2025, 8:31:12 PM GMT+2 [Modules] Streaming discord_voice@1 to /home/migio/.config/discord/0.0.91/modules/pending/discord_voice-1.zip: 80%
4/29/2025, 8:31:12 PM GMT+2 [Modules] Streaming discord_voice@1 to /home/migio/.config/discord/0.0.91/modules/pending/discord_voice-1.zip: 81%
4/29/2025, 8:31:12 PM GMT+2 [Modules] Streaming discord_voice@1 to /home/migio/.config/discord/0.0.91/modules/pending/discord_voice-1.zip: 82%
4/29/2025, 8:31:12 PM GMT+2 [Modules] Streaming discord_voice@1 to /home/migio/.config/discord/0.0.91/modules/pending/discord_voice-1.zip: 83%
4/29/2025, 8:31:12 PM GMT+2 [Modules] Streaming discord_voice@1 to /home/migio/.config/discord/0.0.91/modules/pending/discord_voice-1.zip: 84%
4/29/2025, 8:31:12 PM GMT+2 [Modules] Streaming discord_voice@1 to /home/migio/.config/discord/0.0.91/modules/pending/discord_voice-1.zip: 85%
4/29/2025, 8:31:12 PM GMT+2 [Modules] Streaming discord_voice@1 to /home/migio/.config/discord/0.0.91/modules/pending/discord_voice-1.zip: 86%
4/29/2025, 8:31:12 PM GMT+2 [Modules] Streaming discord_voice@1 to /home/migio/.config/discord/0.0.91/modules/pending/discord_voice-1.zip: 87%
4/29/2025, 8:31:12 PM GMT+2 [Modules] Streaming discord_voice@1 to /home/migio/.config/discord/0.0.91/modules/pending/discord_voice-1.zip: 88%
4/29/2025, 8:31:12 PM GMT+2 [Modules] Streaming discord_voice@1 to /home/migio/.config/discord/0.0.91/modules/pending/discord_voice-1.zip: 89%
4/29/2025, 8:31:12 PM GMT+2 [Modules] Streaming discord_voice@1 to /home/migio/.config/discord/0.0.91/modules/pending/discord_voice-1.zip: 90%
4/29/2025, 8:31:12 PM GMT+2 [Modules] Streaming discord_voice@1 to /home/migio/.config/discord/0.0.91/modules/pending/discord_voice-1.zip: 91%
4/29/2025, 8:31:12 PM GMT+2 [Modules] Streaming discord_voice@1 to /home/migio/.config/discord/0.0.91/modules/pending/discord_voice-1.zip: 92%
4/29/2025, 8:31:12 PM GMT+2 [Modules] Streaming discord_voice@1 to /home/migio/.config/discord/0.0.91/modules/pending/discord_voice-1.zip: 93%
4/29/2025, 8:31:12 PM GMT+2 [Modules] Streaming discord_voice@1 to /home/migio/.config/discord/0.0.91/modules/pending/discord_voice-1.zip: 94%
4/29/2025, 8:31:12 PM GMT+2 [Modules] Streaming discord_voice@1 to /home/migio/.config/discord/0.0.91/modules/pending/discord_voice-1.zip: 95%
4/29/2025, 8:31:12 PM GMT+2 [Modules] Streaming discord_voice@1 to /home/migio/.config/discord/0.0.91/modules/pending/discord_voice-1.zip: 96%
4/29/2025, 8:31:12 PM GMT+2 [Modules] Streaming discord_voice@1 to /home/migio/.config/discord/0.0.91/modules/pending/discord_voice-1.zip: 97%
4/29/2025, 8:31:12 PM GMT+2 [Modules] Streaming discord_voice@1 to /home/migio/.config/discord/0.0.91/modules/pending/discord_voice-1.zip: 98%
4/29/2025, 8:31:12 PM GMT+2 [Modules] Streaming discord_voice@1 to /home/migio/.config/discord/0.0.91/modules/pending/discord_voice-1.zip: 99%
4/29/2025, 8:31:12 PM GMT+2 [Modules] Streaming discord_voice@1 to /home/migio/.config/discord/0.0.91/modules/pending/discord_voice-1.zip: 100%
4/29/2025, 8:31:12 PM GMT+2 [Modules] Fetching discord_zstd@1 from https://discord.com/api/modules/stable/discord_zstd/1
4/29/2025, 8:31:12 PM GMT+2 [Modules] Streaming discord_zstd@1 to /home/migio/.config/discord/0.0.91/modules/pending/discord_zstd-1.zip
4/29/2025, 8:31:13 PM GMT+2 [Modules] Streaming discord_zstd@1 to /home/migio/.config/discord/0.0.91/modules/pending/discord_zstd-1.zip: 1%
4/29/2025, 8:31:13 PM GMT+2 [Modules] Streaming discord_zstd@1 to /home/migio/.config/discord/0.0.91/modules/pending/discord_zstd-1.zip: 2%
4/29/2025, 8:31:13 PM GMT+2 [Modules] Streaming discord_zstd@1 to /home/migio/.config/discord/0.0.91/modules/pending/discord_zstd-1.zip: 10%
4/29/2025, 8:31:13 PM GMT+2 [Modules] Streaming discord_zstd@1 to /home/migio/.config/discord/0.0.91/modules/pending/discord_zstd-1.zip: 11%
4/29/2025, 8:31:13 PM GMT+2 [Modules] Streaming discord_zstd@1 to /home/migio/.config/discord/0.0.91/modules/pending/discord_zstd-1.zip: 15%
4/29/2025, 8:31:13 PM GMT+2 [Modules] Streaming discord_zstd@1 to /home/migio/.config/discord/0.0.91/modules/pending/discord_zstd-1.zip: 17%
4/29/2025, 8:31:13 PM GMT+2 [Modules] Streaming discord_zstd@1 to /home/migio/.config/discord/0.0.91/modules/pending/discord_zstd-1.zip: 20%
4/29/2025, 8:31:13 PM GMT+2 [Modules] Streaming discord_zstd@1 to /home/migio/.config/discord/0.0.91/modules/pending/discord_zstd-1.zip: 21%
4/29/2025, 8:31:13 PM GMT+2 [Modules] Streaming discord_zstd@1 to /home/migio/.config/discord/0.0.91/modules/pending/discord_zstd-1.zip: 25%
4/29/2025, 8:31:13 PM GMT+2 [Modules] Streaming discord_zstd@1 to /home/migio/.config/discord/0.0.91/modules/pending/discord_zstd-1.zip: 27%
4/29/2025, 8:31:13 PM GMT+2 [Modules] Streaming discord_zstd@1 to /home/migio/.config/discord/0.0.91/modules/pending/discord_zstd-1.zip: 30%
4/29/2025, 8:31:13 PM GMT+2 [Modules] Streaming discord_zstd@1 to /home/migio/.config/discord/0.0.91/modules/pending/discord_zstd-1.zip: 31%
4/29/2025, 8:31:13 PM GMT+2 [Modules] Streaming discord_zstd@1 to /home/migio/.config/discord/0.0.91/modules/pending/discord_zstd-1.zip: 32%
4/29/2025, 8:31:13 PM GMT+2 [Modules] Streaming discord_zstd@1 to /home/migio/.config/discord/0.0.91/modules/pending/discord_zstd-1.zip: 35%
4/29/2025, 8:31:13 PM GMT+2 [Modules] Streaming discord_zstd@1 to /home/migio/.config/discord/0.0.91/modules/pending/discord_zstd-1.zip: 38%
4/29/2025, 8:31:13 PM GMT+2 [Modules] Streaming discord_zstd@1 to /home/migio/.config/discord/0.0.91/modules/pending/discord_zstd-1.zip: 42%
4/29/2025, 8:31:13 PM GMT+2 [Modules] Streaming discord_zstd@1 to /home/migio/.config/discord/0.0.91/modules/pending/discord_zstd-1.zip: 45%
4/29/2025, 8:31:13 PM GMT+2 [Modules] Streaming discord_zstd@1 to /home/migio/.config/discord/0.0.91/modules/pending/discord_zstd-1.zip: 47%
4/29/2025, 8:31:13 PM GMT+2 [Modules] Streaming discord_zstd@1 to /home/migio/.config/discord/0.0.91/modules/pending/discord_zstd-1.zip: 51%
4/29/2025, 8:31:13 PM GMT+2 [Modules] Streaming discord_zstd@1 to /home/migio/.config/discord/0.0.91/modules/pending/discord_zstd-1.zip: 52%
4/29/2025, 8:31:13 PM GMT+2 [Modules] Streaming discord_zstd@1 to /home/migio/.config/discord/0.0.91/modules/pending/discord_zstd-1.zip: 56%
4/29/2025, 8:31:13 PM GMT+2 [Modules] Streaming discord_zstd@1 to /home/migio/.config/discord/0.0.91/modules/pending/discord_zstd-1.zip: 58%
4/29/2025, 8:31:13 PM GMT+2 [Modules] Streaming discord_zstd@1 to /home/migio/.config/discord/0.0.91/modules/pending/discord_zstd-1.zip: 61%
4/29/2025, 8:31:13 PM GMT+2 [Modules] Streaming discord_zstd@1 to /home/migio/.config/discord/0.0.91/modules/pending/discord_zstd-1.zip: 63%
4/29/2025, 8:31:13 PM GMT+2 [Modules] Streaming discord_zstd@1 to /home/migio/.config/discord/0.0.91/modules/pending/discord_zstd-1.zip: 66%
4/29/2025, 8:31:13 PM GMT+2 [Modules] Streaming discord_zstd@1 to /home/migio/.config/discord/0.0.91/modules/pending/discord_zstd-1.zip: 68%
4/29/2025, 8:31:13 PM GMT+2 [Modules] Streaming discord_zstd@1 to /home/migio/.config/discord/0.0.91/modules/pending/discord_zstd-1.zip: 69%
4/29/2025, 8:31:13 PM GMT+2 [Modules] Streaming discord_zstd@1 to /home/migio/.config/discord/0.0.91/modules/pending/discord_zstd-1.zip: 71%
4/29/2025, 8:31:13 PM GMT+2 [Modules] Streaming discord_zstd@1 to /home/migio/.config/discord/0.0.91/modules/pending/discord_zstd-1.zip: 73%
4/29/2025, 8:31:13 PM GMT+2 [Modules] Streaming discord_zstd@1 to /home/migio/.config/discord/0.0.91/modules/pending/discord_zstd-1.zip: 76%
4/29/2025, 8:31:13 PM GMT+2 [Modules] Streaming discord_zstd@1 to /home/migio/.config/discord/0.0.91/modules/pending/discord_zstd-1.zip: 78%
4/29/2025, 8:31:13 PM GMT+2 [Modules] Streaming discord_zstd@1 to /home/migio/.config/discord/0.0.91/modules/pending/discord_zstd-1.zip: 86%
4/29/2025, 8:31:13 PM GMT+2 [Modules] Streaming discord_zstd@1 to /home/migio/.config/discord/0.0.91/modules/pending/discord_zstd-1.zip: 88%
4/29/2025, 8:31:13 PM GMT+2 [Modules] Streaming discord_zstd@1 to /home/migio/.config/discord/0.0.91/modules/pending/discord_zstd-1.zip: 91%
4/29/2025, 8:31:13 PM GMT+2 [Modules] Streaming discord_zstd@1 to /home/migio/.config/discord/0.0.91/modules/pending/discord_zstd-1.zip: 92%
4/29/2025, 8:31:13 PM GMT+2 [Modules] Streaming discord_zstd@1 to /home/migio/.config/discord/0.0.91/modules/pending/discord_zstd-1.zip: 93%
4/29/2025, 8:31:13 PM GMT+2 [Modules] Streaming discord_zstd@1 to /home/migio/.config/discord/0.0.91/modules/pending/discord_zstd-1.zip: 96%
4/29/2025, 8:31:13 PM GMT+2 [Modules] Streaming discord_zstd@1 to /home/migio/.config/discord/0.0.91/modules/pending/discord_zstd-1.zip: 100%
4/29/2025, 8:31:13 PM GMT+2 [Modules] Finished module downloads. [success: 6] [failure: 0]
4/29/2025, 8:31:13 PM GMT+2 [Modules] Installing updates...
4/29/2025, 8:31:13 PM GMT+2 [Modules] Installing discord_desktop_core@1 from /home/migio/.config/discord/0.0.91/modules/pending/discord_desktop_core-1.zip
4/29/2025, 8:31:14 PM GMT+2 [Modules] Installing discord_erlpack@1 from /home/migio/.config/discord/0.0.91/modules/pending/discord_erlpack-1.zip
4/29/2025, 8:31:14 PM GMT+2 [Modules] Installing discord_spellcheck@1 from /home/migio/.config/discord/0.0.91/modules/pending/discord_spellcheck-1.zip
4/29/2025, 8:31:15 PM GMT+2 [Modules] Installing discord_utils@1 from /home/migio/.config/discord/0.0.91/modules/pending/discord_utils-1.zip
4/29/2025, 8:31:15 PM GMT+2 [Modules] Installing discord_voice@1 from /home/migio/.config/discord/0.0.91/modules/pending/discord_voice-1.zip
4/29/2025, 8:31:16 PM GMT+2 [Modules] Installing discord_zstd@1 from /home/migio/.config/discord/0.0.91/modules/pending/discord_zstd-1.zip
4/29/2025, 8:31:16 PM GMT+2 [Modules] Finished module installations. [success: 6] [failure: 0]
4/29/2025, 8:31:16 PM GMT+2 [Modules] Host is up to date.
4/29/2025, 8:31:16 PM GMT+2 [Modules] Checking for module updates at https://discord.com/api/modules/stable/versions.json
4/29/2025, 8:31:16 PM GMT+2 [Modules] No module updates available.
4/29/2025, 8:31:18 PM GMT+2 [Modules] Starting to install discord_krisp...
4/29/2025, 8:31:18 PM GMT+2 [Modules] Fetching discord_krisp@1 from https://discord.com/api/modules/stable/discord_krisp/1
4/29/2025, 8:31:18 PM GMT+2 [Modules] Streaming discord_krisp@1 to /home/migio/.config/discord/0.0.91/modules/pending/discord_krisp-1.zip
4/29/2025, 8:31:18 PM GMT+2 [Modules] Starting to install discord_game_utils...
4/29/2025, 8:31:18 PM GMT+2 [Modules] Streaming discord_krisp@1 to /home/migio/.config/discord/0.0.91/modules/pending/discord_krisp-1.zip: 1%
4/29/2025, 8:31:18 PM GMT+2 [Modules] Streaming discord_krisp@1 to /home/migio/.config/discord/0.0.91/modules/pending/discord_krisp-1.zip: 2%
4/29/2025, 8:31:19 PM GMT+2 [Modules] Streaming discord_krisp@1 to /home/migio/.config/discord/0.0.91/modules/pending/discord_krisp-1.zip: 3%
4/29/2025, 8:31:19 PM GMT+2 [Modules] Streaming discord_krisp@1 to /home/migio/.config/discord/0.0.91/modules/pending/discord_krisp-1.zip: 4%
4/29/2025, 8:31:19 PM GMT+2 [Modules] Streaming discord_krisp@1 to /home/migio/.config/discord/0.0.91/modules/pending/discord_krisp-1.zip: 5%
4/29/2025, 8:31:19 PM GMT+2 [Modules] Streaming discord_krisp@1 to /home/migio/.config/discord/0.0.91/modules/pending/discord_krisp-1.zip: 6%
4/29/2025, 8:31:19 PM GMT+2 [Modules] Streaming discord_krisp@1 to /home/migio/.config/discord/0.0.91/modules/pending/discord_krisp-1.zip: 7%
4/29/2025, 8:31:19 PM GMT+2 [Modules] Streaming discord_krisp@1 to /home/migio/.config/discord/0.0.91/modules/pending/discord_krisp-1.zip: 8%
4/29/2025, 8:31:19 PM GMT+2 [Modules] Streaming discord_krisp@1 to /home/migio/.config/discord/0.0.91/modules/pending/discord_krisp-1.zip: 9%
4/29/2025, 8:31:19 PM GMT+2 [Modules] Streaming discord_krisp@1 to /home/migio/.config/discord/0.0.91/modules/pending/discord_krisp-1.zip: 10%
4/29/2025, 8:31:19 PM GMT+2 [Modules] Streaming discord_krisp@1 to /home/migio/.config/discord/0.0.91/modules/pending/discord_krisp-1.zip: 11%
4/29/2025, 8:31:19 PM GMT+2 [Modules] Streaming discord_krisp@1 to /home/migio/.config/discord/0.0.91/modules/pending/discord_krisp-1.zip: 12%
4/29/2025, 8:31:19 PM GMT+2 [Modules] Streaming discord_krisp@1 to /home/migio/.config/discord/0.0.91/modules/pending/discord_krisp-1.zip: 13%
4/29/2025, 8:31:19 PM GMT+2 [Modules] Streaming discord_krisp@1 to /home/migio/.config/discord/0.0.91/modules/pending/discord_krisp-1.zip: 14%
4/29/2025, 8:31:19 PM GMT+2 [Modules] Streaming discord_krisp@1 to /home/migio/.config/discord/0.0.91/modules/pending/discord_krisp-1.zip: 15%
4/29/2025, 8:31:19 PM GMT+2 [Modules] Streaming discord_krisp@1 to /home/migio/.config/discord/0.0.91/modules/pending/discord_krisp-1.zip: 16%
4/29/2025, 8:31:19 PM GMT+2 [Modules] Streaming discord_krisp@1 to /home/migio/.config/discord/0.0.91/modules/pending/discord_krisp-1.zip: 17%
4/29/2025, 8:31:19 PM GMT+2 [Modules] Streaming discord_krisp@1 to /home/migio/.config/discord/0.0.91/modules/pending/discord_krisp-1.zip: 18%
4/29/2025, 8:31:19 PM GMT+2 [Modules] Streaming discord_krisp@1 to /home/migio/.config/discord/0.0.91/modules/pending/discord_krisp-1.zip: 19%
4/29/2025, 8:31:19 PM GMT+2 [Modules] Streaming discord_krisp@1 to /home/migio/.config/discord/0.0.91/modules/pending/discord_krisp-1.zip: 20%
4/29/2025, 8:31:19 PM GMT+2 [Modules] Streaming discord_krisp@1 to /home/migio/.config/discord/0.0.91/modules/pending/discord_krisp-1.zip: 21%
4/29/2025, 8:31:19 PM GMT+2 [Modules] Streaming discord_krisp@1 to /home/migio/.config/discord/0.0.91/modules/pending/discord_krisp-1.zip: 22%
4/29/2025, 8:31:19 PM GMT+2 [Modules] Streaming discord_krisp@1 to /home/migio/.config/discord/0.0.91/modules/pending/discord_krisp-1.zip: 23%
4/29/2025, 8:31:19 PM GMT+2 [Modules] Streaming discord_krisp@1 to /home/migio/.config/discord/0.0.91/modules/pending/discord_krisp-1.zip: 24%
4/29/2025, 8:31:19 PM GMT+2 [Modules] Streaming discord_krisp@1 to /home/migio/.config/discord/0.0.91/modules/pending/discord_krisp-1.zip: 25%
4/29/2025, 8:31:19 PM GMT+2 [Modules] Streaming discord_krisp@1 to /home/migio/.config/discord/0.0.91/modules/pending/discord_krisp-1.zip: 26%
4/29/2025, 8:31:19 PM GMT+2 [Modules] Streaming discord_krisp@1 to /home/migio/.config/discord/0.0.91/modules/pending/discord_krisp-1.zip: 27%
4/29/2025, 8:31:19 PM GMT+2 [Modules] Streaming discord_krisp@1 to /home/migio/.config/discord/0.0.91/modules/pending/discord_krisp-1.zip: 28%
4/29/2025, 8:31:19 PM GMT+2 [Modules] Starting to install discord_rpc...
4/29/2025, 8:31:20 PM GMT+2 [Modules] Streaming discord_krisp@1 to /home/migio/.config/discord/0.0.91/modules/pending/discord_krisp-1.zip: 29%
4/29/2025, 8:31:20 PM GMT+2 [Modules] Streaming discord_krisp@1 to /home/migio/.config/discord/0.0.91/modules/pending/discord_krisp-1.zip: 30%
4/29/2025, 8:31:20 PM GMT+2 [Modules] Streaming discord_krisp@1 to /home/migio/.config/discord/0.0.91/modules/pending/discord_krisp-1.zip: 33%
4/29/2025, 8:31:20 PM GMT+2 [Modules] Streaming discord_krisp@1 to /home/migio/.config/discord/0.0.91/modules/pending/discord_krisp-1.zip: 34%
4/29/2025, 8:31:20 PM GMT+2 [Modules] Streaming discord_krisp@1 to /home/migio/.config/discord/0.0.91/modules/pending/discord_krisp-1.zip: 35%
4/29/2025, 8:31:20 PM GMT+2 [Modules] Streaming discord_krisp@1 to /home/migio/.config/discord/0.0.91/modules/pending/discord_krisp-1.zip: 36%
4/29/2025, 8:31:20 PM GMT+2 [Modules] Streaming discord_krisp@1 to /home/migio/.config/discord/0.0.91/modules/pending/discord_krisp-1.zip: 37%
4/29/2025, 8:31:20 PM GMT+2 [Modules] Streaming discord_krisp@1 to /home/migio/.config/discord/0.0.91/modules/pending/discord_krisp-1.zip: 38%
4/29/2025, 8:31:20 PM GMT+2 [Modules] Streaming discord_krisp@1 to /home/migio/.config/discord/0.0.91/modules/pending/discord_krisp-1.zip: 39%
4/29/2025, 8:31:20 PM GMT+2 [Modules] Streaming discord_krisp@1 to /home/migio/.config/discord/0.0.91/modules/pending/discord_krisp-1.zip: 40%
4/29/2025, 8:31:20 PM GMT+2 [Modules] Streaming discord_krisp@1 to /home/migio/.config/discord/0.0.91/modules/pending/discord_krisp-1.zip: 41%
4/29/2025, 8:31:20 PM GMT+2 [Modules] Streaming discord_krisp@1 to /home/migio/.config/discord/0.0.91/modules/pending/discord_krisp-1.zip: 42%
4/29/2025, 8:31:20 PM GMT+2 [Modules] Streaming discord_krisp@1 to /home/migio/.config/discord/0.0.91/modules/pending/discord_krisp-1.zip: 43%
4/29/2025, 8:31:21 PM GMT+2 [Modules] Streaming discord_krisp@1 to /home/migio/.config/discord/0.0.91/modules/pending/discord_krisp-1.zip: 44%
4/29/2025, 8:31:21 PM GMT+2 [Modules] Streaming discord_krisp@1 to /home/migio/.config/discord/0.0.91/modules/pending/discord_krisp-1.zip: 45%
4/29/2025, 8:31:21 PM GMT+2 [Modules] Streaming discord_krisp@1 to /home/migio/.config/discord/0.0.91/modules/pending/discord_krisp-1.zip: 46%
4/29/2025, 8:31:21 PM GMT+2 [Modules] Streaming discord_krisp@1 to /home/migio/.config/discord/0.0.91/modules/pending/discord_krisp-1.zip: 47%
4/29/2025, 8:31:21 PM GMT+2 [Modules] Streaming discord_krisp@1 to /home/migio/.config/discord/0.0.91/modules/pending/discord_krisp-1.zip: 48%
4/29/2025, 8:31:21 PM GMT+2 [Modules] Streaming discord_krisp@1 to /home/migio/.config/discord/0.0.91/modules/pending/discord_krisp-1.zip: 49%
4/29/2025, 8:31:21 PM GMT+2 [Modules] Streaming discord_krisp@1 to /home/migio/.config/discord/0.0.91/modules/pending/discord_krisp-1.zip: 50%
4/29/2025, 8:31:21 PM GMT+2 [Modules] Streaming discord_krisp@1 to /home/migio/.config/discord/0.0.91/modules/pending/discord_krisp-1.zip: 51%
4/29/2025, 8:31:21 PM GMT+2 [Modules] Streaming discord_krisp@1 to /home/migio/.config/discord/0.0.91/modules/pending/discord_krisp-1.zip: 52%
4/29/2025, 8:31:21 PM GMT+2 [Modules] Streaming discord_krisp@1 to /home/migio/.config/discord/0.0.91/modules/pending/discord_krisp-1.zip: 53%
4/29/2025, 8:31:21 PM GMT+2 [Modules] Streaming discord_krisp@1 to /home/migio/.config/discord/0.0.91/modules/pending/discord_krisp-1.zip: 54%
4/29/2025, 8:31:21 PM GMT+2 [Modules] Streaming discord_krisp@1 to /home/migio/.config/discord/0.0.91/modules/pending/discord_krisp-1.zip: 55%
4/29/2025, 8:31:21 PM GMT+2 [Modules] Streaming discord_krisp@1 to /home/migio/.config/discord/0.0.91/modules/pending/discord_krisp-1.zip: 56%
4/29/2025, 8:31:21 PM GMT+2 [Modules] Streaming discord_krisp@1 to /home/migio/.config/discord/0.0.91/modules/pending/discord_krisp-1.zip: 57%
4/29/2025, 8:31:21 PM GMT+2 [Modules] Streaming discord_krisp@1 to /home/migio/.config/discord/0.0.91/modules/pending/discord_krisp-1.zip: 58%
4/29/2025, 8:31:21 PM GMT+2 [Modules] Streaming discord_krisp@1 to /home/migio/.config/discord/0.0.91/modules/pending/discord_krisp-1.zip: 59%
4/29/2025, 8:31:21 PM GMT+2 [Modules] Streaming discord_krisp@1 to /home/migio/.config/discord/0.0.91/modules/pending/discord_krisp-1.zip: 60%
4/29/2025, 8:31:21 PM GMT+2 [Modules] Streaming discord_krisp@1 to /home/migio/.config/discord/0.0.91/modules/pending/discord_krisp-1.zip: 61%
4/29/2025, 8:31:22 PM GMT+2 [Modules] Streaming discord_krisp@1 to /home/migio/.config/discord/0.0.91/modules/pending/discord_krisp-1.zip: 62%
4/29/2025, 8:31:22 PM GMT+2 [Modules] Streaming discord_krisp@1 to /home/migio/.config/discord/0.0.91/modules/pending/discord_krisp-1.zip: 63%
4/29/2025, 8:31:22 PM GMT+2 [Modules] Streaming discord_krisp@1 to /home/migio/.config/discord/0.0.91/modules/pending/discord_krisp-1.zip: 64%
4/29/2025, 8:31:22 PM GMT+2 [Modules] Streaming discord_krisp@1 to /home/migio/.config/discord/0.0.91/modules/pending/discord_krisp-1.zip: 65%
4/29/2025, 8:31:22 PM GMT+2 [Modules] Streaming discord_krisp@1 to /home/migio/.config/discord/0.0.91/modules/pending/discord_krisp-1.zip: 66%
4/29/2025, 8:31:22 PM GMT+2 [Modules] Streaming discord_krisp@1 to /home/migio/.config/discord/0.0.91/modules/pending/discord_krisp-1.zip: 67%
4/29/2025, 8:31:22 PM GMT+2 [Modules] Streaming discord_krisp@1 to /home/migio/.config/discord/0.0.91/modules/pending/discord_krisp-1.zip: 68%
4/29/2025, 8:31:22 PM GMT+2 [Modules] Streaming discord_krisp@1 to /home/migio/.config/discord/0.0.91/modules/pending/discord_krisp-1.zip: 69%
4/29/2025, 8:31:22 PM GMT+2 [Modules] Streaming discord_krisp@1 to /home/migio/.config/discord/0.0.91/modules/pending/discord_krisp-1.zip: 70%
4/29/2025, 8:31:22 PM GMT+2 [Modules] Streaming discord_krisp@1 to /home/migio/.config/discord/0.0.91/modules/pending/discord_krisp-1.zip: 71%
4/29/2025, 8:31:22 PM GMT+2 [Modules] Streaming discord_krisp@1 to /home/migio/.config/discord/0.0.91/modules/pending/discord_krisp-1.zip: 72%
4/29/2025, 8:31:22 PM GMT+2 [Modules] Streaming discord_krisp@1 to /home/migio/.config/discord/0.0.91/modules/pending/discord_krisp-1.zip: 73%
4/29/2025, 8:31:22 PM GMT+2 [Modules] Streaming discord_krisp@1 to /home/migio/.config/discord/0.0.91/modules/pending/discord_krisp-1.zip: 74%
4/29/2025, 8:31:22 PM GMT+2 [Modules] Streaming discord_krisp@1 to /home/migio/.config/discord/0.0.91/modules/pending/discord_krisp-1.zip: 75%
4/29/2025, 8:31:22 PM GMT+2 [Modules] Streaming discord_krisp@1 to /home/migio/.config/discord/0.0.91/modules/pending/discord_krisp-1.zip: 76%
4/29/2025, 8:31:22 PM GMT+2 [Modules] Streaming discord_krisp@1 to /home/migio/.config/discord/0.0.91/modules/pending/discord_krisp-1.zip: 77%
4/29/2025, 8:31:22 PM GMT+2 [Modules] Streaming discord_krisp@1 to /home/migio/.config/discord/0.0.91/modules/pending/discord_krisp-1.zip: 78%
4/29/2025, 8:31:22 PM GMT+2 [Modules] Streaming discord_krisp@1 to /home/migio/.config/discord/0.0.91/modules/pending/discord_krisp-1.zip: 79%
4/29/2025, 8:31:22 PM GMT+2 [Modules] Streaming discord_krisp@1 to /home/migio/.config/discord/0.0.91/modules/pending/discord_krisp-1.zip: 80%
4/29/2025, 8:31:22 PM GMT+2 [Modules] Streaming discord_krisp@1 to /home/migio/.config/discord/0.0.91/modules/pending/discord_krisp-1.zip: 81%
4/29/2025, 8:31:22 PM GMT+2 [Modules] Streaming discord_krisp@1 to /home/migio/.config/discord/0.0.91/modules/pending/discord_krisp-1.zip: 82%
4/29/2025, 8:31:22 PM GMT+2 [Modules] Streaming discord_krisp@1 to /home/migio/.config/discord/0.0.91/modules/pending/discord_krisp-1.zip: 83%
4/29/2025, 8:31:22 PM GMT+2 [Modules] Streaming discord_krisp@1 to /home/migio/.config/discord/0.0.91/modules/pending/discord_krisp-1.zip: 84%
4/29/2025, 8:31:22 PM GMT+2 [Modules] Streaming discord_krisp@1 to /home/migio/.config/discord/0.0.91/modules/pending/discord_krisp-1.zip: 85%
4/29/2025, 8:31:22 PM GMT+2 [Modules] Streaming discord_krisp@1 to /home/migio/.config/discord/0.0.91/modules/pending/discord_krisp-1.zip: 86%
4/29/2025, 8:31:22 PM GMT+2 [Modules] Streaming discord_krisp@1 to /home/migio/.config/discord/0.0.91/modules/pending/discord_krisp-1.zip: 87%
4/29/2025, 8:31:22 PM GMT+2 [Modules] Streaming discord_krisp@1 to /home/migio/.config/discord/0.0.91/modules/pending/discord_krisp-1.zip: 88%
4/29/2025, 8:31:22 PM GMT+2 [Modules] Streaming discord_krisp@1 to /home/migio/.config/discord/0.0.91/modules/pending/discord_krisp-1.zip: 89%
4/29/2025, 8:31:22 PM GMT+2 [Modules] Streaming discord_krisp@1 to /home/migio/.config/discord/0.0.91/modules/pending/discord_krisp-1.zip: 90%
4/29/2025, 8:31:22 PM GMT+2 [Modules] Streaming discord_krisp@1 to /home/migio/.config/discord/0.0.91/modules/pending/discord_krisp-1.zip: 91%
4/29/2025, 8:31:22 PM GMT+2 [Modules] Streaming discord_krisp@1 to /home/migio/.config/discord/0.0.91/modules/pending/discord_krisp-1.zip: 92%
4/29/2025, 8:31:22 PM GMT+2 [Modules] Streaming discord_krisp@1 to /home/migio/.config/discord/0.0.91/modules/pending/discord_krisp-1.zip: 93%
4/29/2025, 8:31:22 PM GMT+2 [Modules] Streaming discord_krisp@1 to /home/migio/.config/discord/0.0.91/modules/pending/discord_krisp-1.zip: 94%
4/29/2025, 8:31:22 PM GMT+2 [Modules] Streaming discord_krisp@1 to /home/migio/.config/discord/0.0.91/modules/pending/discord_krisp-1.zip: 95%
4/29/2025, 8:31:22 PM GMT+2 [Modules] Streaming discord_krisp@1 to /home/migio/.config/discord/0.0.91/modules/pending/discord_krisp-1.zip: 96%
4/29/2025, 8:31:22 PM GMT+2 [Modules] Streaming discord_krisp@1 to /home/migio/.config/discord/0.0.91/modules/pending/discord_krisp-1.zip: 97%
4/29/2025, 8:31:22 PM GMT+2 [Modules] Streaming discord_krisp@1 to /home/migio/.config/discord/0.0.91/modules/pending/discord_krisp-1.zip: 98%
4/29/2025, 8:31:22 PM GMT+2 [Modules] Streaming discord_krisp@1 to /home/migio/.config/discord/0.0.91/modules/pending/discord_krisp-1.zip: 99%
4/29/2025, 8:31:22 PM GMT+2 [Modules] Streaming discord_krisp@1 to /home/migio/.config/discord/0.0.91/modules/pending/discord_krisp-1.zip: 100%
4/29/2025, 8:31:22 PM GMT+2 [Modules] Fetching discord_game_utils@1 from https://discord.com/api/modules/stable/discord_game_utils/1
4/29/2025, 8:31:22 PM GMT+2 [Modules] Streaming discord_game_utils@1 to /home/migio/.config/discord/0.0.91/modules/pending/discord_game_utils-1.zip
4/29/2025, 8:31:22 PM GMT+2 [Modules] Installing discord_krisp@1 from /home/migio/.config/discord/0.0.91/modules/pending/discord_krisp-1.zip
4/29/2025, 8:31:23 PM GMT+2 [Modules] Streaming discord_game_utils@1 to /home/migio/.config/discord/0.0.91/modules/pending/discord_game_utils-1.zip: 1%
4/29/2025, 8:31:23 PM GMT+2 [Modules] Streaming discord_game_utils@1 to /home/migio/.config/discord/0.0.91/modules/pending/discord_game_utils-1.zip: 2%
4/29/2025, 8:31:23 PM GMT+2 [Modules] Streaming discord_game_utils@1 to /home/migio/.config/discord/0.0.91/modules/pending/discord_game_utils-1.zip: 3%
4/29/2025, 8:31:23 PM GMT+2 [Modules] Streaming discord_game_utils@1 to /home/migio/.config/discord/0.0.91/modules/pending/discord_game_utils-1.zip: 4%
4/29/2025, 8:31:23 PM GMT+2 [Modules] Streaming discord_game_utils@1 to /home/migio/.config/discord/0.0.91/modules/pending/discord_game_utils-1.zip: 5%
4/29/2025, 8:31:23 PM GMT+2 [Modules] Streaming discord_game_utils@1 to /home/migio/.config/discord/0.0.91/modules/pending/discord_game_utils-1.zip: 6%
4/29/2025, 8:31:23 PM GMT+2 [Modules] Streaming discord_game_utils@1 to /home/migio/.config/discord/0.0.91/modules/pending/discord_game_utils-1.zip: 7%
4/29/2025, 8:31:23 PM GMT+2 [Modules] Streaming discord_game_utils@1 to /home/migio/.config/discord/0.0.91/modules/pending/discord_game_utils-1.zip: 8%
4/29/2025, 8:31:23 PM GMT+2 [Modules] Finished module installations. [success: 1] [failure: 0]
4/29/2025, 8:31:23 PM GMT+2 [Modules] Streaming discord_game_utils@1 to /home/migio/.config/discord/0.0.91/modules/pending/discord_game_utils-1.zip: 9%
4/29/2025, 8:31:23 PM GMT+2 [Modules] Streaming discord_game_utils@1 to /home/migio/.config/discord/0.0.91/modules/pending/discord_game_utils-1.zip: 10%
4/29/2025, 8:31:23 PM GMT+2 [Modules] Streaming discord_game_utils@1 to /home/migio/.config/discord/0.0.91/modules/pending/discord_game_utils-1.zip: 11%
4/29/2025, 8:31:23 PM GMT+2 [Modules] Streaming discord_game_utils@1 to /home/migio/.config/discord/0.0.91/modules/pending/discord_game_utils-1.zip: 12%
4/29/2025, 8:31:23 PM GMT+2 [Modules] Streaming discord_game_utils@1 to /home/migio/.config/discord/0.0.91/modules/pending/discord_game_utils-1.zip: 13%
4/29/2025, 8:31:23 PM GMT+2 [Modules] Streaming discord_game_utils@1 to /home/migio/.config/discord/0.0.91/modules/pending/discord_game_utils-1.zip: 14%
4/29/2025, 8:31:23 PM GMT+2 [Modules] Streaming discord_game_utils@1 to /home/migio/.config/discord/0.0.91/modules/pending/discord_game_utils-1.zip: 15%
4/29/2025, 8:31:23 PM GMT+2 [Modules] Streaming discord_game_utils@1 to /home/migio/.config/discord/0.0.91/modules/pending/discord_game_utils-1.zip: 16%
4/29/2025, 8:31:23 PM GMT+2 [Modules] Streaming discord_game_utils@1 to /home/migio/.config/discord/0.0.91/modules/pending/discord_game_utils-1.zip: 17%
4/29/2025, 8:31:23 PM GMT+2 [Modules] Streaming discord_game_utils@1 to /home/migio/.config/discord/0.0.91/modules/pending/discord_game_utils-1.zip: 18%
4/29/2025, 8:31:23 PM GMT+2 [Modules] Streaming discord_game_utils@1 to /home/migio/.config/discord/0.0.91/modules/pending/discord_game_utils-1.zip: 19%
4/29/2025, 8:31:23 PM GMT+2 [Modules] Streaming discord_game_utils@1 to /home/migio/.config/discord/0.0.91/modules/pending/discord_game_utils-1.zip: 20%
4/29/2025, 8:31:23 PM GMT+2 [Modules] Streaming discord_game_utils@1 to /home/migio/.config/discord/0.0.91/modules/pending/discord_game_utils-1.zip: 21%
4/29/2025, 8:31:23 PM GMT+2 [Modules] Streaming discord_game_utils@1 to /home/migio/.config/discord/0.0.91/modules/pending/discord_game_utils-1.zip: 22%
4/29/2025, 8:31:23 PM GMT+2 [Modules] Streaming discord_game_utils@1 to /home/migio/.config/discord/0.0.91/modules/pending/discord_game_utils-1.zip: 23%
4/29/2025, 8:31:23 PM GMT+2 [Modules] Streaming discord_game_utils@1 to /home/migio/.config/discord/0.0.91/modules/pending/discord_game_utils-1.zip: 24%
4/29/2025, 8:31:23 PM GMT+2 [Modules] Streaming discord_game_utils@1 to /home/migio/.config/discord/0.0.91/modules/pending/discord_game_utils-1.zip: 25%
4/29/2025, 8:31:23 PM GMT+2 [Modules] Streaming discord_game_utils@1 to /home/migio/.config/discord/0.0.91/modules/pending/discord_game_utils-1.zip: 26%
4/29/2025, 8:31:23 PM GMT+2 [Modules] Streaming discord_game_utils@1 to /home/migio/.config/discord/0.0.91/modules/pending/discord_game_utils-1.zip: 27%
4/29/2025, 8:31:23 PM GMT+2 [Modules] Streaming discord_game_utils@1 to /home/migio/.config/discord/0.0.91/modules/pending/discord_game_utils-1.zip: 28%
4/29/2025, 8:31:23 PM GMT+2 [Modules] Streaming discord_game_utils@1 to /home/migio/.config/discord/0.0.91/modules/pending/discord_game_utils-1.zip: 29%
4/29/2025, 8:31:23 PM GMT+2 [Modules] Streaming discord_game_utils@1 to /home/migio/.config/discord/0.0.91/modules/pending/discord_game_utils-1.zip: 30%
4/29/2025, 8:31:23 PM GMT+2 [Modules] Streaming discord_game_utils@1 to /home/migio/.config/discord/0.0.91/modules/pending/discord_game_utils-1.zip: 31%
4/29/2025, 8:31:23 PM GMT+2 [Modules] Streaming discord_game_utils@1 to /home/migio/.config/discord/0.0.91/modules/pending/discord_game_utils-1.zip: 32%
4/29/2025, 8:31:23 PM GMT+2 [Modules] Streaming discord_game_utils@1 to /home/migio/.config/discord/0.0.91/modules/pending/discord_game_utils-1.zip: 34%
4/29/2025, 8:31:23 PM GMT+2 [Modules] Streaming discord_game_utils@1 to /home/migio/.config/discord/0.0.91/modules/pending/discord_game_utils-1.zip: 35%
4/29/2025, 8:31:23 PM GMT+2 [Modules] Streaming discord_game_utils@1 to /home/migio/.config/discord/0.0.91/modules/pending/discord_game_utils-1.zip: 36%
4/29/2025, 8:31:23 PM GMT+2 [Modules] Streaming discord_game_utils@1 to /home/migio/.config/discord/0.0.91/modules/pending/discord_game_utils-1.zip: 37%
4/29/2025, 8:31:23 PM GMT+2 [Modules] Streaming discord_game_utils@1 to /home/migio/.config/discord/0.0.91/modules/pending/discord_game_utils-1.zip: 38%
4/29/2025, 8:31:23 PM GMT+2 [Modules] Streaming discord_game_utils@1 to /home/migio/.config/discord/0.0.91/modules/pending/discord_game_utils-1.zip: 39%
4/29/2025, 8:31:23 PM GMT+2 [Modules] Streaming discord_game_utils@1 to /home/migio/.config/discord/0.0.91/modules/pending/discord_game_utils-1.zip: 40%
4/29/2025, 8:31:23 PM GMT+2 [Modules] Streaming discord_game_utils@1 to /home/migio/.config/discord/0.0.91/modules/pending/discord_game_utils-1.zip: 41%
4/29/2025, 8:31:23 PM GMT+2 [Modules] Streaming discord_game_utils@1 to /home/migio/.config/discord/0.0.91/modules/pending/discord_game_utils-1.zip: 42%
4/29/2025, 8:31:23 PM GMT+2 [Modules] Streaming discord_game_utils@1 to /home/migio/.config/discord/0.0.91/modules/pending/discord_game_utils-1.zip: 43%
4/29/2025, 8:31:23 PM GMT+2 [Modules] Streaming discord_game_utils@1 to /home/migio/.config/discord/0.0.91/modules/pending/discord_game_utils-1.zip: 44%
4/29/2025, 8:31:23 PM GMT+2 [Modules] Streaming discord_game_utils@1 to /home/migio/.config/discord/0.0.91/modules/pending/discord_game_utils-1.zip: 45%
4/29/2025, 8:31:23 PM GMT+2 [Modules] Streaming discord_game_utils@1 to /home/migio/.config/discord/0.0.91/modules/pending/discord_game_utils-1.zip: 46%
4/29/2025, 8:31:23 PM GMT+2 [Modules] Streaming discord_game_utils@1 to /home/migio/.config/discord/0.0.91/modules/pending/discord_game_utils-1.zip: 47%
4/29/2025, 8:31:23 PM GMT+2 [Modules] Streaming discord_game_utils@1 to /home/migio/.config/discord/0.0.91/modules/pending/discord_game_utils-1.zip: 49%
4/29/2025, 8:31:23 PM GMT+2 [Modules] Streaming discord_game_utils@1 to /home/migio/.config/discord/0.0.91/modules/pending/discord_game_utils-1.zip: 50%
4/29/2025, 8:31:23 PM GMT+2 [Modules] Streaming discord_game_utils@1 to /home/migio/.config/discord/0.0.91/modules/pending/discord_game_utils-1.zip: 51%
4/29/2025, 8:31:23 PM GMT+2 [Modules] Streaming discord_game_utils@1 to /home/migio/.config/discord/0.0.91/modules/pending/discord_game_utils-1.zip: 52%
4/29/2025, 8:31:23 PM GMT+2 [Modules] Streaming discord_game_utils@1 to /home/migio/.config/discord/0.0.91/modules/pending/discord_game_utils-1.zip: 53%
4/29/2025, 8:31:23 PM GMT+2 [Modules] Streaming discord_game_utils@1 to /home/migio/.config/discord/0.0.91/modules/pending/discord_game_utils-1.zip: 54%
4/29/2025, 8:31:23 PM GMT+2 [Modules] Streaming discord_game_utils@1 to /home/migio/.config/discord/0.0.91/modules/pending/discord_game_utils-1.zip: 55%
4/29/2025, 8:31:23 PM GMT+2 [Modules] Streaming discord_game_utils@1 to /home/migio/.config/discord/0.0.91/modules/pending/discord_game_utils-1.zip: 56%
4/29/2025, 8:31:23 PM GMT+2 [Modules] Streaming discord_game_utils@1 to /home/migio/.config/discord/0.0.91/modules/pending/discord_game_utils-1.zip: 58%
4/29/2025, 8:31:23 PM GMT+2 [Modules] Streaming discord_game_utils@1 to /home/migio/.config/discord/0.0.91/modules/pending/discord_game_utils-1.zip: 59%
4/29/2025, 8:31:23 PM GMT+2 [Modules] Streaming discord_game_utils@1 to /home/migio/.config/discord/0.0.91/modules/pending/discord_game_utils-1.zip: 60%
4/29/2025, 8:31:23 PM GMT+2 [Modules] Streaming discord_game_utils@1 to /home/migio/.config/discord/0.0.91/modules/pending/discord_game_utils-1.zip: 61%
4/29/2025, 8:31:23 PM GMT+2 [Modules] Streaming discord_game_utils@1 to /home/migio/.config/discord/0.0.91/modules/pending/discord_game_utils-1.zip: 62%
4/29/2025, 8:31:23 PM GMT+2 [Modules] Streaming discord_game_utils@1 to /home/migio/.config/discord/0.0.91/modules/pending/discord_game_utils-1.zip: 63%
4/29/2025, 8:31:23 PM GMT+2 [Modules] Streaming discord_game_utils@1 to /home/migio/.config/discord/0.0.91/modules/pending/discord_game_utils-1.zip: 64%
4/29/2025, 8:31:23 PM GMT+2 [Modules] Streaming discord_game_utils@1 to /home/migio/.config/discord/0.0.91/modules/pending/discord_game_utils-1.zip: 65%
4/29/2025, 8:31:23 PM GMT+2 [Modules] Streaming discord_game_utils@1 to /home/migio/.config/discord/0.0.91/modules/pending/discord_game_utils-1.zip: 66%
4/29/2025, 8:31:23 PM GMT+2 [Modules] Streaming discord_game_utils@1 to /home/migio/.config/discord/0.0.91/modules/pending/discord_game_utils-1.zip: 67%
4/29/2025, 8:31:23 PM GMT+2 [Modules] Streaming discord_game_utils@1 to /home/migio/.config/discord/0.0.91/modules/pending/discord_game_utils-1.zip: 68%
4/29/2025, 8:31:23 PM GMT+2 [Modules] Streaming discord_game_utils@1 to /home/migio/.config/discord/0.0.91/modules/pending/discord_game_utils-1.zip: 69%
4/29/2025, 8:31:23 PM GMT+2 [Modules] Streaming discord_game_utils@1 to /home/migio/.config/discord/0.0.91/modules/pending/discord_game_utils-1.zip: 70%
4/29/2025, 8:31:23 PM GMT+2 [Modules] Streaming discord_game_utils@1 to /home/migio/.config/discord/0.0.91/modules/pending/discord_game_utils-1.zip: 71%
4/29/2025, 8:31:23 PM GMT+2 [Modules] Streaming discord_game_utils@1 to /home/migio/.config/discord/0.0.91/modules/pending/discord_game_utils-1.zip: 72%
4/29/2025, 8:31:23 PM GMT+2 [Modules] Streaming discord_game_utils@1 to /home/migio/.config/discord/0.0.91/modules/pending/discord_game_utils-1.zip: 73%
4/29/2025, 8:31:23 PM GMT+2 [Modules] Streaming discord_game_utils@1 to /home/migio/.config/discord/0.0.91/modules/pending/discord_game_utils-1.zip: 75%
4/29/2025, 8:31:23 PM GMT+2 [Modules] Streaming discord_game_utils@1 to /home/migio/.config/discord/0.0.91/modules/pending/discord_game_utils-1.zip: 76%
4/29/2025, 8:31:23 PM GMT+2 [Modules] Streaming discord_game_utils@1 to /home/migio/.config/discord/0.0.91/modules/pending/discord_game_utils-1.zip: 77%
4/29/2025, 8:31:23 PM GMT+2 [Modules] Streaming discord_game_utils@1 to /home/migio/.config/discord/0.0.91/modules/pending/discord_game_utils-1.zip: 78%
4/29/2025, 8:31:23 PM GMT+2 [Modules] Streaming discord_game_utils@1 to /home/migio/.config/discord/0.0.91/modules/pending/discord_game_utils-1.zip: 79%
4/29/2025, 8:31:23 PM GMT+2 [Modules] Streaming discord_game_utils@1 to /home/migio/.config/discord/0.0.91/modules/pending/discord_game_utils-1.zip: 81%
4/29/2025, 8:31:23 PM GMT+2 [Modules] Streaming discord_game_utils@1 to /home/migio/.config/discord/0.0.91/modules/pending/discord_game_utils-1.zip: 82%
4/29/2025, 8:31:23 PM GMT+2 [Modules] Streaming discord_game_utils@1 to /home/migio/.config/discord/0.0.91/modules/pending/discord_game_utils-1.zip: 83%
4/29/2025, 8:31:23 PM GMT+2 [Modules] Streaming discord_game_utils@1 to /home/migio/.config/discord/0.0.91/modules/pending/discord_game_utils-1.zip: 84%
4/29/2025, 8:31:23 PM GMT+2 [Modules] Streaming discord_game_utils@1 to /home/migio/.config/discord/0.0.91/modules/pending/discord_game_utils-1.zip: 85%
4/29/2025, 8:31:23 PM GMT+2 [Modules] Streaming discord_game_utils@1 to /home/migio/.config/discord/0.0.91/modules/pending/discord_game_utils-1.zip: 86%
4/29/2025, 8:31:23 PM GMT+2 [Modules] Streaming discord_game_utils@1 to /home/migio/.config/discord/0.0.91/modules/pending/discord_game_utils-1.zip: 87%
4/29/2025, 8:31:23 PM GMT+2 [Modules] Streaming discord_game_utils@1 to /home/migio/.config/discord/0.0.91/modules/pending/discord_game_utils-1.zip: 89%
4/29/2025, 8:31:23 PM GMT+2 [Modules] Streaming discord_game_utils@1 to /home/migio/.config/discord/0.0.91/modules/pending/discord_game_utils-1.zip: 90%
4/29/2025, 8:31:23 PM GMT+2 [Modules] Streaming discord_game_utils@1 to /home/migio/.config/discord/0.0.91/modules/pending/discord_game_utils-1.zip: 91%
4/29/2025, 8:31:23 PM GMT+2 [Modules] Streaming discord_game_utils@1 to /home/migio/.config/discord/0.0.91/modules/pending/discord_game_utils-1.zip: 93%
4/29/2025, 8:31:23 PM GMT+2 [Modules] Streaming discord_game_utils@1 to /home/migio/.config/discord/0.0.91/modules/pending/discord_game_utils-1.zip: 94%
4/29/2025, 8:31:23 PM GMT+2 [Modules] Streaming discord_game_utils@1 to /home/migio/.config/discord/0.0.91/modules/pending/discord_game_utils-1.zip: 95%
4/29/2025, 8:31:23 PM GMT+2 [Modules] Streaming discord_game_utils@1 to /home/migio/.config/discord/0.0.91/modules/pending/discord_game_utils-1.zip: 96%
4/29/2025, 8:31:23 PM GMT+2 [Modules] Streaming discord_game_utils@1 to /home/migio/.config/discord/0.0.91/modules/pending/discord_game_utils-1.zip: 97%
4/29/2025, 8:31:23 PM GMT+2 [Modules] Streaming discord_game_utils@1 to /home/migio/.config/discord/0.0.91/modules/pending/discord_game_utils-1.zip: 98%
4/29/2025, 8:31:23 PM GMT+2 [Modules] Streaming discord_game_utils@1 to /home/migio/.config/discord/0.0.91/modules/pending/discord_game_utils-1.zip: 99%
4/29/2025, 8:31:23 PM GMT+2 [Modules] Streaming discord_game_utils@1 to /home/migio/.config/discord/0.0.91/modules/pending/discord_game_utils-1.zip: 100%
4/29/2025, 8:31:23 PM GMT+2 [Modules] Fetching discord_rpc@1 from https://discord.com/api/modules/stable/discord_rpc/1
4/29/2025, 8:31:23 PM GMT+2 [Modules] Streaming discord_rpc@1 to /home/migio/.config/discord/0.0.91/modules/pending/discord_rpc-1.zip
4/29/2025, 8:31:23 PM GMT+2 [Modules] Installing discord_game_utils@1 from /home/migio/.config/discord/0.0.91/modules/pending/discord_game_utils-1.zip
4/29/2025, 8:31:23 PM GMT+2 [Modules] Finished module installations. [success: 1] [failure: 0]
4/29/2025, 8:31:23 PM GMT+2 [Modules] Streaming discord_rpc@1 to /home/migio/.config/discord/0.0.91/modules/pending/discord_rpc-1.zip: 5%
4/29/2025, 8:31:23 PM GMT+2 [Modules] Streaming discord_rpc@1 to /home/migio/.config/discord/0.0.91/modules/pending/discord_rpc-1.zip: 11%
4/29/2025, 8:31:23 PM GMT+2 [Modules] Streaming discord_rpc@1 to /home/migio/.config/discord/0.0.91/modules/pending/discord_rpc-1.zip: 26%
4/29/2025, 8:31:23 PM GMT+2 [Modules] Streaming discord_rpc@1 to /home/migio/.config/discord/0.0.91/modules/pending/discord_rpc-1.zip: 53%
4/29/2025, 8:31:23 PM GMT+2 [Modules] Streaming discord_rpc@1 to /home/migio/.config/discord/0.0.91/modules/pending/discord_rpc-1.zip: 70%
4/29/2025, 8:31:24 PM GMT+2 [Modules] Streaming discord_rpc@1 to /home/migio/.config/discord/0.0.91/modules/pending/discord_rpc-1.zip: 100%
4/29/2025, 8:31:24 PM GMT+2 [Modules] Finished module downloads. [success: 3] [failure: 0]
4/29/2025, 8:31:24 PM GMT+2 [Modules] Installing discord_rpc@1 from /home/migio/.config/discord/0.0.91/modules/pending/discord_rpc-1.zip
4/29/2025, 8:31:24 PM GMT+2 [Modules] Finished module installations. [success: 1] [failure: 0]
4/29/2025, 8:31:47 PM GMT+2 [Modules] Host is up to date.
4/29/2025, 8:31:47 PM GMT+2 [Modules] Checking for module updates at https://discord.com/api/modules/stable/versions.json
4/29/2025, 8:31:47 PM GMT+2 [Modules] No module updates available.
7/3/2025, 12:00:43 AM GMT+2 [Modules] Modules initializing
7/3/2025, 12:00:43 AM GMT+2 [Modules] Distribution: remote
7/3/2025, 12:00:43 AM GMT+2 [Modules] Host updates: disabled
7/3/2025, 12:00:43 AM GMT+2 [Modules] Module updates: enabled
7/3/2025, 12:00:43 AM GMT+2 [Modules] Module install path: /home/migio/.config/discord/0.0.98/modules
7/3/2025, 12:00:43 AM GMT+2 [Modules] Module installed file path: /home/migio/.config/discord/0.0.98/modules/installed.json
7/3/2025, 12:00:43 AM GMT+2 [Modules] Module download path: /home/migio/.config/discord/0.0.98/modules/pending
7/3/2025, 12:00:44 AM GMT+2 [Modules] Bootstrapping...
7/3/2025, 12:00:44 AM GMT+2 [Modules] Installing discord_desktop_core@0 from /usr/lib64/discord/resources/bootstrap/discord_desktop_core.zip
7/3/2025, 12:00:44 AM GMT+2 [Modules] Failed installing discord_desktop_core@0: Error: ENOENT: no such file or directory, open '/usr/lib64/discord/resources/bootstrap/discord_desktop_core.zip'
7/3/2025, 12:00:44 AM GMT+2 [Modules] Installing discord_erlpack@0 from /usr/lib64/discord/resources/bootstrap/discord_erlpack.zip
7/3/2025, 12:00:44 AM GMT+2 [Modules] Failed installing discord_erlpack@0: Error: ENOENT: no such file or directory, open '/usr/lib64/discord/resources/bootstrap/discord_erlpack.zip'
7/3/2025, 12:00:44 AM GMT+2 [Modules] Installing discord_spellcheck@0 from /usr/lib64/discord/resources/bootstrap/discord_spellcheck.zip
7/3/2025, 12:00:44 AM GMT+2 [Modules] Failed installing discord_spellcheck@0: Error: ENOENT: no such file or directory, open '/usr/lib64/discord/resources/bootstrap/discord_spellcheck.zip'
7/3/2025, 12:00:44 AM GMT+2 [Modules] Installing discord_utils@0 from /usr/lib64/discord/resources/bootstrap/discord_utils.zip
7/3/2025, 12:00:44 AM GMT+2 [Modules] Failed installing discord_utils@0: Error: ENOENT: no such file or directory, open '/usr/lib64/discord/resources/bootstrap/discord_utils.zip'
7/3/2025, 12:00:44 AM GMT+2 [Modules] Installing discord_voice@0 from /usr/lib64/discord/resources/bootstrap/discord_voice.zip
7/3/2025, 12:00:44 AM GMT+2 [Modules] Failed installing discord_voice@0: Error: ENOENT: no such file or directory, open '/usr/lib64/discord/resources/bootstrap/discord_voice.zip'
7/3/2025, 12:00:44 AM GMT+2 [Modules] Installing discord_zstd@0 from /usr/lib64/discord/resources/bootstrap/discord_zstd.zip
7/3/2025, 12:00:44 AM GMT+2 [Modules] Failed installing discord_zstd@0: Error: ENOENT: no such file or directory, open '/usr/lib64/discord/resources/bootstrap/discord_zstd.zip'
7/3/2025, 12:00:44 AM GMT+2 [Modules] Finished module installations. [success: 0] [failure: 6]
7/3/2025, 12:00:44 AM GMT+2 [Modules] Host is up to date.
7/3/2025, 12:00:44 AM GMT+2 [Modules] Checking for module updates at https://discord.com/api/modules/stable/versions.json
7/3/2025, 12:00:44 AM GMT+2 [Modules] Module update available: discord_desktop_core@1 [installed: 0]
7/3/2025, 12:00:44 AM GMT+2 [Modules] Module update available: discord_erlpack@1 [installed: 0]
7/3/2025, 12:00:44 AM GMT+2 [Modules] Module update available: discord_spellcheck@1 [installed: 0]
7/3/2025, 12:00:44 AM GMT+2 [Modules] Module update available: discord_utils@1 [installed: 0]
7/3/2025, 12:00:44 AM GMT+2 [Modules] Module update available: discord_voice@1 [installed: 0]
7/3/2025, 12:00:44 AM GMT+2 [Modules] Module update available: discord_zstd@1 [installed: 0]
7/3/2025, 12:00:44 AM GMT+2 [Modules] Fetching discord_desktop_core@1 from https://discord.com/api/modules/stable/discord_desktop_core/1
7/3/2025, 12:00:44 AM GMT+2 [Modules] Streaming discord_desktop_core@1 to /home/migio/.config/discord/0.0.98/modules/pending/discord_desktop_core-1.zip
7/3/2025, 12:00:45 AM GMT+2 [Modules] Streaming discord_desktop_core@1 to /home/migio/.config/discord/0.0.98/modules/pending/discord_desktop_core-1.zip: 1%
7/3/2025, 12:00:45 AM GMT+2 [Modules] Streaming discord_desktop_core@1 to /home/migio/.config/discord/0.0.98/modules/pending/discord_desktop_core-1.zip: 2%
7/3/2025, 12:00:45 AM GMT+2 [Modules] Streaming discord_desktop_core@1 to /home/migio/.config/discord/0.0.98/modules/pending/discord_desktop_core-1.zip: 3%
7/3/2025, 12:00:45 AM GMT+2 [Modules] Streaming discord_desktop_core@1 to /home/migio/.config/discord/0.0.98/modules/pending/discord_desktop_core-1.zip: 4%
7/3/2025, 12:00:45 AM GMT+2 [Modules] Streaming discord_desktop_core@1 to /home/migio/.config/discord/0.0.98/modules/pending/discord_desktop_core-1.zip: 5%
7/3/2025, 12:00:45 AM GMT+2 [Modules] Streaming discord_desktop_core@1 to /home/migio/.config/discord/0.0.98/modules/pending/discord_desktop_core-1.zip: 6%
7/3/2025, 12:00:45 AM GMT+2 [Modules] Streaming discord_desktop_core@1 to /home/migio/.config/discord/0.0.98/modules/pending/discord_desktop_core-1.zip: 7%
7/3/2025, 12:00:45 AM GMT+2 [Modules] Streaming discord_desktop_core@1 to /home/migio/.config/discord/0.0.98/modules/pending/discord_desktop_core-1.zip: 8%
7/3/2025, 12:00:45 AM GMT+2 [Modules] Streaming discord_desktop_core@1 to /home/migio/.config/discord/0.0.98/modules/pending/discord_desktop_core-1.zip: 10%
7/3/2025, 12:00:45 AM GMT+2 [Modules] Streaming discord_desktop_core@1 to /home/migio/.config/discord/0.0.98/modules/pending/discord_desktop_core-1.zip: 11%
7/3/2025, 12:00:45 AM GMT+2 [Modules] Streaming discord_desktop_core@1 to /home/migio/.config/discord/0.0.98/modules/pending/discord_desktop_core-1.zip: 12%
7/3/2025, 12:00:45 AM GMT+2 [Modules] Streaming discord_desktop_core@1 to /home/migio/.config/discord/0.0.98/modules/pending/discord_desktop_core-1.zip: 13%
7/3/2025, 12:00:45 AM GMT+2 [Modules] Streaming discord_desktop_core@1 to /home/migio/.config/discord/0.0.98/modules/pending/discord_desktop_core-1.zip: 14%
7/3/2025, 12:00:45 AM GMT+2 [Modules] Streaming discord_desktop_core@1 to /home/migio/.config/discord/0.0.98/modules/pending/discord_desktop_core-1.zip: 17%
7/3/2025, 12:00:45 AM GMT+2 [Modules] Streaming discord_desktop_core@1 to /home/migio/.config/discord/0.0.98/modules/pending/discord_desktop_core-1.zip: 20%
7/3/2025, 12:00:45 AM GMT+2 [Modules] Streaming discord_desktop_core@1 to /home/migio/.config/discord/0.0.98/modules/pending/discord_desktop_core-1.zip: 21%
7/3/2025, 12:00:45 AM GMT+2 [Modules] Streaming discord_desktop_core@1 to /home/migio/.config/discord/0.0.98/modules/pending/discord_desktop_core-1.zip: 22%
7/3/2025, 12:00:45 AM GMT+2 [Modules] Streaming discord_desktop_core@1 to /home/migio/.config/discord/0.0.98/modules/pending/discord_desktop_core-1.zip: 25%
7/3/2025, 12:00:45 AM GMT+2 [Modules] Streaming discord_desktop_core@1 to /home/migio/.config/discord/0.0.98/modules/pending/discord_desktop_core-1.zip: 27%
7/3/2025, 12:00:45 AM GMT+2 [Modules] Streaming discord_desktop_core@1 to /home/migio/.config/discord/0.0.98/modules/pending/discord_desktop_core-1.zip: 30%
7/3/2025, 12:00:45 AM GMT+2 [Modules] Streaming discord_desktop_core@1 to /home/migio/.config/discord/0.0.98/modules/pending/discord_desktop_core-1.zip: 33%
7/3/2025, 12:00:45 AM GMT+2 [Modules] Streaming discord_desktop_core@1 to /home/migio/.config/discord/0.0.98/modules/pending/discord_desktop_core-1.zip: 34%
7/3/2025, 12:00:45 AM GMT+2 [Modules] Streaming discord_desktop_core@1 to /home/migio/.config/discord/0.0.98/modules/pending/discord_desktop_core-1.zip: 35%
7/3/2025, 12:00:45 AM GMT+2 [Modules] Streaming discord_desktop_core@1 to /home/migio/.config/discord/0.0.98/modules/pending/discord_desktop_core-1.zip: 38%
7/3/2025, 12:00:45 AM GMT+2 [Modules] Streaming discord_desktop_core@1 to /home/migio/.config/discord/0.0.98/modules/pending/discord_desktop_core-1.zip: 42%
7/3/2025, 12:00:45 AM GMT+2 [Modules] Streaming discord_desktop_core@1 to /home/migio/.config/discord/0.0.98/modules/pending/discord_desktop_core-1.zip: 44%
7/3/2025, 12:00:45 AM GMT+2 [Modules] Streaming discord_desktop_core@1 to /home/migio/.config/discord/0.0.98/modules/pending/discord_desktop_core-1.zip: 45%
7/3/2025, 12:00:45 AM GMT+2 [Modules] Streaming discord_desktop_core@1 to /home/migio/.config/discord/0.0.98/modules/pending/discord_desktop_core-1.zip: 47%
7/3/2025, 12:00:45 AM GMT+2 [Modules] Streaming discord_desktop_core@1 to /home/migio/.config/discord/0.0.98/modules/pending/discord_desktop_core-1.zip: 50%
7/3/2025, 12:00:45 AM GMT+2 [Modules] Streaming discord_desktop_core@1 to /home/migio/.config/discord/0.0.98/modules/pending/discord_desktop_core-1.zip: 52%
7/3/2025, 12:00:45 AM GMT+2 [Modules] Streaming discord_desktop_core@1 to /home/migio/.config/discord/0.0.98/modules/pending/discord_desktop_core-1.zip: 54%
7/3/2025, 12:00:45 AM GMT+2 [Modules] Streaming discord_desktop_core@1 to /home/migio/.config/discord/0.0.98/modules/pending/discord_desktop_core-1.zip: 56%
7/3/2025, 12:00:45 AM GMT+2 [Modules] Streaming discord_desktop_core@1 to /home/migio/.config/discord/0.0.98/modules/pending/discord_desktop_core-1.zip: 59%
7/3/2025, 12:00:45 AM GMT+2 [Modules] Streaming discord_desktop_core@1 to /home/migio/.config/discord/0.0.98/modules/pending/discord_desktop_core-1.zip: 62%
7/3/2025, 12:00:45 AM GMT+2 [Modules] Streaming discord_desktop_core@1 to /home/migio/.config/discord/0.0.98/modules/pending/discord_desktop_core-1.zip: 64%
7/3/2025, 12:00:45 AM GMT+2 [Modules] Streaming discord_desktop_core@1 to /home/migio/.config/discord/0.0.98/modules/pending/discord_desktop_core-1.zip: 67%
7/3/2025, 12:00:45 AM GMT+2 [Modules] Streaming discord_desktop_core@1 to /home/migio/.config/discord/0.0.98/modules/pending/discord_desktop_core-1.zip: 69%
7/3/2025, 12:00:45 AM GMT+2 [Modules] Streaming discord_desktop_core@1 to /home/migio/.config/discord/0.0.98/modules/pending/discord_desktop_core-1.zip: 73%
7/3/2025, 12:00:45 AM GMT+2 [Modules] Streaming discord_desktop_core@1 to /home/migio/.config/discord/0.0.98/modules/pending/discord_desktop_core-1.zip: 76%
7/3/2025, 12:00:45 AM GMT+2 [Modules] Streaming discord_desktop_core@1 to /home/migio/.config/discord/0.0.98/modules/pending/discord_desktop_core-1.zip: 78%
7/3/2025, 12:00:45 AM GMT+2 [Modules] Streaming discord_desktop_core@1 to /home/migio/.config/discord/0.0.98/modules/pending/discord_desktop_core-1.zip: 79%
7/3/2025, 12:00:45 AM GMT+2 [Modules] Streaming discord_desktop_core@1 to /home/migio/.config/discord/0.0.98/modules/pending/discord_desktop_core-1.zip: 81%
7/3/2025, 12:00:45 AM GMT+2 [Modules] Streaming discord_desktop_core@1 to /home/migio/.config/discord/0.0.98/modules/pending/discord_desktop_core-1.zip: 82%
7/3/2025, 12:00:45 AM GMT+2 [Modules] Streaming discord_desktop_core@1 to /home/migio/.config/discord/0.0.98/modules/pending/discord_desktop_core-1.zip: 84%
7/3/2025, 12:00:45 AM GMT+2 [Modules] Streaming discord_desktop_core@1 to /home/migio/.config/discord/0.0.98/modules/pending/discord_desktop_core-1.zip: 87%
7/3/2025, 12:00:45 AM GMT+2 [Modules] Streaming discord_desktop_core@1 to /home/migio/.config/discord/0.0.98/modules/pending/discord_desktop_core-1.zip: 90%
7/3/2025, 12:00:45 AM GMT+2 [Modules] Streaming discord_desktop_core@1 to /home/migio/.config/discord/0.0.98/modules/pending/discord_desktop_core-1.zip: 98%
7/3/2025, 12:00:45 AM GMT+2 [Modules] Streaming discord_desktop_core@1 to /home/migio/.config/discord/0.0.98/modules/pending/discord_desktop_core-1.zip: 100%
7/3/2025, 12:00:45 AM GMT+2 [Modules] Fetching discord_erlpack@1 from https://discord.com/api/modules/stable/discord_erlpack/1
7/3/2025, 12:00:45 AM GMT+2 [Modules] Streaming discord_erlpack@1 to /home/migio/.config/discord/0.0.98/modules/pending/discord_erlpack-1.zip
7/3/2025, 12:00:45 AM GMT+2 [Modules] Streaming discord_erlpack@1 to /home/migio/.config/discord/0.0.98/modules/pending/discord_erlpack-1.zip: 2%
7/3/2025, 12:00:45 AM GMT+2 [Modules] Streaming discord_erlpack@1 to /home/migio/.config/discord/0.0.98/modules/pending/discord_erlpack-1.zip: 3%
7/3/2025, 12:00:45 AM GMT+2 [Modules] Streaming discord_erlpack@1 to /home/migio/.config/discord/0.0.98/modules/pending/discord_erlpack-1.zip: 12%
7/3/2025, 12:00:45 AM GMT+2 [Modules] Streaming discord_erlpack@1 to /home/migio/.config/discord/0.0.98/modules/pending/discord_erlpack-1.zip: 15%
7/3/2025, 12:00:45 AM GMT+2 [Modules] Streaming discord_erlpack@1 to /home/migio/.config/discord/0.0.98/modules/pending/discord_erlpack-1.zip: 19%
7/3/2025, 12:00:45 AM GMT+2 [Modules] Streaming discord_erlpack@1 to /home/migio/.config/discord/0.0.98/modules/pending/discord_erlpack-1.zip: 25%
7/3/2025, 12:00:45 AM GMT+2 [Modules] Streaming discord_erlpack@1 to /home/migio/.config/discord/0.0.98/modules/pending/discord_erlpack-1.zip: 28%
7/3/2025, 12:00:45 AM GMT+2 [Modules] Streaming discord_erlpack@1 to /home/migio/.config/discord/0.0.98/modules/pending/discord_erlpack-1.zip: 32%
7/3/2025, 12:00:45 AM GMT+2 [Modules] Streaming discord_erlpack@1 to /home/migio/.config/discord/0.0.98/modules/pending/discord_erlpack-1.zip: 33%
7/3/2025, 12:00:45 AM GMT+2 [Modules] Streaming discord_erlpack@1 to /home/migio/.config/discord/0.0.98/modules/pending/discord_erlpack-1.zip: 36%
7/3/2025, 12:00:45 AM GMT+2 [Modules] Streaming discord_erlpack@1 to /home/migio/.config/discord/0.0.98/modules/pending/discord_erlpack-1.zip: 38%
7/3/2025, 12:00:45 AM GMT+2 [Modules] Streaming discord_erlpack@1 to /home/migio/.config/discord/0.0.98/modules/pending/discord_erlpack-1.zip: 41%
7/3/2025, 12:00:45 AM GMT+2 [Modules] Streaming discord_erlpack@1 to /home/migio/.config/discord/0.0.98/modules/pending/discord_erlpack-1.zip: 44%
7/3/2025, 12:00:45 AM GMT+2 [Modules] Streaming discord_erlpack@1 to /home/migio/.config/discord/0.0.98/modules/pending/discord_erlpack-1.zip: 47%
7/3/2025, 12:00:45 AM GMT+2 [Modules] Streaming discord_erlpack@1 to /home/migio/.config/discord/0.0.98/modules/pending/discord_erlpack-1.zip: 48%
7/3/2025, 12:00:45 AM GMT+2 [Modules] Streaming discord_erlpack@1 to /home/migio/.config/discord/0.0.98/modules/pending/discord_erlpack-1.zip: 52%
7/3/2025, 12:00:45 AM GMT+2 [Modules] Streaming discord_erlpack@1 to /home/migio/.config/discord/0.0.98/modules/pending/discord_erlpack-1.zip: 53%
7/3/2025, 12:00:45 AM GMT+2 [Modules] Streaming discord_erlpack@1 to /home/migio/.config/discord/0.0.98/modules/pending/discord_erlpack-1.zip: 54%
7/3/2025, 12:00:45 AM GMT+2 [Modules] Streaming discord_erlpack@1 to /home/migio/.config/discord/0.0.98/modules/pending/discord_erlpack-1.zip: 59%
7/3/2025, 12:00:45 AM GMT+2 [Modules] Streaming discord_erlpack@1 to /home/migio/.config/discord/0.0.98/modules/pending/discord_erlpack-1.zip: 65%
7/3/2025, 12:00:45 AM GMT+2 [Modules] Streaming discord_erlpack@1 to /home/migio/.config/discord/0.0.98/modules/pending/discord_erlpack-1.zip: 68%
7/3/2025, 12:00:45 AM GMT+2 [Modules] Streaming discord_erlpack@1 to /home/migio/.config/discord/0.0.98/modules/pending/discord_erlpack-1.zip: 71%
7/3/2025, 12:00:45 AM GMT+2 [Modules] Streaming discord_erlpack@1 to /home/migio/.config/discord/0.0.98/modules/pending/discord_erlpack-1.zip: 77%
7/3/2025, 12:00:45 AM GMT+2 [Modules] Streaming discord_erlpack@1 to /home/migio/.config/discord/0.0.98/modules/pending/discord_erlpack-1.zip: 78%
7/3/2025, 12:00:45 AM GMT+2 [Modules] Streaming discord_erlpack@1 to /home/migio/.config/discord/0.0.98/modules/pending/discord_erlpack-1.zip: 81%
7/3/2025, 12:00:45 AM GMT+2 [Modules] Streaming discord_erlpack@1 to /home/migio/.config/discord/0.0.98/modules/pending/discord_erlpack-1.zip: 83%
7/3/2025, 12:00:45 AM GMT+2 [Modules] Streaming discord_erlpack@1 to /home/migio/.config/discord/0.0.98/modules/pending/discord_erlpack-1.zip: 88%
7/3/2025, 12:00:45 AM GMT+2 [Modules] Streaming discord_erlpack@1 to /home/migio/.config/discord/0.0.98/modules/pending/discord_erlpack-1.zip: 89%
7/3/2025, 12:00:45 AM GMT+2 [Modules] Streaming discord_erlpack@1 to /home/migio/.config/discord/0.0.98/modules/pending/discord_erlpack-1.zip: 93%
7/3/2025, 12:00:45 AM GMT+2 [Modules] Streaming discord_erlpack@1 to /home/migio/.config/discord/0.0.98/modules/pending/discord_erlpack-1.zip: 95%
7/3/2025, 12:00:45 AM GMT+2 [Modules] Streaming discord_erlpack@1 to /home/migio/.config/discord/0.0.98/modules/pending/discord_erlpack-1.zip: 100%
7/3/2025, 12:00:45 AM GMT+2 [Modules] Fetching discord_spellcheck@1 from https://discord.com/api/modules/stable/discord_spellcheck/1
7/3/2025, 12:00:45 AM GMT+2 [Modules] Streaming discord_spellcheck@1 to /home/migio/.config/discord/0.0.98/modules/pending/discord_spellcheck-1.zip
7/3/2025, 12:00:45 AM GMT+2 [Modules] Streaming discord_spellcheck@1 to /home/migio/.config/discord/0.0.98/modules/pending/discord_spellcheck-1.zip: 1%
7/3/2025, 12:00:45 AM GMT+2 [Modules] Streaming discord_spellcheck@1 to /home/migio/.config/discord/0.0.98/modules/pending/discord_spellcheck-1.zip: 2%
7/3/2025, 12:00:45 AM GMT+2 [Modules] Streaming discord_spellcheck@1 to /home/migio/.config/discord/0.0.98/modules/pending/discord_spellcheck-1.zip: 3%
7/3/2025, 12:00:45 AM GMT+2 [Modules] Streaming discord_spellcheck@1 to /home/migio/.config/discord/0.0.98/modules/pending/discord_spellcheck-1.zip: 4%
7/3/2025, 12:00:45 AM GMT+2 [Modules] Streaming discord_spellcheck@1 to /home/migio/.config/discord/0.0.98/modules/pending/discord_spellcheck-1.zip: 5%
7/3/2025, 12:00:45 AM GMT+2 [Modules] Streaming discord_spellcheck@1 to /home/migio/.config/discord/0.0.98/modules/pending/discord_spellcheck-1.zip: 6%
7/3/2025, 12:00:45 AM GMT+2 [Modules] Streaming discord_spellcheck@1 to /home/migio/.config/discord/0.0.98/modules/pending/discord_spellcheck-1.zip: 7%
7/3/2025, 12:00:45 AM GMT+2 [Modules] Streaming discord_spellcheck@1 to /home/migio/.config/discord/0.0.98/modules/pending/discord_spellcheck-1.zip: 8%
7/3/2025, 12:00:46 AM GMT+2 [Modules] Streaming discord_spellcheck@1 to /home/migio/.config/discord/0.0.98/modules/pending/discord_spellcheck-1.zip: 9%
7/3/2025, 12:00:46 AM GMT+2 [Modules] Streaming discord_spellcheck@1 to /home/migio/.config/discord/0.0.98/modules/pending/discord_spellcheck-1.zip: 10%
7/3/2025, 12:00:46 AM GMT+2 [Modules] Streaming discord_spellcheck@1 to /home/migio/.config/discord/0.0.98/modules/pending/discord_spellcheck-1.zip: 11%
7/3/2025, 12:00:46 AM GMT+2 [Modules] Streaming discord_spellcheck@1 to /home/migio/.config/discord/0.0.98/modules/pending/discord_spellcheck-1.zip: 12%
7/3/2025, 12:00:46 AM GMT+2 [Modules] Streaming discord_spellcheck@1 to /home/migio/.config/discord/0.0.98/modules/pending/discord_spellcheck-1.zip: 13%
7/3/2025, 12:00:46 AM GMT+2 [Modules] Streaming discord_spellcheck@1 to /home/migio/.config/discord/0.0.98/modules/pending/discord_spellcheck-1.zip: 14%
7/3/2025, 12:00:46 AM GMT+2 [Modules] Streaming discord_spellcheck@1 to /home/migio/.config/discord/0.0.98/modules/pending/discord_spellcheck-1.zip: 15%
7/3/2025, 12:00:46 AM GMT+2 [Modules] Streaming discord_spellcheck@1 to /home/migio/.config/discord/0.0.98/modules/pending/discord_spellcheck-1.zip: 16%
7/3/2025, 12:00:46 AM GMT+2 [Modules] Streaming discord_spellcheck@1 to /home/migio/.config/discord/0.0.98/modules/pending/discord_spellcheck-1.zip: 17%
7/3/2025, 12:00:46 AM GMT+2 [Modules] Streaming discord_spellcheck@1 to /home/migio/.config/discord/0.0.98/modules/pending/discord_spellcheck-1.zip: 18%
7/3/2025, 12:00:46 AM GMT+2 [Modules] Streaming discord_spellcheck@1 to /home/migio/.config/discord/0.0.98/modules/pending/discord_spellcheck-1.zip: 19%
7/3/2025, 12:00:46 AM GMT+2 [Modules] Streaming discord_spellcheck@1 to /home/migio/.config/discord/0.0.98/modules/pending/discord_spellcheck-1.zip: 20%
7/3/2025, 12:00:46 AM GMT+2 [Modules] Streaming discord_spellcheck@1 to /home/migio/.config/discord/0.0.98/modules/pending/discord_spellcheck-1.zip: 21%
7/3/2025, 12:00:46 AM GMT+2 [Modules] Streaming discord_spellcheck@1 to /home/migio/.config/discord/0.0.98/modules/pending/discord_spellcheck-1.zip: 22%
7/3/2025, 12:00:46 AM GMT+2 [Modules] Streaming discord_spellcheck@1 to /home/migio/.config/discord/0.0.98/modules/pending/discord_spellcheck-1.zip: 23%
7/3/2025, 12:00:46 AM GMT+2 [Modules] Streaming discord_spellcheck@1 to /home/migio/.config/discord/0.0.98/modules/pending/discord_spellcheck-1.zip: 24%
7/3/2025, 12:00:46 AM GMT+2 [Modules] Streaming discord_spellcheck@1 to /home/migio/.config/discord/0.0.98/modules/pending/discord_spellcheck-1.zip: 25%
7/3/2025, 12:00:46 AM GMT+2 [Modules] Streaming discord_spellcheck@1 to /home/migio/.config/discord/0.0.98/modules/pending/discord_spellcheck-1.zip: 26%
7/3/2025, 12:00:46 AM GMT+2 [Modules] Streaming discord_spellcheck@1 to /home/migio/.config/discord/0.0.98/modules/pending/discord_spellcheck-1.zip: 27%
7/3/2025, 12:00:46 AM GMT+2 [Modules] Streaming discord_spellcheck@1 to /home/migio/.config/discord/0.0.98/modules/pending/discord_spellcheck-1.zip: 28%
7/3/2025, 12:00:46 AM GMT+2 [Modules] Streaming discord_spellcheck@1 to /home/migio/.config/discord/0.0.98/modules/pending/discord_spellcheck-1.zip: 29%
7/3/2025, 12:00:46 AM GMT+2 [Modules] Streaming discord_spellcheck@1 to /home/migio/.config/discord/0.0.98/modules/pending/discord_spellcheck-1.zip: 30%
7/3/2025, 12:00:46 AM GMT+2 [Modules] Streaming discord_spellcheck@1 to /home/migio/.config/discord/0.0.98/modules/pending/discord_spellcheck-1.zip: 31%
7/3/2025, 12:00:46 AM GMT+2 [Modules] Streaming discord_spellcheck@1 to /home/migio/.config/discord/0.0.98/modules/pending/discord_spellcheck-1.zip: 32%
7/3/2025, 12:00:46 AM GMT+2 [Modules] Streaming discord_spellcheck@1 to /home/migio/.config/discord/0.0.98/modules/pending/discord_spellcheck-1.zip: 33%
7/3/2025, 12:00:46 AM GMT+2 [Modules] Streaming discord_spellcheck@1 to /home/migio/.config/discord/0.0.98/modules/pending/discord_spellcheck-1.zip: 34%
7/3/2025, 12:00:46 AM GMT+2 [Modules] Streaming discord_spellcheck@1 to /home/migio/.config/discord/0.0.98/modules/pending/discord_spellcheck-1.zip: 35%
7/3/2025, 12:00:46 AM GMT+2 [Modules] Streaming discord_spellcheck@1 to /home/migio/.config/discord/0.0.98/modules/pending/discord_spellcheck-1.zip: 36%
7/3/2025, 12:00:46 AM GMT+2 [Modules] Streaming discord_spellcheck@1 to /home/migio/.config/discord/0.0.98/modules/pending/discord_spellcheck-1.zip: 37%
7/3/2025, 12:00:46 AM GMT+2 [Modules] Streaming discord_spellcheck@1 to /home/migio/.config/discord/0.0.98/modules/pending/discord_spellcheck-1.zip: 38%
7/3/2025, 12:00:46 AM GMT+2 [Modules] Streaming discord_spellcheck@1 to /home/migio/.config/discord/0.0.98/modules/pending/discord_spellcheck-1.zip: 39%
7/3/2025, 12:00:46 AM GMT+2 [Modules] Streaming discord_spellcheck@1 to /home/migio/.config/discord/0.0.98/modules/pending/discord_spellcheck-1.zip: 40%
7/3/2025, 12:00:46 AM GMT+2 [Modules] Streaming discord_spellcheck@1 to /home/migio/.config/discord/0.0.98/modules/pending/discord_spellcheck-1.zip: 41%
7/3/2025, 12:00:46 AM GMT+2 [Modules] Streaming discord_spellcheck@1 to /home/migio/.config/discord/0.0.98/modules/pending/discord_spellcheck-1.zip: 42%
7/3/2025, 12:00:46 AM GMT+2 [Modules] Streaming discord_spellcheck@1 to /home/migio/.config/discord/0.0.98/modules/pending/discord_spellcheck-1.zip: 43%
7/3/2025, 12:00:46 AM GMT+2 [Modules] Streaming discord_spellcheck@1 to /home/migio/.config/discord/0.0.98/modules/pending/discord_spellcheck-1.zip: 44%
7/3/2025, 12:00:46 AM GMT+2 [Modules] Streaming discord_spellcheck@1 to /home/migio/.config/discord/0.0.98/modules/pending/discord_spellcheck-1.zip: 45%
7/3/2025, 12:00:46 AM GMT+2 [Modules] Streaming discord_spellcheck@1 to /home/migio/.config/discord/0.0.98/modules/pending/discord_spellcheck-1.zip: 46%
7/3/2025, 12:00:46 AM GMT+2 [Modules] Streaming discord_spellcheck@1 to /home/migio/.config/discord/0.0.98/modules/pending/discord_spellcheck-1.zip: 47%
7/3/2025, 12:00:46 AM GMT+2 [Modules] Streaming discord_spellcheck@1 to /home/migio/.config/discord/0.0.98/modules/pending/discord_spellcheck-1.zip: 48%
7/3/2025, 12:00:46 AM GMT+2 [Modules] Streaming discord_spellcheck@1 to /home/migio/.config/discord/0.0.98/modules/pending/discord_spellcheck-1.zip: 49%
7/3/2025, 12:00:46 AM GMT+2 [Modules] Streaming discord_spellcheck@1 to /home/migio/.config/discord/0.0.98/modules/pending/discord_spellcheck-1.zip: 50%
7/3/2025, 12:00:46 AM GMT+2 [Modules] Streaming discord_spellcheck@1 to /home/migio/.config/discord/0.0.98/modules/pending/discord_spellcheck-1.zip: 51%
7/3/2025, 12:00:46 AM GMT+2 [Modules] Streaming discord_spellcheck@1 to /home/migio/.config/discord/0.0.98/modules/pending/discord_spellcheck-1.zip: 52%
7/3/2025, 12:00:46 AM GMT+2 [Modules] Streaming discord_spellcheck@1 to /home/migio/.config/discord/0.0.98/modules/pending/discord_spellcheck-1.zip: 53%
7/3/2025, 12:00:46 AM GMT+2 [Modules] Streaming discord_spellcheck@1 to /home/migio/.config/discord/0.0.98/modules/pending/discord_spellcheck-1.zip: 54%
7/3/2025, 12:00:46 AM GMT+2 [Modules] Streaming discord_spellcheck@1 to /home/migio/.config/discord/0.0.98/modules/pending/discord_spellcheck-1.zip: 55%
7/3/2025, 12:00:46 AM GMT+2 [Modules] Streaming discord_spellcheck@1 to /home/migio/.config/discord/0.0.98/modules/pending/discord_spellcheck-1.zip: 56%
7/3/2025, 12:00:46 AM GMT+2 [Modules] Streaming discord_spellcheck@1 to /home/migio/.config/discord/0.0.98/modules/pending/discord_spellcheck-1.zip: 57%
7/3/2025, 12:00:46 AM GMT+2 [Modules] Streaming discord_spellcheck@1 to /home/migio/.config/discord/0.0.98/modules/pending/discord_spellcheck-1.zip: 58%
7/3/2025, 12:00:46 AM GMT+2 [Modules] Streaming discord_spellcheck@1 to /home/migio/.config/discord/0.0.98/modules/pending/discord_spellcheck-1.zip: 59%
7/3/2025, 12:00:46 AM GMT+2 [Modules] Streaming discord_spellcheck@1 to /home/migio/.config/discord/0.0.98/modules/pending/discord_spellcheck-1.zip: 60%
7/3/2025, 12:00:46 AM GMT+2 [Modules] Streaming discord_spellcheck@1 to /home/migio/.config/discord/0.0.98/modules/pending/discord_spellcheck-1.zip: 61%
7/3/2025, 12:00:46 AM GMT+2 [Modules] Streaming discord_spellcheck@1 to /home/migio/.config/discord/0.0.98/modules/pending/discord_spellcheck-1.zip: 62%
7/3/2025, 12:00:46 AM GMT+2 [Modules] Streaming discord_spellcheck@1 to /home/migio/.config/discord/0.0.98/modules/pending/discord_spellcheck-1.zip: 63%
7/3/2025, 12:00:46 AM GMT+2 [Modules] Streaming discord_spellcheck@1 to /home/migio/.config/discord/0.0.98/modules/pending/discord_spellcheck-1.zip: 64%
7/3/2025, 12:00:46 AM GMT+2 [Modules] Streaming discord_spellcheck@1 to /home/migio/.config/discord/0.0.98/modules/pending/discord_spellcheck-1.zip: 65%
7/3/2025, 12:00:46 AM GMT+2 [Modules] Streaming discord_spellcheck@1 to /home/migio/.config/discord/0.0.98/modules/pending/discord_spellcheck-1.zip: 66%
7/3/2025, 12:00:46 AM GMT+2 [Modules] Streaming discord_spellcheck@1 to /home/migio/.config/discord/0.0.98/modules/pending/discord_spellcheck-1.zip: 67%
7/3/2025, 12:00:46 AM GMT+2 [Modules] Streaming discord_spellcheck@1 to /home/migio/.config/discord/0.0.98/modules/pending/discord_spellcheck-1.zip: 68%
7/3/2025, 12:00:46 AM GMT+2 [Modules] Streaming discord_spellcheck@1 to /home/migio/.config/discord/0.0.98/modules/pending/discord_spellcheck-1.zip: 69%
7/3/2025, 12:00:46 AM GMT+2 [Modules] Streaming discord_spellcheck@1 to /home/migio/.config/discord/0.0.98/modules/pending/discord_spellcheck-1.zip: 70%
7/3/2025, 12:00:46 AM GMT+2 [Modules] Streaming discord_spellcheck@1 to /home/migio/.config/discord/0.0.98/modules/pending/discord_spellcheck-1.zip: 71%
7/3/2025, 12:00:46 AM GMT+2 [Modules] Streaming discord_spellcheck@1 to /home/migio/.config/discord/0.0.98/modules/pending/discord_spellcheck-1.zip: 72%
7/3/2025, 12:00:46 AM GMT+2 [Modules] Streaming discord_spellcheck@1 to /home/migio/.config/discord/0.0.98/modules/pending/discord_spellcheck-1.zip: 73%
7/3/2025, 12:00:46 AM GMT+2 [Modules] Streaming discord_spellcheck@1 to /home/migio/.config/discord/0.0.98/modules/pending/discord_spellcheck-1.zip: 74%
7/3/2025, 12:00:46 AM GMT+2 [Modules] Streaming discord_spellcheck@1 to /home/migio/.config/discord/0.0.98/modules/pending/discord_spellcheck-1.zip: 75%
7/3/2025, 12:00:46 AM GMT+2 [Modules] Streaming discord_spellcheck@1 to /home/migio/.config/discord/0.0.98/modules/pending/discord_spellcheck-1.zip: 76%
7/3/2025, 12:00:46 AM GMT+2 [Modules] Streaming discord_spellcheck@1 to /home/migio/.config/discord/0.0.98/modules/pending/discord_spellcheck-1.zip: 77%
7/3/2025, 12:00:46 AM GMT+2 [Modules] Streaming discord_spellcheck@1 to /home/migio/.config/discord/0.0.98/modules/pending/discord_spellcheck-1.zip: 78%
7/3/2025, 12:00:46 AM GMT+2 [Modules] Streaming discord_spellcheck@1 to /home/migio/.config/discord/0.0.98/modules/pending/discord_spellcheck-1.zip: 79%
7/3/2025, 12:00:46 AM GMT+2 [Modules] Streaming discord_spellcheck@1 to /home/migio/.config/discord/0.0.98/modules/pending/discord_spellcheck-1.zip: 80%
7/3/2025, 12:00:46 AM GMT+2 [Modules] Streaming discord_spellcheck@1 to /home/migio/.config/discord/0.0.98/modules/pending/discord_spellcheck-1.zip: 81%
7/3/2025, 12:00:46 AM GMT+2 [Modules] Streaming discord_spellcheck@1 to /home/migio/.config/discord/0.0.98/modules/pending/discord_spellcheck-1.zip: 82%
7/3/2025, 12:00:46 AM GMT+2 [Modules] Streaming discord_spellcheck@1 to /home/migio/.config/discord/0.0.98/modules/pending/discord_spellcheck-1.zip: 83%
7/3/2025, 12:00:46 AM GMT+2 [Modules] Streaming discord_spellcheck@1 to /home/migio/.config/discord/0.0.98/modules/pending/discord_spellcheck-1.zip: 84%
7/3/2025, 12:00:46 AM GMT+2 [Modules] Streaming discord_spellcheck@1 to /home/migio/.config/discord/0.0.98/modules/pending/discord_spellcheck-1.zip: 85%
7/3/2025, 12:00:46 AM GMT+2 [Modules] Streaming discord_spellcheck@1 to /home/migio/.config/discord/0.0.98/modules/pending/discord_spellcheck-1.zip: 86%
7/3/2025, 12:00:46 AM GMT+2 [Modules] Streaming discord_spellcheck@1 to /home/migio/.config/discord/0.0.98/modules/pending/discord_spellcheck-1.zip: 87%
7/3/2025, 12:00:46 AM GMT+2 [Modules] Streaming discord_spellcheck@1 to /home/migio/.config/discord/0.0.98/modules/pending/discord_spellcheck-1.zip: 88%
7/3/2025, 12:00:46 AM GMT+2 [Modules] Streaming discord_spellcheck@1 to /home/migio/.config/discord/0.0.98/modules/pending/discord_spellcheck-1.zip: 89%
7/3/2025, 12:00:46 AM GMT+2 [Modules] Streaming discord_spellcheck@1 to /home/migio/.config/discord/0.0.98/modules/pending/discord_spellcheck-1.zip: 90%
7/3/2025, 12:00:46 AM GMT+2 [Modules] Streaming discord_spellcheck@1 to /home/migio/.config/discord/0.0.98/modules/pending/discord_spellcheck-1.zip: 91%
7/3/2025, 12:00:46 AM GMT+2 [Modules] Streaming discord_spellcheck@1 to /home/migio/.config/discord/0.0.98/modules/pending/discord_spellcheck-1.zip: 92%
7/3/2025, 12:00:46 AM GMT+2 [Modules] Streaming discord_spellcheck@1 to /home/migio/.config/discord/0.0.98/modules/pending/discord_spellcheck-1.zip: 93%
7/3/2025, 12:00:46 AM GMT+2 [Modules] Streaming discord_spellcheck@1 to /home/migio/.config/discord/0.0.98/modules/pending/discord_spellcheck-1.zip: 94%
7/3/2025, 12:00:46 AM GMT+2 [Modules] Streaming discord_spellcheck@1 to /home/migio/.config/discord/0.0.98/modules/pending/discord_spellcheck-1.zip: 95%
7/3/2025, 12:00:46 AM GMT+2 [Modules] Streaming discord_spellcheck@1 to /home/migio/.config/discord/0.0.98/modules/pending/discord_spellcheck-1.zip: 96%
7/3/2025, 12:00:46 AM GMT+2 [Modules] Streaming discord_spellcheck@1 to /home/migio/.config/discord/0.0.98/modules/pending/discord_spellcheck-1.zip: 97%
7/3/2025, 12:00:46 AM GMT+2 [Modules] Streaming discord_spellcheck@1 to /home/migio/.config/discord/0.0.98/modules/pending/discord_spellcheck-1.zip: 98%
7/3/2025, 12:00:46 AM GMT+2 [Modules] Streaming discord_spellcheck@1 to /home/migio/.config/discord/0.0.98/modules/pending/discord_spellcheck-1.zip: 99%
7/3/2025, 12:00:46 AM GMT+2 [Modules] Streaming discord_spellcheck@1 to /home/migio/.config/discord/0.0.98/modules/pending/discord_spellcheck-1.zip: 100%
7/3/2025, 12:00:46 AM GMT+2 [Modules] Fetching discord_utils@1 from https://discord.com/api/modules/stable/discord_utils/1
7/3/2025, 12:00:46 AM GMT+2 [Modules] Streaming discord_utils@1 to /home/migio/.config/discord/0.0.98/modules/pending/discord_utils-1.zip
7/3/2025, 12:01:16 AM GMT+2 [Modules] Failed fetching module discord_utils@1: Error: ESOCKETTIMEDOUT
7/3/2025, 12:01:16 AM GMT+2 [Modules] Waiting 1000ms before next download.
7/3/2025, 12:01:18 AM GMT+2 [Modules] Fetching discord_voice@1 from https://discord.com/api/modules/stable/discord_voice/1
7/3/2025, 12:01:18 AM GMT+2 [Modules] Streaming discord_voice@1 to /home/migio/.config/discord/0.0.98/modules/pending/discord_voice-1.zip
7/3/2025, 12:01:18 AM GMT+2 [Modules] Streaming discord_voice@1 to /home/migio/.config/discord/0.0.98/modules/pending/discord_voice-1.zip: 1%
7/3/2025, 12:01:18 AM GMT+2 [Modules] Streaming discord_voice@1 to /home/migio/.config/discord/0.0.98/modules/pending/discord_voice-1.zip: 2%
7/3/2025, 12:01:18 AM GMT+2 [Modules] Streaming discord_voice@1 to /home/migio/.config/discord/0.0.98/modules/pending/discord_voice-1.zip: 3%
7/3/2025, 12:01:18 AM GMT+2 [Modules] Streaming discord_voice@1 to /home/migio/.config/discord/0.0.98/modules/pending/discord_voice-1.zip: 4%
7/3/2025, 12:01:18 AM GMT+2 [Modules] Streaming discord_voice@1 to /home/migio/.config/discord/0.0.98/modules/pending/discord_voice-1.zip: 5%
7/3/2025, 12:01:18 AM GMT+2 [Modules] Streaming discord_voice@1 to /home/migio/.config/discord/0.0.98/modules/pending/discord_voice-1.zip: 6%
7/3/2025, 12:01:18 AM GMT+2 [Modules] Streaming discord_voice@1 to /home/migio/.config/discord/0.0.98/modules/pending/discord_voice-1.zip: 7%
7/3/2025, 12:01:18 AM GMT+2 [Modules] Streaming discord_voice@1 to /home/migio/.config/discord/0.0.98/modules/pending/discord_voice-1.zip: 8%
7/3/2025, 12:01:18 AM GMT+2 [Modules] Streaming discord_voice@1 to /home/migio/.config/discord/0.0.98/modules/pending/discord_voice-1.zip: 9%
7/3/2025, 12:01:18 AM GMT+2 [Modules] Streaming discord_voice@1 to /home/migio/.config/discord/0.0.98/modules/pending/discord_voice-1.zip: 10%
7/3/2025, 12:01:18 AM GMT+2 [Modules] Streaming discord_voice@1 to /home/migio/.config/discord/0.0.98/modules/pending/discord_voice-1.zip: 11%
7/3/2025, 12:01:18 AM GMT+2 [Modules] Streaming discord_voice@1 to /home/migio/.config/discord/0.0.98/modules/pending/discord_voice-1.zip: 12%
7/3/2025, 12:01:18 AM GMT+2 [Modules] Streaming discord_voice@1 to /home/migio/.config/discord/0.0.98/modules/pending/discord_voice-1.zip: 13%
7/3/2025, 12:01:18 AM GMT+2 [Modules] Streaming discord_voice@1 to /home/migio/.config/discord/0.0.98/modules/pending/discord_voice-1.zip: 14%
7/3/2025, 12:01:18 AM GMT+2 [Modules] Streaming discord_voice@1 to /home/migio/.config/discord/0.0.98/modules/pending/discord_voice-1.zip: 15%
7/3/2025, 12:01:18 AM GMT+2 [Modules] Streaming discord_voice@1 to /home/migio/.config/discord/0.0.98/modules/pending/discord_voice-1.zip: 16%
7/3/2025, 12:01:19 AM GMT+2 [Modules] Streaming discord_voice@1 to /home/migio/.config/discord/0.0.98/modules/pending/discord_voice-1.zip: 17%
7/3/2025, 12:01:19 AM GMT+2 [Modules] Streaming discord_voice@1 to /home/migio/.config/discord/0.0.98/modules/pending/discord_voice-1.zip: 18%
7/3/2025, 12:01:19 AM GMT+2 [Modules] Streaming discord_voice@1 to /home/migio/.config/discord/0.0.98/modules/pending/discord_voice-1.zip: 19%
7/3/2025, 12:01:19 AM GMT+2 [Modules] Streaming discord_voice@1 to /home/migio/.config/discord/0.0.98/modules/pending/discord_voice-1.zip: 20%
7/3/2025, 12:01:19 AM GMT+2 [Modules] Streaming discord_voice@1 to /home/migio/.config/discord/0.0.98/modules/pending/discord_voice-1.zip: 21%
7/3/2025, 12:01:19 AM GMT+2 [Modules] Streaming discord_voice@1 to /home/migio/.config/discord/0.0.98/modules/pending/discord_voice-1.zip: 22%
7/3/2025, 12:01:19 AM GMT+2 [Modules] Streaming discord_voice@1 to /home/migio/.config/discord/0.0.98/modules/pending/discord_voice-1.zip: 23%
7/3/2025, 12:01:19 AM GMT+2 [Modules] Streaming discord_voice@1 to /home/migio/.config/discord/0.0.98/modules/pending/discord_voice-1.zip: 24%
7/3/2025, 12:01:19 AM GMT+2 [Modules] Streaming discord_voice@1 to /home/migio/.config/discord/0.0.98/modules/pending/discord_voice-1.zip: 25%
7/3/2025, 12:01:19 AM GMT+2 [Modules] Streaming discord_voice@1 to /home/migio/.config/discord/0.0.98/modules/pending/discord_voice-1.zip: 26%
7/3/2025, 12:01:19 AM GMT+2 [Modules] Streaming discord_voice@1 to /home/migio/.config/discord/0.0.98/modules/pending/discord_voice-1.zip: 27%
7/3/2025, 12:01:19 AM GMT+2 [Modules] Streaming discord_voice@1 to /home/migio/.config/discord/0.0.98/modules/pending/discord_voice-1.zip: 28%
7/3/2025, 12:01:19 AM GMT+2 [Modules] Streaming discord_voice@1 to /home/migio/.config/discord/0.0.98/modules/pending/discord_voice-1.zip: 29%
7/3/2025, 12:01:19 AM GMT+2 [Modules] Streaming discord_voice@1 to /home/migio/.config/discord/0.0.98/modules/pending/discord_voice-1.zip: 30%
7/3/2025, 12:01:19 AM GMT+2 [Modules] Streaming discord_voice@1 to /home/migio/.config/discord/0.0.98/modules/pending/discord_voice-1.zip: 31%
7/3/2025, 12:01:19 AM GMT+2 [Modules] Streaming discord_voice@1 to /home/migio/.config/discord/0.0.98/modules/pending/discord_voice-1.zip: 32%
7/3/2025, 12:01:19 AM GMT+2 [Modules] Streaming discord_voice@1 to /home/migio/.config/discord/0.0.98/modules/pending/discord_voice-1.zip: 33%
7/3/2025, 12:01:19 AM GMT+2 [Modules] Streaming discord_voice@1 to /home/migio/.config/discord/0.0.98/modules/pending/discord_voice-1.zip: 34%
7/3/2025, 12:01:19 AM GMT+2 [Modules] Streaming discord_voice@1 to /home/migio/.config/discord/0.0.98/modules/pending/discord_voice-1.zip: 35%
7/3/2025, 12:01:19 AM GMT+2 [Modules] Streaming discord_voice@1 to /home/migio/.config/discord/0.0.98/modules/pending/discord_voice-1.zip: 36%
7/3/2025, 12:01:19 AM GMT+2 [Modules] Streaming discord_voice@1 to /home/migio/.config/discord/0.0.98/modules/pending/discord_voice-1.zip: 37%
7/3/2025, 12:01:19 AM GMT+2 [Modules] Streaming discord_voice@1 to /home/migio/.config/discord/0.0.98/modules/pending/discord_voice-1.zip: 38%
7/3/2025, 12:01:19 AM GMT+2 [Modules] Streaming discord_voice@1 to /home/migio/.config/discord/0.0.98/modules/pending/discord_voice-1.zip: 39%
7/3/2025, 12:01:19 AM GMT+2 [Modules] Streaming discord_voice@1 to /home/migio/.config/discord/0.0.98/modules/pending/discord_voice-1.zip: 40%
7/3/2025, 12:01:19 AM GMT+2 [Modules] Streaming discord_voice@1 to /home/migio/.config/discord/0.0.98/modules/pending/discord_voice-1.zip: 41%
7/3/2025, 12:01:19 AM GMT+2 [Modules] Streaming discord_voice@1 to /home/migio/.config/discord/0.0.98/modules/pending/discord_voice-1.zip: 42%
7/3/2025, 12:01:19 AM GMT+2 [Modules] Streaming discord_voice@1 to /home/migio/.config/discord/0.0.98/modules/pending/discord_voice-1.zip: 43%
7/3/2025, 12:01:19 AM GMT+2 [Modules] Streaming discord_voice@1 to /home/migio/.config/discord/0.0.98/modules/pending/discord_voice-1.zip: 44%
7/3/2025, 12:01:19 AM GMT+2 [Modules] Streaming discord_voice@1 to /home/migio/.config/discord/0.0.98/modules/pending/discord_voice-1.zip: 45%
7/3/2025, 12:01:19 AM GMT+2 [Modules] Streaming discord_voice@1 to /home/migio/.config/discord/0.0.98/modules/pending/discord_voice-1.zip: 46%
7/3/2025, 12:01:19 AM GMT+2 [Modules] Streaming discord_voice@1 to /home/migio/.config/discord/0.0.98/modules/pending/discord_voice-1.zip: 47%
7/3/2025, 12:01:19 AM GMT+2 [Modules] Streaming discord_voice@1 to /home/migio/.config/discord/0.0.98/modules/pending/discord_voice-1.zip: 48%
7/3/2025, 12:01:19 AM GMT+2 [Modules] Streaming discord_voice@1 to /home/migio/.config/discord/0.0.98/modules/pending/discord_voice-1.zip: 49%
7/3/2025, 12:01:19 AM GMT+2 [Modules] Streaming discord_voice@1 to /home/migio/.config/discord/0.0.98/modules/pending/discord_voice-1.zip: 50%
7/3/2025, 12:01:19 AM GMT+2 [Modules] Streaming discord_voice@1 to /home/migio/.config/discord/0.0.98/modules/pending/discord_voice-1.zip: 51%
7/3/2025, 12:01:19 AM GMT+2 [Modules] Streaming discord_voice@1 to /home/migio/.config/discord/0.0.98/modules/pending/discord_voice-1.zip: 52%
7/3/2025, 12:01:19 AM GMT+2 [Modules] Streaming discord_voice@1 to /home/migio/.config/discord/0.0.98/modules/pending/discord_voice-1.zip: 53%
7/3/2025, 12:01:19 AM GMT+2 [Modules] Streaming discord_voice@1 to /home/migio/.config/discord/0.0.98/modules/pending/discord_voice-1.zip: 54%
7/3/2025, 12:01:19 AM GMT+2 [Modules] Streaming discord_voice@1 to /home/migio/.config/discord/0.0.98/modules/pending/discord_voice-1.zip: 55%
7/3/2025, 12:01:19 AM GMT+2 [Modules] Streaming discord_voice@1 to /home/migio/.config/discord/0.0.98/modules/pending/discord_voice-1.zip: 56%
7/3/2025, 12:01:19 AM GMT+2 [Modules] Streaming discord_voice@1 to /home/migio/.config/discord/0.0.98/modules/pending/discord_voice-1.zip: 57%
7/3/2025, 12:01:19 AM GMT+2 [Modules] Streaming discord_voice@1 to /home/migio/.config/discord/0.0.98/modules/pending/discord_voice-1.zip: 58%
7/3/2025, 12:01:19 AM GMT+2 [Modules] Streaming discord_voice@1 to /home/migio/.config/discord/0.0.98/modules/pending/discord_voice-1.zip: 59%
7/3/2025, 12:01:19 AM GMT+2 [Modules] Streaming discord_voice@1 to /home/migio/.config/discord/0.0.98/modules/pending/discord_voice-1.zip: 60%
7/3/2025, 12:01:19 AM GMT+2 [Modules] Streaming discord_voice@1 to /home/migio/.config/discord/0.0.98/modules/pending/discord_voice-1.zip: 61%
7/3/2025, 12:01:19 AM GMT+2 [Modules] Streaming discord_voice@1 to /home/migio/.config/discord/0.0.98/modules/pending/discord_voice-1.zip: 62%
7/3/2025, 12:01:19 AM GMT+2 [Modules] Streaming discord_voice@1 to /home/migio/.config/discord/0.0.98/modules/pending/discord_voice-1.zip: 63%
7/3/2025, 12:01:19 AM GMT+2 [Modules] Streaming discord_voice@1 to /home/migio/.config/discord/0.0.98/modules/pending/discord_voice-1.zip: 64%
7/3/2025, 12:01:19 AM GMT+2 [Modules] Streaming discord_voice@1 to /home/migio/.config/discord/0.0.98/modules/pending/discord_voice-1.zip: 65%
7/3/2025, 12:01:19 AM GMT+2 [Modules] Streaming discord_voice@1 to /home/migio/.config/discord/0.0.98/modules/pending/discord_voice-1.zip: 66%
7/3/2025, 12:01:19 AM GMT+2 [Modules] Streaming discord_voice@1 to /home/migio/.config/discord/0.0.98/modules/pending/discord_voice-1.zip: 67%
7/3/2025, 12:01:19 AM GMT+2 [Modules] Streaming discord_voice@1 to /home/migio/.config/discord/0.0.98/modules/pending/discord_voice-1.zip: 68%
7/3/2025, 12:01:19 AM GMT+2 [Modules] Streaming discord_voice@1 to /home/migio/.config/discord/0.0.98/modules/pending/discord_voice-1.zip: 69%
7/3/2025, 12:01:19 AM GMT+2 [Modules] Streaming discord_voice@1 to /home/migio/.config/discord/0.0.98/modules/pending/discord_voice-1.zip: 70%
7/3/2025, 12:01:19 AM GMT+2 [Modules] Streaming discord_voice@1 to /home/migio/.config/discord/0.0.98/modules/pending/discord_voice-1.zip: 71%
7/3/2025, 12:01:19 AM GMT+2 [Modules] Streaming discord_voice@1 to /home/migio/.config/discord/0.0.98/modules/pending/discord_voice-1.zip: 72%
7/3/2025, 12:01:19 AM GMT+2 [Modules] Streaming discord_voice@1 to /home/migio/.config/discord/0.0.98/modules/pending/discord_voice-1.zip: 73%
7/3/2025, 12:01:19 AM GMT+2 [Modules] Streaming discord_voice@1 to /home/migio/.config/discord/0.0.98/modules/pending/discord_voice-1.zip: 74%
7/3/2025, 12:01:19 AM GMT+2 [Modules] Streaming discord_voice@1 to /home/migio/.config/discord/0.0.98/modules/pending/discord_voice-1.zip: 75%
7/3/2025, 12:01:19 AM GMT+2 [Modules] Streaming discord_voice@1 to /home/migio/.config/discord/0.0.98/modules/pending/discord_voice-1.zip: 76%
7/3/2025, 12:01:19 AM GMT+2 [Modules] Streaming discord_voice@1 to /home/migio/.config/discord/0.0.98/modules/pending/discord_voice-1.zip: 77%
7/3/2025, 12:01:19 AM GMT+2 [Modules] Streaming discord_voice@1 to /home/migio/.config/discord/0.0.98/modules/pending/discord_voice-1.zip: 78%
7/3/2025, 12:01:19 AM GMT+2 [Modules] Streaming discord_voice@1 to /home/migio/.config/discord/0.0.98/modules/pending/discord_voice-1.zip: 79%
7/3/2025, 12:01:19 AM GMT+2 [Modules] Streaming discord_voice@1 to /home/migio/.config/discord/0.0.98/modules/pending/discord_voice-1.zip: 80%
7/3/2025, 12:01:19 AM GMT+2 [Modules] Streaming discord_voice@1 to /home/migio/.config/discord/0.0.98/modules/pending/discord_voice-1.zip: 81%
7/3/2025, 12:01:19 AM GMT+2 [Modules] Streaming discord_voice@1 to /home/migio/.config/discord/0.0.98/modules/pending/discord_voice-1.zip: 82%
7/3/2025, 12:01:19 AM GMT+2 [Modules] Streaming discord_voice@1 to /home/migio/.config/discord/0.0.98/modules/pending/discord_voice-1.zip: 83%
7/3/2025, 12:01:19 AM GMT+2 [Modules] Streaming discord_voice@1 to /home/migio/.config/discord/0.0.98/modules/pending/discord_voice-1.zip: 84%
7/3/2025, 12:01:19 AM GMT+2 [Modules] Streaming discord_voice@1 to /home/migio/.config/discord/0.0.98/modules/pending/discord_voice-1.zip: 85%
7/3/2025, 12:01:19 AM GMT+2 [Modules] Streaming discord_voice@1 to /home/migio/.config/discord/0.0.98/modules/pending/discord_voice-1.zip: 86%
7/3/2025, 12:01:19 AM GMT+2 [Modules] Streaming discord_voice@1 to /home/migio/.config/discord/0.0.98/modules/pending/discord_voice-1.zip: 87%
7/3/2025, 12:01:19 AM GMT+2 [Modules] Streaming discord_voice@1 to /home/migio/.config/discord/0.0.98/modules/pending/discord_voice-1.zip: 88%
7/3/2025, 12:01:19 AM GMT+2 [Modules] Streaming discord_voice@1 to /home/migio/.config/discord/0.0.98/modules/pending/discord_voice-1.zip: 89%
7/3/2025, 12:01:20 AM GMT+2 [Modules] Streaming discord_voice@1 to /home/migio/.config/discord/0.0.98/modules/pending/discord_voice-1.zip: 90%
7/3/2025, 12:01:20 AM GMT+2 [Modules] Streaming discord_voice@1 to /home/migio/.config/discord/0.0.98/modules/pending/discord_voice-1.zip: 91%
7/3/2025, 12:01:20 AM GMT+2 [Modules] Streaming discord_voice@1 to /home/migio/.config/discord/0.0.98/modules/pending/discord_voice-1.zip: 92%
7/3/2025, 12:01:20 AM GMT+2 [Modules] Streaming discord_voice@1 to /home/migio/.config/discord/0.0.98/modules/pending/discord_voice-1.zip: 93%
7/3/2025, 12:01:20 AM GMT+2 [Modules] Streaming discord_voice@1 to /home/migio/.config/discord/0.0.98/modules/pending/discord_voice-1.zip: 94%
7/3/2025, 12:01:20 AM GMT+2 [Modules] Streaming discord_voice@1 to /home/migio/.config/discord/0.0.98/modules/pending/discord_voice-1.zip: 95%
7/3/2025, 12:01:20 AM GMT+2 [Modules] Streaming discord_voice@1 to /home/migio/.config/discord/0.0.98/modules/pending/discord_voice-1.zip: 96%
7/3/2025, 12:01:20 AM GMT+2 [Modules] Streaming discord_voice@1 to /home/migio/.config/discord/0.0.98/modules/pending/discord_voice-1.zip: 97%
7/3/2025, 12:01:20 AM GMT+2 [Modules] Streaming discord_voice@1 to /home/migio/.config/discord/0.0.98/modules/pending/discord_voice-1.zip: 98%
7/3/2025, 12:01:20 AM GMT+2 [Modules] Streaming discord_voice@1 to /home/migio/.config/discord/0.0.98/modules/pending/discord_voice-1.zip: 99%
7/3/2025, 12:01:20 AM GMT+2 [Modules] Streaming discord_voice@1 to /home/migio/.config/discord/0.0.98/modules/pending/discord_voice-1.zip: 100%
7/3/2025, 12:01:20 AM GMT+2 [Modules] Fetching discord_zstd@1 from https://discord.com/api/modules/stable/discord_zstd/1
7/3/2025, 12:01:20 AM GMT+2 [Modules] Streaming discord_zstd@1 to /home/migio/.config/discord/0.0.98/modules/pending/discord_zstd-1.zip
7/3/2025, 12:01:20 AM GMT+2 [Modules] Streaming discord_zstd@1 to /home/migio/.config/discord/0.0.98/modules/pending/discord_zstd-1.zip: 1%
7/3/2025, 12:01:20 AM GMT+2 [Modules] Streaming discord_zstd@1 to /home/migio/.config/discord/0.0.98/modules/pending/discord_zstd-1.zip: 4%
7/3/2025, 12:01:20 AM GMT+2 [Modules] Streaming discord_zstd@1 to /home/migio/.config/discord/0.0.98/modules/pending/discord_zstd-1.zip: 8%
7/3/2025, 12:01:20 AM GMT+2 [Modules] Streaming discord_zstd@1 to /home/migio/.config/discord/0.0.98/modules/pending/discord_zstd-1.zip: 9%
7/3/2025, 12:01:20 AM GMT+2 [Modules] Streaming discord_zstd@1 to /home/migio/.config/discord/0.0.98/modules/pending/discord_zstd-1.zip: 12%
7/3/2025, 12:01:20 AM GMT+2 [Modules] Streaming discord_zstd@1 to /home/migio/.config/discord/0.0.98/modules/pending/discord_zstd-1.zip: 14%
7/3/2025, 12:01:20 AM GMT+2 [Modules] Streaming discord_zstd@1 to /home/migio/.config/discord/0.0.98/modules/pending/discord_zstd-1.zip: 16%
7/3/2025, 12:01:20 AM GMT+2 [Modules] Streaming discord_zstd@1 to /home/migio/.config/discord/0.0.98/modules/pending/discord_zstd-1.zip: 17%
7/3/2025, 12:01:20 AM GMT+2 [Modules] Streaming discord_zstd@1 to /home/migio/.config/discord/0.0.98/modules/pending/discord_zstd-1.zip: 19%
7/3/2025, 12:01:20 AM GMT+2 [Modules] Streaming discord_zstd@1 to /home/migio/.config/discord/0.0.98/modules/pending/discord_zstd-1.zip: 20%
7/3/2025, 12:01:20 AM GMT+2 [Modules] Streaming discord_zstd@1 to /home/migio/.config/discord/0.0.98/modules/pending/discord_zstd-1.zip: 22%
7/3/2025, 12:01:20 AM GMT+2 [Modules] Streaming discord_zstd@1 to /home/migio/.config/discord/0.0.98/modules/pending/discord_zstd-1.zip: 24%
7/3/2025, 12:01:20 AM GMT+2 [Modules] Streaming discord_zstd@1 to /home/migio/.config/discord/0.0.98/modules/pending/discord_zstd-1.zip: 27%
7/3/2025, 12:01:20 AM GMT+2 [Modules] Streaming discord_zstd@1 to /home/migio/.config/discord/0.0.98/modules/pending/discord_zstd-1.zip: 29%
7/3/2025, 12:01:20 AM GMT+2 [Modules] Streaming discord_zstd@1 to /home/migio/.config/discord/0.0.98/modules/pending/discord_zstd-1.zip: 31%
7/3/2025, 12:01:20 AM GMT+2 [Modules] Streaming discord_zstd@1 to /home/migio/.config/discord/0.0.98/modules/pending/discord_zstd-1.zip: 34%
7/3/2025, 12:01:20 AM GMT+2 [Modules] Streaming discord_zstd@1 to /home/migio/.config/discord/0.0.98/modules/pending/discord_zstd-1.zip: 35%
7/3/2025, 12:01:20 AM GMT+2 [Modules] Streaming discord_zstd@1 to /home/migio/.config/discord/0.0.98/modules/pending/discord_zstd-1.zip: 36%
7/3/2025, 12:01:20 AM GMT+2 [Modules] Streaming discord_zstd@1 to /home/migio/.config/discord/0.0.98/modules/pending/discord_zstd-1.zip: 39%
7/3/2025, 12:01:20 AM GMT+2 [Modules] Streaming discord_zstd@1 to /home/migio/.config/discord/0.0.98/modules/pending/discord_zstd-1.zip: 41%
7/3/2025, 12:01:20 AM GMT+2 [Modules] Streaming discord_zstd@1 to /home/migio/.config/discord/0.0.98/modules/pending/discord_zstd-1.zip: 44%
7/3/2025, 12:01:20 AM GMT+2 [Modules] Streaming discord_zstd@1 to /home/migio/.config/discord/0.0.98/modules/pending/discord_zstd-1.zip: 46%
7/3/2025, 12:01:20 AM GMT+2 [Modules] Streaming discord_zstd@1 to /home/migio/.config/discord/0.0.98/modules/pending/discord_zstd-1.zip: 49%
7/3/2025, 12:01:20 AM GMT+2 [Modules] Streaming discord_zstd@1 to /home/migio/.config/discord/0.0.98/modules/pending/discord_zstd-1.zip: 50%
7/3/2025, 12:01:20 AM GMT+2 [Modules] Streaming discord_zstd@1 to /home/migio/.config/discord/0.0.98/modules/pending/discord_zstd-1.zip: 51%
7/3/2025, 12:01:20 AM GMT+2 [Modules] Streaming discord_zstd@1 to /home/migio/.config/discord/0.0.98/modules/pending/discord_zstd-1.zip: 54%
7/3/2025, 12:01:20 AM GMT+2 [Modules] Streaming discord_zstd@1 to /home/migio/.config/discord/0.0.98/modules/pending/discord_zstd-1.zip: 56%
7/3/2025, 12:01:20 AM GMT+2 [Modules] Streaming discord_zstd@1 to /home/migio/.config/discord/0.0.98/modules/pending/discord_zstd-1.zip: 59%
7/3/2025, 12:01:20 AM GMT+2 [Modules] Streaming discord_zstd@1 to /home/migio/.config/discord/0.0.98/modules/pending/discord_zstd-1.zip: 64%
7/3/2025, 12:01:20 AM GMT+2 [Modules] Streaming discord_zstd@1 to /home/migio/.config/discord/0.0.98/modules/pending/discord_zstd-1.zip: 66%
7/3/2025, 12:01:20 AM GMT+2 [Modules] Streaming discord_zstd@1 to /home/migio/.config/discord/0.0.98/modules/pending/discord_zstd-1.zip: 69%
7/3/2025, 12:01:20 AM GMT+2 [Modules] Streaming discord_zstd@1 to /home/migio/.config/discord/0.0.98/modules/pending/discord_zstd-1.zip: 71%
7/3/2025, 12:01:20 AM GMT+2 [Modules] Streaming discord_zstd@1 to /home/migio/.config/discord/0.0.98/modules/pending/discord_zstd-1.zip: 74%
7/3/2025, 12:01:20 AM GMT+2 [Modules] Streaming discord_zstd@1 to /home/migio/.config/discord/0.0.98/modules/pending/discord_zstd-1.zip: 76%
7/3/2025, 12:01:20 AM GMT+2 [Modules] Streaming discord_zstd@1 to /home/migio/.config/discord/0.0.98/modules/pending/discord_zstd-1.zip: 77%
7/3/2025, 12:01:20 AM GMT+2 [Modules] Streaming discord_zstd@1 to /home/migio/.config/discord/0.0.98/modules/pending/discord_zstd-1.zip: 78%
7/3/2025, 12:01:20 AM GMT+2 [Modules] Streaming discord_zstd@1 to /home/migio/.config/discord/0.0.98/modules/pending/discord_zstd-1.zip: 79%
7/3/2025, 12:01:20 AM GMT+2 [Modules] Streaming discord_zstd@1 to /home/migio/.config/discord/0.0.98/modules/pending/discord_zstd-1.zip: 81%
7/3/2025, 12:01:20 AM GMT+2 [Modules] Streaming discord_zstd@1 to /home/migio/.config/discord/0.0.98/modules/pending/discord_zstd-1.zip: 85%
7/3/2025, 12:01:20 AM GMT+2 [Modules] Streaming discord_zstd@1 to /home/migio/.config/discord/0.0.98/modules/pending/discord_zstd-1.zip: 87%
7/3/2025, 12:01:20 AM GMT+2 [Modules] Streaming discord_zstd@1 to /home/migio/.config/discord/0.0.98/modules/pending/discord_zstd-1.zip: 89%
7/3/2025, 12:01:20 AM GMT+2 [Modules] Streaming discord_zstd@1 to /home/migio/.config/discord/0.0.98/modules/pending/discord_zstd-1.zip: 90%
7/3/2025, 12:01:20 AM GMT+2 [Modules] Streaming discord_zstd@1 to /home/migio/.config/discord/0.0.98/modules/pending/discord_zstd-1.zip: 91%
7/3/2025, 12:01:20 AM GMT+2 [Modules] Streaming discord_zstd@1 to /home/migio/.config/discord/0.0.98/modules/pending/discord_zstd-1.zip: 92%
7/3/2025, 12:01:20 AM GMT+2 [Modules] Streaming discord_zstd@1 to /home/migio/.config/discord/0.0.98/modules/pending/discord_zstd-1.zip: 95%
7/3/2025, 12:01:20 AM GMT+2 [Modules] Streaming discord_zstd@1 to /home/migio/.config/discord/0.0.98/modules/pending/discord_zstd-1.zip: 97%
7/3/2025, 12:01:20 AM GMT+2 [Modules] Streaming discord_zstd@1 to /home/migio/.config/discord/0.0.98/modules/pending/discord_zstd-1.zip: 100%
7/3/2025, 12:01:20 AM GMT+2 [Modules] Finished module downloads. [success: 5] [failure: 1]
7/3/2025, 12:01:30 AM GMT+2 [Modules] Host is up to date.
7/3/2025, 12:01:30 AM GMT+2 [Modules] Checking for module updates at https://discord.com/api/modules/stable/versions.json
7/3/2025, 12:01:30 AM GMT+2 [Modules] Module update available: discord_utils@1 [installed: 0]
7/3/2025, 12:01:30 AM GMT+2 [Modules] Fetching discord_utils@1 from https://discord.com/api/modules/stable/discord_utils/1
7/3/2025, 12:01:30 AM GMT+2 [Modules] Streaming discord_utils@1 to /home/migio/.config/discord/0.0.98/modules/pending/discord_utils-1.zip
7/3/2025, 12:02:00 AM GMT+2 [Modules] Failed fetching module discord_utils@1: Error: ESOCKETTIMEDOUT
7/3/2025, 12:02:00 AM GMT+2 [Modules] Finished module downloads. [success: 0] [failure: 1]
7/3/2025, 12:02:20 AM GMT+2 [Modules] Host is up to date.
7/3/2025, 12:02:20 AM GMT+2 [Modules] Checking for module updates at https://discord.com/api/modules/stable/versions.json
7/3/2025, 12:02:20 AM GMT+2 [Modules] Module update available: discord_utils@1 [installed: 0]
7/3/2025, 12:02:20 AM GMT+2 [Modules] Fetching discord_utils@1 from https://discord.com/api/modules/stable/discord_utils/1
7/3/2025, 12:02:20 AM GMT+2 [Modules] Streaming discord_utils@1 to /home/migio/.config/discord/0.0.98/modules/pending/discord_utils-1.zip
7/3/2025, 12:02:21 AM GMT+2 [Modules] Streaming discord_utils@1 to /home/migio/.config/discord/0.0.98/modules/pending/discord_utils-1.zip: 1%
7/3/2025, 12:02:21 AM GMT+2 [Modules] Streaming discord_utils@1 to /home/migio/.config/discord/0.0.98/modules/pending/discord_utils-1.zip: 2%
7/3/2025, 12:02:21 AM GMT+2 [Modules] Streaming discord_utils@1 to /home/migio/.config/discord/0.0.98/modules/pending/discord_utils-1.zip: 3%
7/3/2025, 12:02:21 AM GMT+2 [Modules] Streaming discord_utils@1 to /home/migio/.config/discord/0.0.98/modules/pending/discord_utils-1.zip: 4%
7/3/2025, 12:02:21 AM GMT+2 [Modules] Streaming discord_utils@1 to /home/migio/.config/discord/0.0.98/modules/pending/discord_utils-1.zip: 5%
7/3/2025, 12:02:21 AM GMT+2 [Modules] Streaming discord_utils@1 to /home/migio/.config/discord/0.0.98/modules/pending/discord_utils-1.zip: 6%
7/3/2025, 12:02:21 AM GMT+2 [Modules] Streaming discord_utils@1 to /home/migio/.config/discord/0.0.98/modules/pending/discord_utils-1.zip: 7%
7/3/2025, 12:02:21 AM GMT+2 [Modules] Streaming discord_utils@1 to /home/migio/.config/discord/0.0.98/modules/pending/discord_utils-1.zip: 8%
7/3/2025, 12:02:21 AM GMT+2 [Modules] Streaming discord_utils@1 to /home/migio/.config/discord/0.0.98/modules/pending/discord_utils-1.zip: 9%
7/3/2025, 12:02:21 AM GMT+2 [Modules] Streaming discord_utils@1 to /home/migio/.config/discord/0.0.98/modules/pending/discord_utils-1.zip: 10%
7/3/2025, 12:02:21 AM GMT+2 [Modules] Streaming discord_utils@1 to /home/migio/.config/discord/0.0.98/modules/pending/discord_utils-1.zip: 11%
7/3/2025, 12:02:21 AM GMT+2 [Modules] Streaming discord_utils@1 to /home/migio/.config/discord/0.0.98/modules/pending/discord_utils-1.zip: 12%
7/3/2025, 12:02:21 AM GMT+2 [Modules] Streaming discord_utils@1 to /home/migio/.config/discord/0.0.98/modules/pending/discord_utils-1.zip: 13%
7/3/2025, 12:02:21 AM GMT+2 [Modules] Streaming discord_utils@1 to /home/migio/.config/discord/0.0.98/modules/pending/discord_utils-1.zip: 14%
7/3/2025, 12:02:21 AM GMT+2 [Modules] Streaming discord_utils@1 to /home/migio/.config/discord/0.0.98/modules/pending/discord_utils-1.zip: 15%
7/3/2025, 12:02:21 AM GMT+2 [Modules] Streaming discord_utils@1 to /home/migio/.config/discord/0.0.98/modules/pending/discord_utils-1.zip: 16%
7/3/2025, 12:02:21 AM GMT+2 [Modules] Streaming discord_utils@1 to /home/migio/.config/discord/0.0.98/modules/pending/discord_utils-1.zip: 17%
7/3/2025, 12:02:21 AM GMT+2 [Modules] Streaming discord_utils@1 to /home/migio/.config/discord/0.0.98/modules/pending/discord_utils-1.zip: 18%
7/3/2025, 12:02:21 AM GMT+2 [Modules] Streaming discord_utils@1 to /home/migio/.config/discord/0.0.98/modules/pending/discord_utils-1.zip: 20%
7/3/2025, 12:02:21 AM GMT+2 [Modules] Streaming discord_utils@1 to /home/migio/.config/discord/0.0.98/modules/pending/discord_utils-1.zip: 21%
7/3/2025, 12:02:21 AM GMT+2 [Modules] Streaming discord_utils@1 to /home/migio/.config/discord/0.0.98/modules/pending/discord_utils-1.zip: 22%
7/3/2025, 12:02:21 AM GMT+2 [Modules] Streaming discord_utils@1 to /home/migio/.config/discord/0.0.98/modules/pending/discord_utils-1.zip: 23%
7/3/2025, 12:02:21 AM GMT+2 [Modules] Streaming discord_utils@1 to /home/migio/.config/discord/0.0.98/modules/pending/discord_utils-1.zip: 24%
7/3/2025, 12:02:21 AM GMT+2 [Modules] Streaming discord_utils@1 to /home/migio/.config/discord/0.0.98/modules/pending/discord_utils-1.zip: 25%
7/3/2025, 12:02:21 AM GMT+2 [Modules] Streaming discord_utils@1 to /home/migio/.config/discord/0.0.98/modules/pending/discord_utils-1.zip: 26%
7/3/2025, 12:02:21 AM GMT+2 [Modules] Streaming discord_utils@1 to /home/migio/.config/discord/0.0.98/modules/pending/discord_utils-1.zip: 27%
7/3/2025, 12:02:21 AM GMT+2 [Modules] Streaming discord_utils@1 to /home/migio/.config/discord/0.0.98/modules/pending/discord_utils-1.zip: 28%
7/3/2025, 12:02:21 AM GMT+2 [Modules] Streaming discord_utils@1 to /home/migio/.config/discord/0.0.98/modules/pending/discord_utils-1.zip: 29%
7/3/2025, 12:02:21 AM GMT+2 [Modules] Streaming discord_utils@1 to /home/migio/.config/discord/0.0.98/modules/pending/discord_utils-1.zip: 30%
7/3/2025, 12:02:21 AM GMT+2 [Modules] Streaming discord_utils@1 to /home/migio/.config/discord/0.0.98/modules/pending/discord_utils-1.zip: 31%
7/3/2025, 12:02:21 AM GMT+2 [Modules] Streaming discord_utils@1 to /home/migio/.config/discord/0.0.98/modules/pending/discord_utils-1.zip: 32%
7/3/2025, 12:02:21 AM GMT+2 [Modules] Streaming discord_utils@1 to /home/migio/.config/discord/0.0.98/modules/pending/discord_utils-1.zip: 34%
7/3/2025, 12:02:21 AM GMT+2 [Modules] Streaming discord_utils@1 to /home/migio/.config/discord/0.0.98/modules/pending/discord_utils-1.zip: 35%
7/3/2025, 12:02:21 AM GMT+2 [Modules] Streaming discord_utils@1 to /home/migio/.config/discord/0.0.98/modules/pending/discord_utils-1.zip: 36%
7/3/2025, 12:02:21 AM GMT+2 [Modules] Streaming discord_utils@1 to /home/migio/.config/discord/0.0.98/modules/pending/discord_utils-1.zip: 37%
7/3/2025, 12:02:21 AM GMT+2 [Modules] Streaming discord_utils@1 to /home/migio/.config/discord/0.0.98/modules/pending/discord_utils-1.zip: 38%
7/3/2025, 12:02:21 AM GMT+2 [Modules] Streaming discord_utils@1 to /home/migio/.config/discord/0.0.98/modules/pending/discord_utils-1.zip: 39%
7/3/2025, 12:02:21 AM GMT+2 [Modules] Streaming discord_utils@1 to /home/migio/.config/discord/0.0.98/modules/pending/discord_utils-1.zip: 40%
7/3/2025, 12:02:21 AM GMT+2 [Modules] Streaming discord_utils@1 to /home/migio/.config/discord/0.0.98/modules/pending/discord_utils-1.zip: 41%
7/3/2025, 12:02:21 AM GMT+2 [Modules] Streaming discord_utils@1 to /home/migio/.config/discord/0.0.98/modules/pending/discord_utils-1.zip: 42%
7/3/2025, 12:02:21 AM GMT+2 [Modules] Streaming discord_utils@1 to /home/migio/.config/discord/0.0.98/modules/pending/discord_utils-1.zip: 43%
7/3/2025, 12:02:21 AM GMT+2 [Modules] Streaming discord_utils@1 to /home/migio/.config/discord/0.0.98/modules/pending/discord_utils-1.zip: 44%
7/3/2025, 12:02:21 AM GMT+2 [Modules] Streaming discord_utils@1 to /home/migio/.config/discord/0.0.98/modules/pending/discord_utils-1.zip: 45%
7/3/2025, 12:02:21 AM GMT+2 [Modules] Streaming discord_utils@1 to /home/migio/.config/discord/0.0.98/modules/pending/discord_utils-1.zip: 46%
7/3/2025, 12:02:21 AM GMT+2 [Modules] Streaming discord_utils@1 to /home/migio/.config/discord/0.0.98/modules/pending/discord_utils-1.zip: 47%
7/3/2025, 12:02:21 AM GMT+2 [Modules] Streaming discord_utils@1 to /home/migio/.config/discord/0.0.98/modules/pending/discord_utils-1.zip: 48%
7/3/2025, 12:02:21 AM GMT+2 [Modules] Streaming discord_utils@1 to /home/migio/.config/discord/0.0.98/modules/pending/discord_utils-1.zip: 49%
7/3/2025, 12:02:21 AM GMT+2 [Modules] Streaming discord_utils@1 to /home/migio/.config/discord/0.0.98/modules/pending/discord_utils-1.zip: 50%
7/3/2025, 12:02:21 AM GMT+2 [Modules] Streaming discord_utils@1 to /home/migio/.config/discord/0.0.98/modules/pending/discord_utils-1.zip: 51%
7/3/2025, 12:02:21 AM GMT+2 [Modules] Streaming discord_utils@1 to /home/migio/.config/discord/0.0.98/modules/pending/discord_utils-1.zip: 52%
7/3/2025, 12:02:21 AM GMT+2 [Modules] Streaming discord_utils@1 to /home/migio/.config/discord/0.0.98/modules/pending/discord_utils-1.zip: 53%
7/3/2025, 12:02:21 AM GMT+2 [Modules] Streaming discord_utils@1 to /home/migio/.config/discord/0.0.98/modules/pending/discord_utils-1.zip: 54%
7/3/2025, 12:02:21 AM GMT+2 [Modules] Streaming discord_utils@1 to /home/migio/.config/discord/0.0.98/modules/pending/discord_utils-1.zip: 55%
7/3/2025, 12:02:21 AM GMT+2 [Modules] Streaming discord_utils@1 to /home/migio/.config/discord/0.0.98/modules/pending/discord_utils-1.zip: 56%
7/3/2025, 12:02:21 AM GMT+2 [Modules] Streaming discord_utils@1 to /home/migio/.config/discord/0.0.98/modules/pending/discord_utils-1.zip: 57%
7/3/2025, 12:02:21 AM GMT+2 [Modules] Streaming discord_utils@1 to /home/migio/.config/discord/0.0.98/modules/pending/discord_utils-1.zip: 58%
7/3/2025, 12:02:21 AM GMT+2 [Modules] Streaming discord_utils@1 to /home/migio/.config/discord/0.0.98/modules/pending/discord_utils-1.zip: 59%
7/3/2025, 12:02:21 AM GMT+2 [Modules] Streaming discord_utils@1 to /home/migio/.config/discord/0.0.98/modules/pending/discord_utils-1.zip: 60%
7/3/2025, 12:02:21 AM GMT+2 [Modules] Streaming discord_utils@1 to /home/migio/.config/discord/0.0.98/modules/pending/discord_utils-1.zip: 61%
7/3/2025, 12:02:21 AM GMT+2 [Modules] Streaming discord_utils@1 to /home/migio/.config/discord/0.0.98/modules/pending/discord_utils-1.zip: 62%
7/3/2025, 12:02:21 AM GMT+2 [Modules] Streaming discord_utils@1 to /home/migio/.config/discord/0.0.98/modules/pending/discord_utils-1.zip: 63%
7/3/2025, 12:02:21 AM GMT+2 [Modules] Streaming discord_utils@1 to /home/migio/.config/discord/0.0.98/modules/pending/discord_utils-1.zip: 64%
7/3/2025, 12:02:21 AM GMT+2 [Modules] Streaming discord_utils@1 to /home/migio/.config/discord/0.0.98/modules/pending/discord_utils-1.zip: 65%
7/3/2025, 12:02:21 AM GMT+2 [Modules] Streaming discord_utils@1 to /home/migio/.config/discord/0.0.98/modules/pending/discord_utils-1.zip: 66%
7/3/2025, 12:02:21 AM GMT+2 [Modules] Streaming discord_utils@1 to /home/migio/.config/discord/0.0.98/modules/pending/discord_utils-1.zip: 67%
7/3/2025, 12:02:21 AM GMT+2 [Modules] Streaming discord_utils@1 to /home/migio/.config/discord/0.0.98/modules/pending/discord_utils-1.zip: 68%
7/3/2025, 12:02:21 AM GMT+2 [Modules] Streaming discord_utils@1 to /home/migio/.config/discord/0.0.98/modules/pending/discord_utils-1.zip: 69%
7/3/2025, 12:02:21 AM GMT+2 [Modules] Streaming discord_utils@1 to /home/migio/.config/discord/0.0.98/modules/pending/discord_utils-1.zip: 70%
7/3/2025, 12:02:21 AM GMT+2 [Modules] Streaming discord_utils@1 to /home/migio/.config/discord/0.0.98/modules/pending/discord_utils-1.zip: 71%
7/3/2025, 12:02:21 AM GMT+2 [Modules] Streaming discord_utils@1 to /home/migio/.config/discord/0.0.98/modules/pending/discord_utils-1.zip: 72%
7/3/2025, 12:02:21 AM GMT+2 [Modules] Streaming discord_utils@1 to /home/migio/.config/discord/0.0.98/modules/pending/discord_utils-1.zip: 73%
7/3/2025, 12:02:21 AM GMT+2 [Modules] Streaming discord_utils@1 to /home/migio/.config/discord/0.0.98/modules/pending/discord_utils-1.zip: 74%
7/3/2025, 12:02:21 AM GMT+2 [Modules] Streaming discord_utils@1 to /home/migio/.config/discord/0.0.98/modules/pending/discord_utils-1.zip: 75%
7/3/2025, 12:02:21 AM GMT+2 [Modules] Streaming discord_utils@1 to /home/migio/.config/discord/0.0.98/modules/pending/discord_utils-1.zip: 76%
7/3/2025, 12:02:21 AM GMT+2 [Modules] Streaming discord_utils@1 to /home/migio/.config/discord/0.0.98/modules/pending/discord_utils-1.zip: 77%
7/3/2025, 12:02:21 AM GMT+2 [Modules] Streaming discord_utils@1 to /home/migio/.config/discord/0.0.98/modules/pending/discord_utils-1.zip: 78%
7/3/2025, 12:02:21 AM GMT+2 [Modules] Streaming discord_utils@1 to /home/migio/.config/discord/0.0.98/modules/pending/discord_utils-1.zip: 79%
7/3/2025, 12:02:21 AM GMT+2 [Modules] Streaming discord_utils@1 to /home/migio/.config/discord/0.0.98/modules/pending/discord_utils-1.zip: 80%
7/3/2025, 12:02:21 AM GMT+2 [Modules] Streaming discord_utils@1 to /home/migio/.config/discord/0.0.98/modules/pending/discord_utils-1.zip: 81%
7/3/2025, 12:02:21 AM GMT+2 [Modules] Streaming discord_utils@1 to /home/migio/.config/discord/0.0.98/modules/pending/discord_utils-1.zip: 82%
7/3/2025, 12:02:21 AM GMT+2 [Modules] Streaming discord_utils@1 to /home/migio/.config/discord/0.0.98/modules/pending/discord_utils-1.zip: 83%
7/3/2025, 12:02:21 AM GMT+2 [Modules] Streaming discord_utils@1 to /home/migio/.config/discord/0.0.98/modules/pending/discord_utils-1.zip: 84%
7/3/2025, 12:02:21 AM GMT+2 [Modules] Streaming discord_utils@1 to /home/migio/.config/discord/0.0.98/modules/pending/discord_utils-1.zip: 85%
7/3/2025, 12:02:21 AM GMT+2 [Modules] Streaming discord_utils@1 to /home/migio/.config/discord/0.0.98/modules/pending/discord_utils-1.zip: 86%
7/3/2025, 12:02:21 AM GMT+2 [Modules] Streaming discord_utils@1 to /home/migio/.config/discord/0.0.98/modules/pending/discord_utils-1.zip: 87%
7/3/2025, 12:02:21 AM GMT+2 [Modules] Streaming discord_utils@1 to /home/migio/.config/discord/0.0.98/modules/pending/discord_utils-1.zip: 88%
7/3/2025, 12:02:21 AM GMT+2 [Modules] Streaming discord_utils@1 to /home/migio/.config/discord/0.0.98/modules/pending/discord_utils-1.zip: 89%
7/3/2025, 12:02:21 AM GMT+2 [Modules] Streaming discord_utils@1 to /home/migio/.config/discord/0.0.98/modules/pending/discord_utils-1.zip: 90%
7/3/2025, 12:02:21 AM GMT+2 [Modules] Streaming discord_utils@1 to /home/migio/.config/discord/0.0.98/modules/pending/discord_utils-1.zip: 91%
7/3/2025, 12:02:21 AM GMT+2 [Modules] Streaming discord_utils@1 to /home/migio/.config/discord/0.0.98/modules/pending/discord_utils-1.zip: 92%
7/3/2025, 12:02:21 AM GMT+2 [Modules] Streaming discord_utils@1 to /home/migio/.config/discord/0.0.98/modules/pending/discord_utils-1.zip: 93%
7/3/2025, 12:02:21 AM GMT+2 [Modules] Streaming discord_utils@1 to /home/migio/.config/discord/0.0.98/modules/pending/discord_utils-1.zip: 94%
7/3/2025, 12:02:21 AM GMT+2 [Modules] Streaming discord_utils@1 to /home/migio/.config/discord/0.0.98/modules/pending/discord_utils-1.zip: 95%
7/3/2025, 12:02:21 AM GMT+2 [Modules] Streaming discord_utils@1 to /home/migio/.config/discord/0.0.98/modules/pending/discord_utils-1.zip: 96%
7/3/2025, 12:02:21 AM GMT+2 [Modules] Streaming discord_utils@1 to /home/migio/.config/discord/0.0.98/modules/pending/discord_utils-1.zip: 97%
7/3/2025, 12:02:21 AM GMT+2 [Modules] Streaming discord_utils@1 to /home/migio/.config/discord/0.0.98/modules/pending/discord_utils-1.zip: 98%
7/3/2025, 12:02:21 AM GMT+2 [Modules] Streaming discord_utils@1 to /home/migio/.config/discord/0.0.98/modules/pending/discord_utils-1.zip: 99%
7/3/2025, 12:02:21 AM GMT+2 [Modules] Streaming discord_utils@1 to /home/migio/.config/discord/0.0.98/modules/pending/discord_utils-1.zip: 100%
7/3/2025, 12:02:21 AM GMT+2 [Modules] Finished module downloads. [success: 1] [failure: 0]
7/3/2025, 12:02:21 AM GMT+2 [Modules] Installing updates...
7/3/2025, 12:02:21 AM GMT+2 [Modules] Installing discord_desktop_core@1 from /home/migio/.config/discord/0.0.98/modules/pending/discord_desktop_core-1.zip
7/3/2025, 12:02:21 AM GMT+2 [Modules] Installing discord_erlpack@1 from /home/migio/.config/discord/0.0.98/modules/pending/discord_erlpack-1.zip
7/3/2025, 12:02:21 AM GMT+2 [Modules] Installing discord_spellcheck@1 from /home/migio/.config/discord/0.0.98/modules/pending/discord_spellcheck-1.zip
7/3/2025, 12:02:23 AM GMT+2 [Modules] Installing discord_utils@1 from /home/migio/.config/discord/0.0.98/modules/pending/discord_utils-1.zip
7/3/2025, 12:02:23 AM GMT+2 [Modules] Installing discord_voice@1 from /home/migio/.config/discord/0.0.98/modules/pending/discord_voice-1.zip
7/3/2025, 12:02:24 AM GMT+2 [Modules] Installing discord_zstd@1 from /home/migio/.config/discord/0.0.98/modules/pending/discord_zstd-1.zip
7/3/2025, 12:02:24 AM GMT+2 [Modules] Finished module installations. [success: 6] [failure: 0]
7/3/2025, 12:02:24 AM GMT+2 [Modules] Host is up to date.
7/3/2025, 12:02:24 AM GMT+2 [Modules] Checking for module updates at https://discord.com/api/modules/stable/versions.json
7/3/2025, 12:02:24 AM GMT+2 [Modules] No module updates available.
7/3/2025, 12:02:27 AM GMT+2 [Modules] Starting to install discord_krisp...
7/3/2025, 12:02:27 AM GMT+2 [Modules] Fetching discord_krisp@1 from https://discord.com/api/modules/stable/discord_krisp/1
7/3/2025, 12:02:27 AM GMT+2 [Modules] Streaming discord_krisp@1 to /home/migio/.config/discord/0.0.98/modules/pending/discord_krisp-1.zip
7/3/2025, 12:02:27 AM GMT+2 [Modules] Starting to install discord_game_utils...
7/3/2025, 12:02:28 AM GMT+2 [Modules] Streaming discord_krisp@1 to /home/migio/.config/discord/0.0.98/modules/pending/discord_krisp-1.zip: 1%
7/3/2025, 12:02:28 AM GMT+2 [Modules] Streaming discord_krisp@1 to /home/migio/.config/discord/0.0.98/modules/pending/discord_krisp-1.zip: 2%
7/3/2025, 12:02:28 AM GMT+2 [Modules] Streaming discord_krisp@1 to /home/migio/.config/discord/0.0.98/modules/pending/discord_krisp-1.zip: 3%
7/3/2025, 12:02:28 AM GMT+2 [Modules] Streaming discord_krisp@1 to /home/migio/.config/discord/0.0.98/modules/pending/discord_krisp-1.zip: 4%
7/3/2025, 12:02:28 AM GMT+2 [Modules] Streaming discord_krisp@1 to /home/migio/.config/discord/0.0.98/modules/pending/discord_krisp-1.zip: 5%
7/3/2025, 12:02:28 AM GMT+2 [Modules] Streaming discord_krisp@1 to /home/migio/.config/discord/0.0.98/modules/pending/discord_krisp-1.zip: 6%
7/3/2025, 12:02:29 AM GMT+2 [Modules] Streaming discord_krisp@1 to /home/migio/.config/discord/0.0.98/modules/pending/discord_krisp-1.zip: 7%
7/3/2025, 12:02:29 AM GMT+2 [Modules] Streaming discord_krisp@1 to /home/migio/.config/discord/0.0.98/modules/pending/discord_krisp-1.zip: 8%
7/3/2025, 12:02:29 AM GMT+2 [Modules] Streaming discord_krisp@1 to /home/migio/.config/discord/0.0.98/modules/pending/discord_krisp-1.zip: 9%
7/3/2025, 12:02:29 AM GMT+2 [Modules] Streaming discord_krisp@1 to /home/migio/.config/discord/0.0.98/modules/pending/discord_krisp-1.zip: 10%
7/3/2025, 12:02:29 AM GMT+2 [Modules] Streaming discord_krisp@1 to /home/migio/.config/discord/0.0.98/modules/pending/discord_krisp-1.zip: 11%
7/3/2025, 12:02:29 AM GMT+2 [Modules] Streaming discord_krisp@1 to /home/migio/.config/discord/0.0.98/modules/pending/discord_krisp-1.zip: 12%
7/3/2025, 12:02:30 AM GMT+2 [Modules] Streaming discord_krisp@1 to /home/migio/.config/discord/0.0.98/modules/pending/discord_krisp-1.zip: 13%
7/3/2025, 12:02:30 AM GMT+2 [Modules] Streaming discord_krisp@1 to /home/migio/.config/discord/0.0.98/modules/pending/discord_krisp-1.zip: 14%
7/3/2025, 12:02:30 AM GMT+2 [Modules] Starting to install discord_rpc...
7/3/2025, 12:02:30 AM GMT+2 [Modules] Streaming discord_krisp@1 to /home/migio/.config/discord/0.0.98/modules/pending/discord_krisp-1.zip: 15%
7/3/2025, 12:02:30 AM GMT+2 [Modules] Streaming discord_krisp@1 to /home/migio/.config/discord/0.0.98/modules/pending/discord_krisp-1.zip: 16%
7/3/2025, 12:02:30 AM GMT+2 [Modules] Streaming discord_krisp@1 to /home/migio/.config/discord/0.0.98/modules/pending/discord_krisp-1.zip: 17%
7/3/2025, 12:02:30 AM GMT+2 [Modules] Streaming discord_krisp@1 to /home/migio/.config/discord/0.0.98/modules/pending/discord_krisp-1.zip: 18%
7/3/2025, 12:02:31 AM GMT+2 [Modules] Streaming discord_krisp@1 to /home/migio/.config/discord/0.0.98/modules/pending/discord_krisp-1.zip: 19%
7/3/2025, 12:02:31 AM GMT+2 [Modules] Streaming discord_krisp@1 to /home/migio/.config/discord/0.0.98/modules/pending/discord_krisp-1.zip: 20%
7/3/2025, 12:02:31 AM GMT+2 [Modules] Streaming discord_krisp@1 to /home/migio/.config/discord/0.0.98/modules/pending/discord_krisp-1.zip: 21%
7/3/2025, 12:02:31 AM GMT+2 [Modules] Streaming discord_krisp@1 to /home/migio/.config/discord/0.0.98/modules/pending/discord_krisp-1.zip: 22%
7/3/2025, 12:02:31 AM GMT+2 [Modules] Streaming discord_krisp@1 to /home/migio/.config/discord/0.0.98/modules/pending/discord_krisp-1.zip: 23%
7/3/2025, 12:02:32 AM GMT+2 [Modules] Streaming discord_krisp@1 to /home/migio/.config/discord/0.0.98/modules/pending/discord_krisp-1.zip: 24%
7/3/2025, 12:02:32 AM GMT+2 [Modules] Streaming discord_krisp@1 to /home/migio/.config/discord/0.0.98/modules/pending/discord_krisp-1.zip: 25%
7/3/2025, 12:02:32 AM GMT+2 [Modules] Streaming discord_krisp@1 to /home/migio/.config/discord/0.0.98/modules/pending/discord_krisp-1.zip: 26%
7/3/2025, 12:02:32 AM GMT+2 [Modules] Streaming discord_krisp@1 to /home/migio/.config/discord/0.0.98/modules/pending/discord_krisp-1.zip: 27%
7/3/2025, 12:02:32 AM GMT+2 [Modules] Streaming discord_krisp@1 to /home/migio/.config/discord/0.0.98/modules/pending/discord_krisp-1.zip: 28%
7/3/2025, 12:02:32 AM GMT+2 [Modules] Streaming discord_krisp@1 to /home/migio/.config/discord/0.0.98/modules/pending/discord_krisp-1.zip: 29%
7/3/2025, 12:02:32 AM GMT+2 [Modules] Streaming discord_krisp@1 to /home/migio/.config/discord/0.0.98/modules/pending/discord_krisp-1.zip: 30%
7/3/2025, 12:02:32 AM GMT+2 [Modules] Streaming discord_krisp@1 to /home/migio/.config/discord/0.0.98/modules/pending/discord_krisp-1.zip: 31%
7/3/2025, 12:02:32 AM GMT+2 [Modules] Streaming discord_krisp@1 to /home/migio/.config/discord/0.0.98/modules/pending/discord_krisp-1.zip: 32%
7/3/2025, 12:02:32 AM GMT+2 [Modules] Streaming discord_krisp@1 to /home/migio/.config/discord/0.0.98/modules/pending/discord_krisp-1.zip: 33%
7/3/2025, 12:02:32 AM GMT+2 [Modules] Streaming discord_krisp@1 to /home/migio/.config/discord/0.0.98/modules/pending/discord_krisp-1.zip: 34%
7/3/2025, 12:02:33 AM GMT+2 [Modules] Streaming discord_krisp@1 to /home/migio/.config/discord/0.0.98/modules/pending/discord_krisp-1.zip: 35%
7/3/2025, 12:02:33 AM GMT+2 [Modules] Streaming discord_krisp@1 to /home/migio/.config/discord/0.0.98/modules/pending/discord_krisp-1.zip: 36%
7/3/2025, 12:02:33 AM GMT+2 [Modules] Streaming discord_krisp@1 to /home/migio/.config/discord/0.0.98/modules/pending/discord_krisp-1.zip: 37%
7/3/2025, 12:02:33 AM GMT+2 [Modules] Streaming discord_krisp@1 to /home/migio/.config/discord/0.0.98/modules/pending/discord_krisp-1.zip: 38%
7/3/2025, 12:02:33 AM GMT+2 [Modules] Streaming discord_krisp@1 to /home/migio/.config/discord/0.0.98/modules/pending/discord_krisp-1.zip: 39%
7/3/2025, 12:02:33 AM GMT+2 [Modules] Streaming discord_krisp@1 to /home/migio/.config/discord/0.0.98/modules/pending/discord_krisp-1.zip: 40%
7/3/2025, 12:02:33 AM GMT+2 [Modules] Streaming discord_krisp@1 to /home/migio/.config/discord/0.0.98/modules/pending/discord_krisp-1.zip: 41%
7/3/2025, 12:02:33 AM GMT+2 [Modules] Streaming discord_krisp@1 to /home/migio/.config/discord/0.0.98/modules/pending/discord_krisp-1.zip: 42%
7/3/2025, 12:02:33 AM GMT+2 [Modules] Streaming discord_krisp@1 to /home/migio/.config/discord/0.0.98/modules/pending/discord_krisp-1.zip: 43%
7/3/2025, 12:02:33 AM GMT+2 [Modules] Streaming discord_krisp@1 to /home/migio/.config/discord/0.0.98/modules/pending/discord_krisp-1.zip: 44%
7/3/2025, 12:02:33 AM GMT+2 [Modules] Streaming discord_krisp@1 to /home/migio/.config/discord/0.0.98/modules/pending/discord_krisp-1.zip: 45%
7/3/2025, 12:02:33 AM GMT+2 [Modules] Streaming discord_krisp@1 to /home/migio/.config/discord/0.0.98/modules/pending/discord_krisp-1.zip: 46%
7/3/2025, 12:02:33 AM GMT+2 [Modules] Streaming discord_krisp@1 to /home/migio/.config/discord/0.0.98/modules/pending/discord_krisp-1.zip: 47%
7/3/2025, 12:02:33 AM GMT+2 [Modules] Streaming discord_krisp@1 to /home/migio/.config/discord/0.0.98/modules/pending/discord_krisp-1.zip: 48%
7/3/2025, 12:02:33 AM GMT+2 [Modules] Streaming discord_krisp@1 to /home/migio/.config/discord/0.0.98/modules/pending/discord_krisp-1.zip: 49%
7/3/2025, 12:02:34 AM GMT+2 [Modules] Streaming discord_krisp@1 to /home/migio/.config/discord/0.0.98/modules/pending/discord_krisp-1.zip: 50%
7/3/2025, 12:02:34 AM GMT+2 [Modules] Streaming discord_krisp@1 to /home/migio/.config/discord/0.0.98/modules/pending/discord_krisp-1.zip: 51%
7/3/2025, 12:02:34 AM GMT+2 [Modules] Streaming discord_krisp@1 to /home/migio/.config/discord/0.0.98/modules/pending/discord_krisp-1.zip: 52%
7/3/2025, 12:02:34 AM GMT+2 [Modules] Streaming discord_krisp@1 to /home/migio/.config/discord/0.0.98/modules/pending/discord_krisp-1.zip: 53%
7/3/2025, 12:02:34 AM GMT+2 [Modules] Streaming discord_krisp@1 to /home/migio/.config/discord/0.0.98/modules/pending/discord_krisp-1.zip: 54%
7/3/2025, 12:02:34 AM GMT+2 [Modules] Streaming discord_krisp@1 to /home/migio/.config/discord/0.0.98/modules/pending/discord_krisp-1.zip: 55%
7/3/2025, 12:02:34 AM GMT+2 [Modules] Streaming discord_krisp@1 to /home/migio/.config/discord/0.0.98/modules/pending/discord_krisp-1.zip: 56%
7/3/2025, 12:02:34 AM GMT+2 [Modules] Streaming discord_krisp@1 to /home/migio/.config/discord/0.0.98/modules/pending/discord_krisp-1.zip: 57%
7/3/2025, 12:02:34 AM GMT+2 [Modules] Streaming discord_krisp@1 to /home/migio/.config/discord/0.0.98/modules/pending/discord_krisp-1.zip: 58%
7/3/2025, 12:02:34 AM GMT+2 [Modules] Streaming discord_krisp@1 to /home/migio/.config/discord/0.0.98/modules/pending/discord_krisp-1.zip: 59%
7/3/2025, 12:02:34 AM GMT+2 [Modules] Streaming discord_krisp@1 to /home/migio/.config/discord/0.0.98/modules/pending/discord_krisp-1.zip: 60%
7/3/2025, 12:02:34 AM GMT+2 [Modules] Streaming discord_krisp@1 to /home/migio/.config/discord/0.0.98/modules/pending/discord_krisp-1.zip: 61%
7/3/2025, 12:02:34 AM GMT+2 [Modules] Streaming discord_krisp@1 to /home/migio/.config/discord/0.0.98/modules/pending/discord_krisp-1.zip: 62%
7/3/2025, 12:02:34 AM GMT+2 [Modules] Streaming discord_krisp@1 to /home/migio/.config/discord/0.0.98/modules/pending/discord_krisp-1.zip: 63%
7/3/2025, 12:02:34 AM GMT+2 [Modules] Streaming discord_krisp@1 to /home/migio/.config/discord/0.0.98/modules/pending/discord_krisp-1.zip: 64%
7/3/2025, 12:02:34 AM GMT+2 [Modules] Host is up to date.
7/3/2025, 12:02:34 AM GMT+2 [Modules] Checking for module updates at https://discord.com/api/modules/stable/versions.json
7/3/2025, 12:02:34 AM GMT+2 [Modules] No module updates available.
7/3/2025, 12:02:34 AM GMT+2 [Modules] Streaming discord_krisp@1 to /home/migio/.config/discord/0.0.98/modules/pending/discord_krisp-1.zip: 65%
7/3/2025, 12:02:34 AM GMT+2 [Modules] Streaming discord_krisp@1 to /home/migio/.config/discord/0.0.98/modules/pending/discord_krisp-1.zip: 66%
7/3/2025, 12:02:34 AM GMT+2 [Modules] Streaming discord_krisp@1 to /home/migio/.config/discord/0.0.98/modules/pending/discord_krisp-1.zip: 67%
7/3/2025, 12:02:35 AM GMT+2 [Modules] Streaming discord_krisp@1 to /home/migio/.config/discord/0.0.98/modules/pending/discord_krisp-1.zip: 70%
7/3/2025, 12:02:35 AM GMT+2 [Modules] Streaming discord_krisp@1 to /home/migio/.config/discord/0.0.98/modules/pending/discord_krisp-1.zip: 71%
7/3/2025, 12:02:35 AM GMT+2 [Modules] Streaming discord_krisp@1 to /home/migio/.config/discord/0.0.98/modules/pending/discord_krisp-1.zip: 72%
7/3/2025, 12:02:35 AM GMT+2 [Modules] Streaming discord_krisp@1 to /home/migio/.config/discord/0.0.98/modules/pending/discord_krisp-1.zip: 73%
7/3/2025, 12:02:35 AM GMT+2 [Modules] Streaming discord_krisp@1 to /home/migio/.config/discord/0.0.98/modules/pending/discord_krisp-1.zip: 74%
7/3/2025, 12:02:35 AM GMT+2 [Modules] Streaming discord_krisp@1 to /home/migio/.config/discord/0.0.98/modules/pending/discord_krisp-1.zip: 75%
7/3/2025, 12:02:35 AM GMT+2 [Modules] Streaming discord_krisp@1 to /home/migio/.config/discord/0.0.98/modules/pending/discord_krisp-1.zip: 76%
7/3/2025, 12:02:35 AM GMT+2 [Modules] Streaming discord_krisp@1 to /home/migio/.config/discord/0.0.98/modules/pending/discord_krisp-1.zip: 77%
7/3/2025, 12:02:35 AM GMT+2 [Modules] Streaming discord_krisp@1 to /home/migio/.config/discord/0.0.98/modules/pending/discord_krisp-1.zip: 78%
7/3/2025, 12:02:35 AM GMT+2 [Modules] Streaming discord_krisp@1 to /home/migio/.config/discord/0.0.98/modules/pending/discord_krisp-1.zip: 79%
7/3/2025, 12:02:35 AM GMT+2 [Modules] Streaming discord_krisp@1 to /home/migio/.config/discord/0.0.98/modules/pending/discord_krisp-1.zip: 80%
7/3/2025, 12:02:35 AM GMT+2 [Modules] Streaming discord_krisp@1 to /home/migio/.config/discord/0.0.98/modules/pending/discord_krisp-1.zip: 81%
7/3/2025, 12:02:35 AM GMT+2 [Modules] Streaming discord_krisp@1 to /home/migio/.config/discord/0.0.98/modules/pending/discord_krisp-1.zip: 82%
7/3/2025, 12:02:35 AM GMT+2 [Modules] Streaming discord_krisp@1 to /home/migio/.config/discord/0.0.98/modules/pending/discord_krisp-1.zip: 83%
7/3/2025, 12:02:35 AM GMT+2 [Modules] Streaming discord_krisp@1 to /home/migio/.config/discord/0.0.98/modules/pending/discord_krisp-1.zip: 84%
7/3/2025, 12:02:35 AM GMT+2 [Modules] Streaming discord_krisp@1 to /home/migio/.config/discord/0.0.98/modules/pending/discord_krisp-1.zip: 85%
7/3/2025, 12:02:35 AM GMT+2 [Modules] Streaming discord_krisp@1 to /home/migio/.config/discord/0.0.98/modules/pending/discord_krisp-1.zip: 86%
7/3/2025, 12:02:35 AM GMT+2 [Modules] Streaming discord_krisp@1 to /home/migio/.config/discord/0.0.98/modules/pending/discord_krisp-1.zip: 87%
7/3/2025, 12:02:35 AM GMT+2 [Modules] Streaming discord_krisp@1 to /home/migio/.config/discord/0.0.98/modules/pending/discord_krisp-1.zip: 88%
7/3/2025, 12:02:35 AM GMT+2 [Modules] Streaming discord_krisp@1 to /home/migio/.config/discord/0.0.98/modules/pending/discord_krisp-1.zip: 89%
7/3/2025, 12:02:35 AM GMT+2 [Modules] Streaming discord_krisp@1 to /home/migio/.config/discord/0.0.98/modules/pending/discord_krisp-1.zip: 90%
7/3/2025, 12:02:35 AM GMT+2 [Modules] Streaming discord_krisp@1 to /home/migio/.config/discord/0.0.98/modules/pending/discord_krisp-1.zip: 91%
7/3/2025, 12:02:35 AM GMT+2 [Modules] Streaming discord_krisp@1 to /home/migio/.config/discord/0.0.98/modules/pending/discord_krisp-1.zip: 92%
7/3/2025, 12:02:35 AM GMT+2 [Modules] Streaming discord_krisp@1 to /home/migio/.config/discord/0.0.98/modules/pending/discord_krisp-1.zip: 93%
7/3/2025, 12:02:35 AM GMT+2 [Modules] Streaming discord_krisp@1 to /home/migio/.config/discord/0.0.98/modules/pending/discord_krisp-1.zip: 94%
7/3/2025, 12:02:36 AM GMT+2 [Modules] Streaming discord_krisp@1 to /home/migio/.config/discord/0.0.98/modules/pending/discord_krisp-1.zip: 97%
7/3/2025, 12:02:36 AM GMT+2 [Modules] Streaming discord_krisp@1 to /home/migio/.config/discord/0.0.98/modules/pending/discord_krisp-1.zip: 98%
7/3/2025, 12:02:36 AM GMT+2 [Modules] Streaming discord_krisp@1 to /home/migio/.config/discord/0.0.98/modules/pending/discord_krisp-1.zip: 99%
7/3/2025, 12:02:36 AM GMT+2 [Modules] Streaming discord_krisp@1 to /home/migio/.config/discord/0.0.98/modules/pending/discord_krisp-1.zip: 100%
7/3/2025, 12:02:36 AM GMT+2 [Modules] Fetching discord_game_utils@1 from https://discord.com/api/modules/stable/discord_game_utils/1
7/3/2025, 12:02:36 AM GMT+2 [Modules] Streaming discord_game_utils@1 to /home/migio/.config/discord/0.0.98/modules/pending/discord_game_utils-1.zip
7/3/2025, 12:02:36 AM GMT+2 [Modules] Installing discord_krisp@1 from /home/migio/.config/discord/0.0.98/modules/pending/discord_krisp-1.zip
7/3/2025, 12:02:36 AM GMT+2 [Modules] Streaming discord_game_utils@1 to /home/migio/.config/discord/0.0.98/modules/pending/discord_game_utils-1.zip: 2%
7/3/2025, 12:02:36 AM GMT+2 [Modules] Streaming discord_game_utils@1 to /home/migio/.config/discord/0.0.98/modules/pending/discord_game_utils-1.zip: 3%
7/3/2025, 12:02:36 AM GMT+2 [Modules] Streaming discord_game_utils@1 to /home/migio/.config/discord/0.0.98/modules/pending/discord_game_utils-1.zip: 4%
7/3/2025, 12:02:36 AM GMT+2 [Modules] Streaming discord_game_utils@1 to /home/migio/.config/discord/0.0.98/modules/pending/discord_game_utils-1.zip: 5%
7/3/2025, 12:02:36 AM GMT+2 [Modules] Streaming discord_game_utils@1 to /home/migio/.config/discord/0.0.98/modules/pending/discord_game_utils-1.zip: 6%
7/3/2025, 12:02:36 AM GMT+2 [Modules] Streaming discord_game_utils@1 to /home/migio/.config/discord/0.0.98/modules/pending/discord_game_utils-1.zip: 7%
7/3/2025, 12:02:36 AM GMT+2 [Modules] Streaming discord_game_utils@1 to /home/migio/.config/discord/0.0.98/modules/pending/discord_game_utils-1.zip: 8%
7/3/2025, 12:02:36 AM GMT+2 [Modules] Streaming discord_game_utils@1 to /home/migio/.config/discord/0.0.98/modules/pending/discord_game_utils-1.zip: 13%
7/3/2025, 12:02:36 AM GMT+2 [Modules] Streaming discord_game_utils@1 to /home/migio/.config/discord/0.0.98/modules/pending/discord_game_utils-1.zip: 14%
7/3/2025, 12:02:36 AM GMT+2 [Modules] Streaming discord_game_utils@1 to /home/migio/.config/discord/0.0.98/modules/pending/discord_game_utils-1.zip: 15%
7/3/2025, 12:02:36 AM GMT+2 [Modules] Streaming discord_game_utils@1 to /home/migio/.config/discord/0.0.98/modules/pending/discord_game_utils-1.zip: 16%
7/3/2025, 12:02:36 AM GMT+2 [Modules] Streaming discord_game_utils@1 to /home/migio/.config/discord/0.0.98/modules/pending/discord_game_utils-1.zip: 17%
7/3/2025, 12:02:36 AM GMT+2 [Modules] Streaming discord_game_utils@1 to /home/migio/.config/discord/0.0.98/modules/pending/discord_game_utils-1.zip: 18%
7/3/2025, 12:02:36 AM GMT+2 [Modules] Streaming discord_game_utils@1 to /home/migio/.config/discord/0.0.98/modules/pending/discord_game_utils-1.zip: 19%
7/3/2025, 12:02:36 AM GMT+2 [Modules] Streaming discord_game_utils@1 to /home/migio/.config/discord/0.0.98/modules/pending/discord_game_utils-1.zip: 20%
7/3/2025, 12:02:36 AM GMT+2 [Modules] Streaming discord_game_utils@1 to /home/migio/.config/discord/0.0.98/modules/pending/discord_game_utils-1.zip: 21%
7/3/2025, 12:02:36 AM GMT+2 [Modules] Streaming discord_game_utils@1 to /home/migio/.config/discord/0.0.98/modules/pending/discord_game_utils-1.zip: 22%
7/3/2025, 12:02:36 AM GMT+2 [Modules] Streaming discord_game_utils@1 to /home/migio/.config/discord/0.0.98/modules/pending/discord_game_utils-1.zip: 24%
7/3/2025, 12:02:36 AM GMT+2 [Modules] Streaming discord_game_utils@1 to /home/migio/.config/discord/0.0.98/modules/pending/discord_game_utils-1.zip: 26%
7/3/2025, 12:02:36 AM GMT+2 [Modules] Streaming discord_game_utils@1 to /home/migio/.config/discord/0.0.98/modules/pending/discord_game_utils-1.zip: 29%
7/3/2025, 12:02:36 AM GMT+2 [Modules] Streaming discord_game_utils@1 to /home/migio/.config/discord/0.0.98/modules/pending/discord_game_utils-1.zip: 30%
7/3/2025, 12:02:36 AM GMT+2 [Modules] Streaming discord_game_utils@1 to /home/migio/.config/discord/0.0.98/modules/pending/discord_game_utils-1.zip: 31%
7/3/2025, 12:02:36 AM GMT+2 [Modules] Streaming discord_game_utils@1 to /home/migio/.config/discord/0.0.98/modules/pending/discord_game_utils-1.zip: 32%
7/3/2025, 12:02:36 AM GMT+2 [Modules] Streaming discord_game_utils@1 to /home/migio/.config/discord/0.0.98/modules/pending/discord_game_utils-1.zip: 33%
7/3/2025, 12:02:36 AM GMT+2 [Modules] Streaming discord_game_utils@1 to /home/migio/.config/discord/0.0.98/modules/pending/discord_game_utils-1.zip: 34%
7/3/2025, 12:02:36 AM GMT+2 [Modules] Streaming discord_game_utils@1 to /home/migio/.config/discord/0.0.98/modules/pending/discord_game_utils-1.zip: 35%
7/3/2025, 12:02:36 AM GMT+2 [Modules] Finished module installations. [success: 1] [failure: 0]
7/3/2025, 12:02:36 AM GMT+2 [Modules] Streaming discord_game_utils@1 to /home/migio/.config/discord/0.0.98/modules/pending/discord_game_utils-1.zip: 36%
7/3/2025, 12:02:36 AM GMT+2 [Modules] Streaming discord_game_utils@1 to /home/migio/.config/discord/0.0.98/modules/pending/discord_game_utils-1.zip: 38%
7/3/2025, 12:02:36 AM GMT+2 [Modules] Streaming discord_game_utils@1 to /home/migio/.config/discord/0.0.98/modules/pending/discord_game_utils-1.zip: 39%
7/3/2025, 12:02:36 AM GMT+2 [Modules] Streaming discord_game_utils@1 to /home/migio/.config/discord/0.0.98/modules/pending/discord_game_utils-1.zip: 40%
7/3/2025, 12:02:36 AM GMT+2 [Modules] Streaming discord_game_utils@1 to /home/migio/.config/discord/0.0.98/modules/pending/discord_game_utils-1.zip: 41%
7/3/2025, 12:02:36 AM GMT+2 [Modules] Streaming discord_game_utils@1 to /home/migio/.config/discord/0.0.98/modules/pending/discord_game_utils-1.zip: 42%
7/3/2025, 12:02:36 AM GMT+2 [Modules] Streaming discord_game_utils@1 to /home/migio/.config/discord/0.0.98/modules/pending/discord_game_utils-1.zip: 44%
7/3/2025, 12:02:36 AM GMT+2 [Modules] Streaming discord_game_utils@1 to /home/migio/.config/discord/0.0.98/modules/pending/discord_game_utils-1.zip: 45%
7/3/2025, 12:02:36 AM GMT+2 [Modules] Streaming discord_game_utils@1 to /home/migio/.config/discord/0.0.98/modules/pending/discord_game_utils-1.zip: 46%
7/3/2025, 12:02:36 AM GMT+2 [Modules] Streaming discord_game_utils@1 to /home/migio/.config/discord/0.0.98/modules/pending/discord_game_utils-1.zip: 47%
7/3/2025, 12:02:36 AM GMT+2 [Modules] Streaming discord_game_utils@1 to /home/migio/.config/discord/0.0.98/modules/pending/discord_game_utils-1.zip: 48%
7/3/2025, 12:02:36 AM GMT+2 [Modules] Streaming discord_game_utils@1 to /home/migio/.config/discord/0.0.98/modules/pending/discord_game_utils-1.zip: 50%
7/3/2025, 12:02:36 AM GMT+2 [Modules] Streaming discord_game_utils@1 to /home/migio/.config/discord/0.0.98/modules/pending/discord_game_utils-1.zip: 51%
7/3/2025, 12:02:36 AM GMT+2 [Modules] Streaming discord_game_utils@1 to /home/migio/.config/discord/0.0.98/modules/pending/discord_game_utils-1.zip: 53%
7/3/2025, 12:02:36 AM GMT+2 [Modules] Streaming discord_game_utils@1 to /home/migio/.config/discord/0.0.98/modules/pending/discord_game_utils-1.zip: 54%
7/3/2025, 12:02:36 AM GMT+2 [Modules] Streaming discord_game_utils@1 to /home/migio/.config/discord/0.0.98/modules/pending/discord_game_utils-1.zip: 55%
7/3/2025, 12:02:36 AM GMT+2 [Modules] Streaming discord_game_utils@1 to /home/migio/.config/discord/0.0.98/modules/pending/discord_game_utils-1.zip: 56%
7/3/2025, 12:02:36 AM GMT+2 [Modules] Streaming discord_game_utils@1 to /home/migio/.config/discord/0.0.98/modules/pending/discord_game_utils-1.zip: 57%
7/3/2025, 12:02:36 AM GMT+2 [Modules] Streaming discord_game_utils@1 to /home/migio/.config/discord/0.0.98/modules/pending/discord_game_utils-1.zip: 58%
7/3/2025, 12:02:36 AM GMT+2 [Modules] Streaming discord_game_utils@1 to /home/migio/.config/discord/0.0.98/modules/pending/discord_game_utils-1.zip: 59%
7/3/2025, 12:02:36 AM GMT+2 [Modules] Streaming discord_game_utils@1 to /home/migio/.config/discord/0.0.98/modules/pending/discord_game_utils-1.zip: 60%
7/3/2025, 12:02:36 AM GMT+2 [Modules] Streaming discord_game_utils@1 to /home/migio/.config/discord/0.0.98/modules/pending/discord_game_utils-1.zip: 61%
7/3/2025, 12:02:36 AM GMT+2 [Modules] Streaming discord_game_utils@1 to /home/migio/.config/discord/0.0.98/modules/pending/discord_game_utils-1.zip: 62%
7/3/2025, 12:02:36 AM GMT+2 [Modules] Streaming discord_game_utils@1 to /home/migio/.config/discord/0.0.98/modules/pending/discord_game_utils-1.zip: 63%
7/3/2025, 12:02:36 AM GMT+2 [Modules] Streaming discord_game_utils@1 to /home/migio/.config/discord/0.0.98/modules/pending/discord_game_utils-1.zip: 64%
7/3/2025, 12:02:36 AM GMT+2 [Modules] Streaming discord_game_utils@1 to /home/migio/.config/discord/0.0.98/modules/pending/discord_game_utils-1.zip: 65%
7/3/2025, 12:02:36 AM GMT+2 [Modules] Streaming discord_game_utils@1 to /home/migio/.config/discord/0.0.98/modules/pending/discord_game_utils-1.zip: 66%
7/3/2025, 12:02:36 AM GMT+2 [Modules] Streaming discord_game_utils@1 to /home/migio/.config/discord/0.0.98/modules/pending/discord_game_utils-1.zip: 67%
7/3/2025, 12:02:36 AM GMT+2 [Modules] Streaming discord_game_utils@1 to /home/migio/.config/discord/0.0.98/modules/pending/discord_game_utils-1.zip: 68%
7/3/2025, 12:02:36 AM GMT+2 [Modules] Streaming discord_game_utils@1 to /home/migio/.config/discord/0.0.98/modules/pending/discord_game_utils-1.zip: 69%
7/3/2025, 12:02:36 AM GMT+2 [Modules] Streaming discord_game_utils@1 to /home/migio/.config/discord/0.0.98/modules/pending/discord_game_utils-1.zip: 71%
7/3/2025, 12:02:36 AM GMT+2 [Modules] Streaming discord_game_utils@1 to /home/migio/.config/discord/0.0.98/modules/pending/discord_game_utils-1.zip: 72%
7/3/2025, 12:02:36 AM GMT+2 [Modules] Streaming discord_game_utils@1 to /home/migio/.config/discord/0.0.98/modules/pending/discord_game_utils-1.zip: 73%
7/3/2025, 12:02:36 AM GMT+2 [Modules] Streaming discord_game_utils@1 to /home/migio/.config/discord/0.0.98/modules/pending/discord_game_utils-1.zip: 75%
7/3/2025, 12:02:36 AM GMT+2 [Modules] Streaming discord_game_utils@1 to /home/migio/.config/discord/0.0.98/modules/pending/discord_game_utils-1.zip: 77%
7/3/2025, 12:02:36 AM GMT+2 [Modules] Streaming discord_game_utils@1 to /home/migio/.config/discord/0.0.98/modules/pending/discord_game_utils-1.zip: 78%
7/3/2025, 12:02:36 AM GMT+2 [Modules] Streaming discord_game_utils@1 to /home/migio/.config/discord/0.0.98/modules/pending/discord_game_utils-1.zip: 79%
7/3/2025, 12:02:36 AM GMT+2 [Modules] Streaming discord_game_utils@1 to /home/migio/.config/discord/0.0.98/modules/pending/discord_game_utils-1.zip: 80%
7/3/2025, 12:02:36 AM GMT+2 [Modules] Streaming discord_game_utils@1 to /home/migio/.config/discord/0.0.98/modules/pending/discord_game_utils-1.zip: 81%
7/3/2025, 12:02:36 AM GMT+2 [Modules] Streaming discord_game_utils@1 to /home/migio/.config/discord/0.0.98/modules/pending/discord_game_utils-1.zip: 83%
7/3/2025, 12:02:37 AM GMT+2 [Modules] Streaming discord_game_utils@1 to /home/migio/.config/discord/0.0.98/modules/pending/discord_game_utils-1.zip: 84%
7/3/2025, 12:02:37 AM GMT+2 [Modules] Streaming discord_game_utils@1 to /home/migio/.config/discord/0.0.98/modules/pending/discord_game_utils-1.zip: 85%
7/3/2025, 12:02:37 AM GMT+2 [Modules] Streaming discord_game_utils@1 to /home/migio/.config/discord/0.0.98/modules/pending/discord_game_utils-1.zip: 86%
7/3/2025, 12:02:37 AM GMT+2 [Modules] Streaming discord_game_utils@1 to /home/migio/.config/discord/0.0.98/modules/pending/discord_game_utils-1.zip: 87%
7/3/2025, 12:02:37 AM GMT+2 [Modules] Streaming discord_game_utils@1 to /home/migio/.config/discord/0.0.98/modules/pending/discord_game_utils-1.zip: 88%
7/3/2025, 12:02:37 AM GMT+2 [Modules] Streaming discord_game_utils@1 to /home/migio/.config/discord/0.0.98/modules/pending/discord_game_utils-1.zip: 89%
7/3/2025, 12:02:37 AM GMT+2 [Modules] Streaming discord_game_utils@1 to /home/migio/.config/discord/0.0.98/modules/pending/discord_game_utils-1.zip: 90%
7/3/2025, 12:02:37 AM GMT+2 [Modules] Streaming discord_game_utils@1 to /home/migio/.config/discord/0.0.98/modules/pending/discord_game_utils-1.zip: 91%
7/3/2025, 12:02:37 AM GMT+2 [Modules] Streaming discord_game_utils@1 to /home/migio/.config/discord/0.0.98/modules/pending/discord_game_utils-1.zip: 92%
7/3/2025, 12:02:37 AM GMT+2 [Modules] Streaming discord_game_utils@1 to /home/migio/.config/discord/0.0.98/modules/pending/discord_game_utils-1.zip: 93%
7/3/2025, 12:02:37 AM GMT+2 [Modules] Streaming discord_game_utils@1 to /home/migio/.config/discord/0.0.98/modules/pending/discord_game_utils-1.zip: 94%
7/3/2025, 12:02:37 AM GMT+2 [Modules] Streaming discord_game_utils@1 to /home/migio/.config/discord/0.0.98/modules/pending/discord_game_utils-1.zip: 95%
7/3/2025, 12:02:37 AM GMT+2 [Modules] Streaming discord_game_utils@1 to /home/migio/.config/discord/0.0.98/modules/pending/discord_game_utils-1.zip: 96%
7/3/2025, 12:02:37 AM GMT+2 [Modules] Streaming discord_game_utils@1 to /home/migio/.config/discord/0.0.98/modules/pending/discord_game_utils-1.zip: 97%
7/3/2025, 12:02:37 AM GMT+2 [Modules] Streaming discord_game_utils@1 to /home/migio/.config/discord/0.0.98/modules/pending/discord_game_utils-1.zip: 98%
7/3/2025, 12:02:37 AM GMT+2 [Modules] Streaming discord_game_utils@1 to /home/migio/.config/discord/0.0.98/modules/pending/discord_game_utils-1.zip: 99%
7/3/2025, 12:02:37 AM GMT+2 [Modules] Streaming discord_game_utils@1 to /home/migio/.config/discord/0.0.98/modules/pending/discord_game_utils-1.zip: 100%
7/3/2025, 12:02:37 AM GMT+2 [Modules] Fetching discord_rpc@1 from https://discord.com/api/modules/stable/discord_rpc/1
7/3/2025, 12:02:37 AM GMT+2 [Modules] Streaming discord_rpc@1 to /home/migio/.config/discord/0.0.98/modules/pending/discord_rpc-1.zip
7/3/2025, 12:02:37 AM GMT+2 [Modules] Installing discord_game_utils@1 from /home/migio/.config/discord/0.0.98/modules/pending/discord_game_utils-1.zip
7/3/2025, 12:02:37 AM GMT+2 [Modules] Finished module installations. [success: 1] [failure: 0]
7/3/2025, 12:02:37 AM GMT+2 [Modules] Streaming discord_rpc@1 to /home/migio/.config/discord/0.0.98/modules/pending/discord_rpc-1.zip: 41%
7/3/2025, 12:02:37 AM GMT+2 [Modules] Streaming discord_rpc@1 to /home/migio/.config/discord/0.0.98/modules/pending/discord_rpc-1.zip: 58%
7/3/2025, 12:02:37 AM GMT+2 [Modules] Streaming discord_rpc@1 to /home/migio/.config/discord/0.0.98/modules/pending/discord_rpc-1.zip: 61%
7/3/2025, 12:02:37 AM GMT+2 [Modules] Streaming discord_rpc@1 to /home/migio/.config/discord/0.0.98/modules/pending/discord_rpc-1.zip: 100%
7/3/2025, 12:02:37 AM GMT+2 [Modules] Finished module downloads. [success: 3] [failure: 0]
7/3/2025, 12:02:37 AM GMT+2 [Modules] Installing discord_rpc@1 from /home/migio/.config/discord/0.0.98/modules/pending/discord_rpc-1.zip
7/3/2025, 12:02:37 AM GMT+2 [Modules] Finished module installations. [success: 1] [failure: 0]
7/25/2025, 11:28:09 PM GMT+2 [Modules] Modules initializing
7/25/2025, 11:28:09 PM GMT+2 [Modules] Distribution: remote
7/25/2025, 11:28:09 PM GMT+2 [Modules] Host updates: disabled
7/25/2025, 11:28:09 PM GMT+2 [Modules] Module updates: enabled
7/25/2025, 11:28:09 PM GMT+2 [Modules] Module install path: /home/migio/.config/discord/0.0.100/modules
7/25/2025, 11:28:09 PM GMT+2 [Modules] Module installed file path: /home/migio/.config/discord/0.0.100/modules/installed.json
7/25/2025, 11:28:09 PM GMT+2 [Modules] Module download path: /home/migio/.config/discord/0.0.100/modules/pending
7/25/2025, 11:28:11 PM GMT+2 [Modules] Bootstrapping...
7/25/2025, 11:28:11 PM GMT+2 [Modules] Installing discord_desktop_core@0 from /usr/lib64/discord/resources/bootstrap/discord_desktop_core.zip
7/25/2025, 11:28:11 PM GMT+2 [Modules] Failed installing discord_desktop_core@0: Error: ENOENT: no such file or directory, open '/usr/lib64/discord/resources/bootstrap/discord_desktop_core.zip'
7/25/2025, 11:28:11 PM GMT+2 [Modules] Installing discord_erlpack@0 from /usr/lib64/discord/resources/bootstrap/discord_erlpack.zip
7/25/2025, 11:28:11 PM GMT+2 [Modules] Failed installing discord_erlpack@0: Error: ENOENT: no such file or directory, open '/usr/lib64/discord/resources/bootstrap/discord_erlpack.zip'
7/25/2025, 11:28:11 PM GMT+2 [Modules] Installing discord_spellcheck@0 from /usr/lib64/discord/resources/bootstrap/discord_spellcheck.zip
7/25/2025, 11:28:11 PM GMT+2 [Modules] Failed installing discord_spellcheck@0: Error: ENOENT: no such file or directory, open '/usr/lib64/discord/resources/bootstrap/discord_spellcheck.zip'
7/25/2025, 11:28:11 PM GMT+2 [Modules] Installing discord_utils@0 from /usr/lib64/discord/resources/bootstrap/discord_utils.zip
7/25/2025, 11:28:11 PM GMT+2 [Modules] Failed installing discord_utils@0: Error: ENOENT: no such file or directory, open '/usr/lib64/discord/resources/bootstrap/discord_utils.zip'
7/25/2025, 11:28:11 PM GMT+2 [Modules] Installing discord_voice@0 from /usr/lib64/discord/resources/bootstrap/discord_voice.zip
7/25/2025, 11:28:11 PM GMT+2 [Modules] Failed installing discord_voice@0: Error: ENOENT: no such file or directory, open '/usr/lib64/discord/resources/bootstrap/discord_voice.zip'
7/25/2025, 11:28:11 PM GMT+2 [Modules] Installing discord_zstd@0 from /usr/lib64/discord/resources/bootstrap/discord_zstd.zip
7/25/2025, 11:28:11 PM GMT+2 [Modules] Failed installing discord_zstd@0: Error: ENOENT: no such file or directory, open '/usr/lib64/discord/resources/bootstrap/discord_zstd.zip'
7/25/2025, 11:28:11 PM GMT+2 [Modules] Finished module installations. [success: 0] [failure: 6]
7/25/2025, 11:28:11 PM GMT+2 [Modules] Host is up to date.
7/25/2025, 11:28:11 PM GMT+2 [Modules] Checking for module updates at https://discord.com/api/modules/stable/versions.json
7/25/2025, 11:28:11 PM GMT+2 [Modules] Module update available: discord_desktop_core@1 [installed: 0]
7/25/2025, 11:28:11 PM GMT+2 [Modules] Module update available: discord_erlpack@1 [installed: 0]
7/25/2025, 11:28:11 PM GMT+2 [Modules] Module update available: discord_spellcheck@1 [installed: 0]
7/25/2025, 11:28:11 PM GMT+2 [Modules] Module update available: discord_utils@1 [installed: 0]
7/25/2025, 11:28:11 PM GMT+2 [Modules] Module update available: discord_voice@1 [installed: 0]
7/25/2025, 11:28:11 PM GMT+2 [Modules] Module update available: discord_zstd@1 [installed: 0]
7/25/2025, 11:28:11 PM GMT+2 [Modules] Fetching discord_desktop_core@1 from https://discord.com/api/modules/stable/discord_desktop_core/1
7/25/2025, 11:28:11 PM GMT+2 [Modules] Streaming discord_desktop_core@1 to /home/migio/.config/discord/0.0.100/modules/pending/discord_desktop_core-1.zip
7/25/2025, 11:28:12 PM GMT+2 [Modules] Streaming discord_desktop_core@1 to /home/migio/.config/discord/0.0.100/modules/pending/discord_desktop_core-1.zip: 1%
7/25/2025, 11:28:12 PM GMT+2 [Modules] Streaming discord_desktop_core@1 to /home/migio/.config/discord/0.0.100/modules/pending/discord_desktop_core-1.zip: 2%
7/25/2025, 11:28:12 PM GMT+2 [Modules] Streaming discord_desktop_core@1 to /home/migio/.config/discord/0.0.100/modules/pending/discord_desktop_core-1.zip: 3%
7/25/2025, 11:28:12 PM GMT+2 [Modules] Streaming discord_desktop_core@1 to /home/migio/.config/discord/0.0.100/modules/pending/discord_desktop_core-1.zip: 5%
7/25/2025, 11:28:12 PM GMT+2 [Modules] Streaming discord_desktop_core@1 to /home/migio/.config/discord/0.0.100/modules/pending/discord_desktop_core-1.zip: 7%
7/25/2025, 11:28:12 PM GMT+2 [Modules] Streaming discord_desktop_core@1 to /home/migio/.config/discord/0.0.100/modules/pending/discord_desktop_core-1.zip: 8%
7/25/2025, 11:28:12 PM GMT+2 [Modules] Streaming discord_desktop_core@1 to /home/migio/.config/discord/0.0.100/modules/pending/discord_desktop_core-1.zip: 10%
7/25/2025, 11:28:12 PM GMT+2 [Modules] Streaming discord_desktop_core@1 to /home/migio/.config/discord/0.0.100/modules/pending/discord_desktop_core-1.zip: 12%
7/25/2025, 11:28:12 PM GMT+2 [Modules] Streaming discord_desktop_core@1 to /home/migio/.config/discord/0.0.100/modules/pending/discord_desktop_core-1.zip: 18%
7/25/2025, 11:28:12 PM GMT+2 [Modules] Streaming discord_desktop_core@1 to /home/migio/.config/discord/0.0.100/modules/pending/discord_desktop_core-1.zip: 19%
7/25/2025, 11:28:12 PM GMT+2 [Modules] Streaming discord_desktop_core@1 to /home/migio/.config/discord/0.0.100/modules/pending/discord_desktop_core-1.zip: 23%
7/25/2025, 11:28:12 PM GMT+2 [Modules] Streaming discord_desktop_core@1 to /home/migio/.config/discord/0.0.100/modules/pending/discord_desktop_core-1.zip: 27%
7/25/2025, 11:28:12 PM GMT+2 [Modules] Streaming discord_desktop_core@1 to /home/migio/.config/discord/0.0.100/modules/pending/discord_desktop_core-1.zip: 32%
7/25/2025, 11:28:12 PM GMT+2 [Modules] Streaming discord_desktop_core@1 to /home/migio/.config/discord/0.0.100/modules/pending/discord_desktop_core-1.zip: 37%
7/25/2025, 11:28:12 PM GMT+2 [Modules] Streaming discord_desktop_core@1 to /home/migio/.config/discord/0.0.100/modules/pending/discord_desktop_core-1.zip: 40%
7/25/2025, 11:28:12 PM GMT+2 [Modules] Streaming discord_desktop_core@1 to /home/migio/.config/discord/0.0.100/modules/pending/discord_desktop_core-1.zip: 42%
7/25/2025, 11:28:12 PM GMT+2 [Modules] Streaming discord_desktop_core@1 to /home/migio/.config/discord/0.0.100/modules/pending/discord_desktop_core-1.zip: 47%
7/25/2025, 11:28:12 PM GMT+2 [Modules] Streaming discord_desktop_core@1 to /home/migio/.config/discord/0.0.100/modules/pending/discord_desktop_core-1.zip: 52%
7/25/2025, 11:28:12 PM GMT+2 [Modules] Streaming discord_desktop_core@1 to /home/migio/.config/discord/0.0.100/modules/pending/discord_desktop_core-1.zip: 54%
7/25/2025, 11:28:12 PM GMT+2 [Modules] Streaming discord_desktop_core@1 to /home/migio/.config/discord/0.0.100/modules/pending/discord_desktop_core-1.zip: 57%
7/25/2025, 11:28:12 PM GMT+2 [Modules] Streaming discord_desktop_core@1 to /home/migio/.config/discord/0.0.100/modules/pending/discord_desktop_core-1.zip: 60%
7/25/2025, 11:28:12 PM GMT+2 [Modules] Streaming discord_desktop_core@1 to /home/migio/.config/discord/0.0.100/modules/pending/discord_desktop_core-1.zip: 63%
7/25/2025, 11:28:12 PM GMT+2 [Modules] Streaming discord_desktop_core@1 to /home/migio/.config/discord/0.0.100/modules/pending/discord_desktop_core-1.zip: 69%
7/25/2025, 11:28:12 PM GMT+2 [Modules] Streaming discord_desktop_core@1 to /home/migio/.config/discord/0.0.100/modules/pending/discord_desktop_core-1.zip: 74%
7/25/2025, 11:28:12 PM GMT+2 [Modules] Streaming discord_desktop_core@1 to /home/migio/.config/discord/0.0.100/modules/pending/discord_desktop_core-1.zip: 80%
7/25/2025, 11:28:12 PM GMT+2 [Modules] Streaming discord_desktop_core@1 to /home/migio/.config/discord/0.0.100/modules/pending/discord_desktop_core-1.zip: 83%
7/25/2025, 11:28:12 PM GMT+2 [Modules] Streaming discord_desktop_core@1 to /home/migio/.config/discord/0.0.100/modules/pending/discord_desktop_core-1.zip: 86%
7/25/2025, 11:28:12 PM GMT+2 [Modules] Streaming discord_desktop_core@1 to /home/migio/.config/discord/0.0.100/modules/pending/discord_desktop_core-1.zip: 90%
7/25/2025, 11:28:12 PM GMT+2 [Modules] Streaming discord_desktop_core@1 to /home/migio/.config/discord/0.0.100/modules/pending/discord_desktop_core-1.zip: 100%
7/25/2025, 11:28:12 PM GMT+2 [Modules] Fetching discord_erlpack@1 from https://discord.com/api/modules/stable/discord_erlpack/1
7/25/2025, 11:28:12 PM GMT+2 [Modules] Streaming discord_erlpack@1 to /home/migio/.config/discord/0.0.100/modules/pending/discord_erlpack-1.zip
7/25/2025, 11:28:12 PM GMT+2 [Modules] Streaming discord_erlpack@1 to /home/migio/.config/discord/0.0.100/modules/pending/discord_erlpack-1.zip: 1%
7/25/2025, 11:28:12 PM GMT+2 [Modules] Streaming discord_erlpack@1 to /home/migio/.config/discord/0.0.100/modules/pending/discord_erlpack-1.zip: 3%
7/25/2025, 11:28:12 PM GMT+2 [Modules] Streaming discord_erlpack@1 to /home/migio/.config/discord/0.0.100/modules/pending/discord_erlpack-1.zip: 9%
7/25/2025, 11:28:12 PM GMT+2 [Modules] Streaming discord_erlpack@1 to /home/migio/.config/discord/0.0.100/modules/pending/discord_erlpack-1.zip: 12%
7/25/2025, 11:28:12 PM GMT+2 [Modules] Streaming discord_erlpack@1 to /home/migio/.config/discord/0.0.100/modules/pending/discord_erlpack-1.zip: 18%
7/25/2025, 11:28:12 PM GMT+2 [Modules] Streaming discord_erlpack@1 to /home/migio/.config/discord/0.0.100/modules/pending/discord_erlpack-1.zip: 24%
7/25/2025, 11:28:12 PM GMT+2 [Modules] Streaming discord_erlpack@1 to /home/migio/.config/discord/0.0.100/modules/pending/discord_erlpack-1.zip: 29%
7/25/2025, 11:28:12 PM GMT+2 [Modules] Streaming discord_erlpack@1 to /home/migio/.config/discord/0.0.100/modules/pending/discord_erlpack-1.zip: 34%
7/25/2025, 11:28:12 PM GMT+2 [Modules] Streaming discord_erlpack@1 to /home/migio/.config/discord/0.0.100/modules/pending/discord_erlpack-1.zip: 41%
7/25/2025, 11:28:12 PM GMT+2 [Modules] Streaming discord_erlpack@1 to /home/migio/.config/discord/0.0.100/modules/pending/discord_erlpack-1.zip: 46%
7/25/2025, 11:28:12 PM GMT+2 [Modules] Streaming discord_erlpack@1 to /home/migio/.config/discord/0.0.100/modules/pending/discord_erlpack-1.zip: 51%
7/25/2025, 11:28:12 PM GMT+2 [Modules] Streaming discord_erlpack@1 to /home/migio/.config/discord/0.0.100/modules/pending/discord_erlpack-1.zip: 57%
7/25/2025, 11:28:12 PM GMT+2 [Modules] Streaming discord_erlpack@1 to /home/migio/.config/discord/0.0.100/modules/pending/discord_erlpack-1.zip: 62%
7/25/2025, 11:28:12 PM GMT+2 [Modules] Streaming discord_erlpack@1 to /home/migio/.config/discord/0.0.100/modules/pending/discord_erlpack-1.zip: 67%
7/25/2025, 11:28:12 PM GMT+2 [Modules] Streaming discord_erlpack@1 to /home/migio/.config/discord/0.0.100/modules/pending/discord_erlpack-1.zip: 70%
7/25/2025, 11:28:12 PM GMT+2 [Modules] Streaming discord_erlpack@1 to /home/migio/.config/discord/0.0.100/modules/pending/discord_erlpack-1.zip: 73%
7/25/2025, 11:28:12 PM GMT+2 [Modules] Streaming discord_erlpack@1 to /home/migio/.config/discord/0.0.100/modules/pending/discord_erlpack-1.zip: 78%
7/25/2025, 11:28:12 PM GMT+2 [Modules] Streaming discord_erlpack@1 to /home/migio/.config/discord/0.0.100/modules/pending/discord_erlpack-1.zip: 81%
7/25/2025, 11:28:12 PM GMT+2 [Modules] Streaming discord_erlpack@1 to /home/migio/.config/discord/0.0.100/modules/pending/discord_erlpack-1.zip: 84%
7/25/2025, 11:28:12 PM GMT+2 [Modules] Streaming discord_erlpack@1 to /home/migio/.config/discord/0.0.100/modules/pending/discord_erlpack-1.zip: 89%
7/25/2025, 11:28:12 PM GMT+2 [Modules] Streaming discord_erlpack@1 to /home/migio/.config/discord/0.0.100/modules/pending/discord_erlpack-1.zip: 93%
7/25/2025, 11:28:12 PM GMT+2 [Modules] Streaming discord_erlpack@1 to /home/migio/.config/discord/0.0.100/modules/pending/discord_erlpack-1.zip: 100%
7/25/2025, 11:28:12 PM GMT+2 [Modules] Fetching discord_spellcheck@1 from https://discord.com/api/modules/stable/discord_spellcheck/1
7/25/2025, 11:28:12 PM GMT+2 [Modules] Streaming discord_spellcheck@1 to /home/migio/.config/discord/0.0.100/modules/pending/discord_spellcheck-1.zip
7/25/2025, 11:28:13 PM GMT+2 [Modules] Streaming discord_spellcheck@1 to /home/migio/.config/discord/0.0.100/modules/pending/discord_spellcheck-1.zip: 1%
7/25/2025, 11:28:13 PM GMT+2 [Modules] Streaming discord_spellcheck@1 to /home/migio/.config/discord/0.0.100/modules/pending/discord_spellcheck-1.zip: 3%
7/25/2025, 11:28:13 PM GMT+2 [Modules] Streaming discord_spellcheck@1 to /home/migio/.config/discord/0.0.100/modules/pending/discord_spellcheck-1.zip: 4%
7/25/2025, 11:28:13 PM GMT+2 [Modules] Streaming discord_spellcheck@1 to /home/migio/.config/discord/0.0.100/modules/pending/discord_spellcheck-1.zip: 5%
7/25/2025, 11:28:13 PM GMT+2 [Modules] Streaming discord_spellcheck@1 to /home/migio/.config/discord/0.0.100/modules/pending/discord_spellcheck-1.zip: 7%
7/25/2025, 11:28:13 PM GMT+2 [Modules] Streaming discord_spellcheck@1 to /home/migio/.config/discord/0.0.100/modules/pending/discord_spellcheck-1.zip: 8%
7/25/2025, 11:28:13 PM GMT+2 [Modules] Streaming discord_spellcheck@1 to /home/migio/.config/discord/0.0.100/modules/pending/discord_spellcheck-1.zip: 9%
7/25/2025, 11:28:13 PM GMT+2 [Modules] Streaming discord_spellcheck@1 to /home/migio/.config/discord/0.0.100/modules/pending/discord_spellcheck-1.zip: 10%
7/25/2025, 11:28:13 PM GMT+2 [Modules] Streaming discord_spellcheck@1 to /home/migio/.config/discord/0.0.100/modules/pending/discord_spellcheck-1.zip: 11%
7/25/2025, 11:28:13 PM GMT+2 [Modules] Streaming discord_spellcheck@1 to /home/migio/.config/discord/0.0.100/modules/pending/discord_spellcheck-1.zip: 12%
7/25/2025, 11:28:13 PM GMT+2 [Modules] Streaming discord_spellcheck@1 to /home/migio/.config/discord/0.0.100/modules/pending/discord_spellcheck-1.zip: 13%
7/25/2025, 11:28:13 PM GMT+2 [Modules] Streaming discord_spellcheck@1 to /home/migio/.config/discord/0.0.100/modules/pending/discord_spellcheck-1.zip: 14%
7/25/2025, 11:28:13 PM GMT+2 [Modules] Streaming discord_spellcheck@1 to /home/migio/.config/discord/0.0.100/modules/pending/discord_spellcheck-1.zip: 15%
7/25/2025, 11:28:13 PM GMT+2 [Modules] Streaming discord_spellcheck@1 to /home/migio/.config/discord/0.0.100/modules/pending/discord_spellcheck-1.zip: 16%
7/25/2025, 11:28:13 PM GMT+2 [Modules] Streaming discord_spellcheck@1 to /home/migio/.config/discord/0.0.100/modules/pending/discord_spellcheck-1.zip: 17%
7/25/2025, 11:28:13 PM GMT+2 [Modules] Streaming discord_spellcheck@1 to /home/migio/.config/discord/0.0.100/modules/pending/discord_spellcheck-1.zip: 19%
7/25/2025, 11:28:13 PM GMT+2 [Modules] Streaming discord_spellcheck@1 to /home/migio/.config/discord/0.0.100/modules/pending/discord_spellcheck-1.zip: 20%
7/25/2025, 11:28:13 PM GMT+2 [Modules] Streaming discord_spellcheck@1 to /home/migio/.config/discord/0.0.100/modules/pending/discord_spellcheck-1.zip: 21%
7/25/2025, 11:28:13 PM GMT+2 [Modules] Streaming discord_spellcheck@1 to /home/migio/.config/discord/0.0.100/modules/pending/discord_spellcheck-1.zip: 22%
7/25/2025, 11:28:13 PM GMT+2 [Modules] Streaming discord_spellcheck@1 to /home/migio/.config/discord/0.0.100/modules/pending/discord_spellcheck-1.zip: 23%
7/25/2025, 11:28:13 PM GMT+2 [Modules] Streaming discord_spellcheck@1 to /home/migio/.config/discord/0.0.100/modules/pending/discord_spellcheck-1.zip: 24%
7/25/2025, 11:28:13 PM GMT+2 [Modules] Streaming discord_spellcheck@1 to /home/migio/.config/discord/0.0.100/modules/pending/discord_spellcheck-1.zip: 27%
7/25/2025, 11:28:13 PM GMT+2 [Modules] Streaming discord_spellcheck@1 to /home/migio/.config/discord/0.0.100/modules/pending/discord_spellcheck-1.zip: 28%
7/25/2025, 11:28:13 PM GMT+2 [Modules] Streaming discord_spellcheck@1 to /home/migio/.config/discord/0.0.100/modules/pending/discord_spellcheck-1.zip: 29%
7/25/2025, 11:28:13 PM GMT+2 [Modules] Streaming discord_spellcheck@1 to /home/migio/.config/discord/0.0.100/modules/pending/discord_spellcheck-1.zip: 31%
7/25/2025, 11:28:13 PM GMT+2 [Modules] Streaming discord_spellcheck@1 to /home/migio/.config/discord/0.0.100/modules/pending/discord_spellcheck-1.zip: 33%
7/25/2025, 11:28:13 PM GMT+2 [Modules] Streaming discord_spellcheck@1 to /home/migio/.config/discord/0.0.100/modules/pending/discord_spellcheck-1.zip: 35%
7/25/2025, 11:28:13 PM GMT+2 [Modules] Streaming discord_spellcheck@1 to /home/migio/.config/discord/0.0.100/modules/pending/discord_spellcheck-1.zip: 36%
7/25/2025, 11:28:13 PM GMT+2 [Modules] Streaming discord_spellcheck@1 to /home/migio/.config/discord/0.0.100/modules/pending/discord_spellcheck-1.zip: 37%
7/25/2025, 11:28:13 PM GMT+2 [Modules] Streaming discord_spellcheck@1 to /home/migio/.config/discord/0.0.100/modules/pending/discord_spellcheck-1.zip: 38%
7/25/2025, 11:28:13 PM GMT+2 [Modules] Streaming discord_spellcheck@1 to /home/migio/.config/discord/0.0.100/modules/pending/discord_spellcheck-1.zip: 40%
7/25/2025, 11:28:13 PM GMT+2 [Modules] Streaming discord_spellcheck@1 to /home/migio/.config/discord/0.0.100/modules/pending/discord_spellcheck-1.zip: 41%
7/25/2025, 11:28:13 PM GMT+2 [Modules] Streaming discord_spellcheck@1 to /home/migio/.config/discord/0.0.100/modules/pending/discord_spellcheck-1.zip: 43%
7/25/2025, 11:28:13 PM GMT+2 [Modules] Streaming discord_spellcheck@1 to /home/migio/.config/discord/0.0.100/modules/pending/discord_spellcheck-1.zip: 44%
7/25/2025, 11:28:13 PM GMT+2 [Modules] Streaming discord_spellcheck@1 to /home/migio/.config/discord/0.0.100/modules/pending/discord_spellcheck-1.zip: 45%
7/25/2025, 11:28:13 PM GMT+2 [Modules] Streaming discord_spellcheck@1 to /home/migio/.config/discord/0.0.100/modules/pending/discord_spellcheck-1.zip: 47%
7/25/2025, 11:28:13 PM GMT+2 [Modules] Streaming discord_spellcheck@1 to /home/migio/.config/discord/0.0.100/modules/pending/discord_spellcheck-1.zip: 48%
7/25/2025, 11:28:13 PM GMT+2 [Modules] Streaming discord_spellcheck@1 to /home/migio/.config/discord/0.0.100/modules/pending/discord_spellcheck-1.zip: 49%
7/25/2025, 11:28:13 PM GMT+2 [Modules] Streaming discord_spellcheck@1 to /home/migio/.config/discord/0.0.100/modules/pending/discord_spellcheck-1.zip: 51%
7/25/2025, 11:28:13 PM GMT+2 [Modules] Streaming discord_spellcheck@1 to /home/migio/.config/discord/0.0.100/modules/pending/discord_spellcheck-1.zip: 52%
7/25/2025, 11:28:13 PM GMT+2 [Modules] Streaming discord_spellcheck@1 to /home/migio/.config/discord/0.0.100/modules/pending/discord_spellcheck-1.zip: 54%
7/25/2025, 11:28:13 PM GMT+2 [Modules] Streaming discord_spellcheck@1 to /home/migio/.config/discord/0.0.100/modules/pending/discord_spellcheck-1.zip: 55%
7/25/2025, 11:28:13 PM GMT+2 [Modules] Streaming discord_spellcheck@1 to /home/migio/.config/discord/0.0.100/modules/pending/discord_spellcheck-1.zip: 56%
7/25/2025, 11:28:13 PM GMT+2 [Modules] Streaming discord_spellcheck@1 to /home/migio/.config/discord/0.0.100/modules/pending/discord_spellcheck-1.zip: 58%
7/25/2025, 11:28:13 PM GMT+2 [Modules] Streaming discord_spellcheck@1 to /home/migio/.config/discord/0.0.100/modules/pending/discord_spellcheck-1.zip: 59%
7/25/2025, 11:28:13 PM GMT+2 [Modules] Streaming discord_spellcheck@1 to /home/migio/.config/discord/0.0.100/modules/pending/discord_spellcheck-1.zip: 62%
7/25/2025, 11:28:13 PM GMT+2 [Modules] Streaming discord_spellcheck@1 to /home/migio/.config/discord/0.0.100/modules/pending/discord_spellcheck-1.zip: 64%
7/25/2025, 11:28:13 PM GMT+2 [Modules] Streaming discord_spellcheck@1 to /home/migio/.config/discord/0.0.100/modules/pending/discord_spellcheck-1.zip: 65%
7/25/2025, 11:28:13 PM GMT+2 [Modules] Streaming discord_spellcheck@1 to /home/migio/.config/discord/0.0.100/modules/pending/discord_spellcheck-1.zip: 66%
7/25/2025, 11:28:13 PM GMT+2 [Modules] Streaming discord_spellcheck@1 to /home/migio/.config/discord/0.0.100/modules/pending/discord_spellcheck-1.zip: 67%
7/25/2025, 11:28:13 PM GMT+2 [Modules] Streaming discord_spellcheck@1 to /home/migio/.config/discord/0.0.100/modules/pending/discord_spellcheck-1.zip: 69%
7/25/2025, 11:28:13 PM GMT+2 [Modules] Streaming discord_spellcheck@1 to /home/migio/.config/discord/0.0.100/modules/pending/discord_spellcheck-1.zip: 70%
7/25/2025, 11:28:13 PM GMT+2 [Modules] Streaming discord_spellcheck@1 to /home/migio/.config/discord/0.0.100/modules/pending/discord_spellcheck-1.zip: 71%
7/25/2025, 11:28:13 PM GMT+2 [Modules] Streaming discord_spellcheck@1 to /home/migio/.config/discord/0.0.100/modules/pending/discord_spellcheck-1.zip: 73%
7/25/2025, 11:28:13 PM GMT+2 [Modules] Streaming discord_spellcheck@1 to /home/migio/.config/discord/0.0.100/modules/pending/discord_spellcheck-1.zip: 74%
7/25/2025, 11:28:13 PM GMT+2 [Modules] Streaming discord_spellcheck@1 to /home/migio/.config/discord/0.0.100/modules/pending/discord_spellcheck-1.zip: 75%
7/25/2025, 11:28:13 PM GMT+2 [Modules] Streaming discord_spellcheck@1 to /home/migio/.config/discord/0.0.100/modules/pending/discord_spellcheck-1.zip: 77%
7/25/2025, 11:28:13 PM GMT+2 [Modules] Streaming discord_spellcheck@1 to /home/migio/.config/discord/0.0.100/modules/pending/discord_spellcheck-1.zip: 78%
7/25/2025, 11:28:13 PM GMT+2 [Modules] Streaming discord_spellcheck@1 to /home/migio/.config/discord/0.0.100/modules/pending/discord_spellcheck-1.zip: 79%
7/25/2025, 11:28:13 PM GMT+2 [Modules] Streaming discord_spellcheck@1 to /home/migio/.config/discord/0.0.100/modules/pending/discord_spellcheck-1.zip: 80%
7/25/2025, 11:28:13 PM GMT+2 [Modules] Streaming discord_spellcheck@1 to /home/migio/.config/discord/0.0.100/modules/pending/discord_spellcheck-1.zip: 82%
7/25/2025, 11:28:13 PM GMT+2 [Modules] Streaming discord_spellcheck@1 to /home/migio/.config/discord/0.0.100/modules/pending/discord_spellcheck-1.zip: 83%
7/25/2025, 11:28:13 PM GMT+2 [Modules] Streaming discord_spellcheck@1 to /home/migio/.config/discord/0.0.100/modules/pending/discord_spellcheck-1.zip: 84%
7/25/2025, 11:28:13 PM GMT+2 [Modules] Streaming discord_spellcheck@1 to /home/migio/.config/discord/0.0.100/modules/pending/discord_spellcheck-1.zip: 85%
7/25/2025, 11:28:13 PM GMT+2 [Modules] Streaming discord_spellcheck@1 to /home/migio/.config/discord/0.0.100/modules/pending/discord_spellcheck-1.zip: 86%
7/25/2025, 11:28:13 PM GMT+2 [Modules] Streaming discord_spellcheck@1 to /home/migio/.config/discord/0.0.100/modules/pending/discord_spellcheck-1.zip: 87%
7/25/2025, 11:28:13 PM GMT+2 [Modules] Streaming discord_spellcheck@1 to /home/migio/.config/discord/0.0.100/modules/pending/discord_spellcheck-1.zip: 88%
7/25/2025, 11:28:13 PM GMT+2 [Modules] Streaming discord_spellcheck@1 to /home/migio/.config/discord/0.0.100/modules/pending/discord_spellcheck-1.zip: 89%
7/25/2025, 11:28:13 PM GMT+2 [Modules] Streaming discord_spellcheck@1 to /home/migio/.config/discord/0.0.100/modules/pending/discord_spellcheck-1.zip: 90%
7/25/2025, 11:28:13 PM GMT+2 [Modules] Streaming discord_spellcheck@1 to /home/migio/.config/discord/0.0.100/modules/pending/discord_spellcheck-1.zip: 93%
7/25/2025, 11:28:13 PM GMT+2 [Modules] Streaming discord_spellcheck@1 to /home/migio/.config/discord/0.0.100/modules/pending/discord_spellcheck-1.zip: 97%
7/25/2025, 11:28:13 PM GMT+2 [Modules] Streaming discord_spellcheck@1 to /home/migio/.config/discord/0.0.100/modules/pending/discord_spellcheck-1.zip: 100%
7/25/2025, 11:28:13 PM GMT+2 [Modules] Fetching discord_utils@1 from https://discord.com/api/modules/stable/discord_utils/1
7/25/2025, 11:28:13 PM GMT+2 [Modules] Streaming discord_utils@1 to /home/migio/.config/discord/0.0.100/modules/pending/discord_utils-1.zip
7/25/2025, 11:28:15 PM GMT+2 [Modules] Streaming discord_utils@1 to /home/migio/.config/discord/0.0.100/modules/pending/discord_utils-1.zip: 1%
7/25/2025, 11:28:15 PM GMT+2 [Modules] Streaming discord_utils@1 to /home/migio/.config/discord/0.0.100/modules/pending/discord_utils-1.zip: 2%
7/25/2025, 11:28:15 PM GMT+2 [Modules] Streaming discord_utils@1 to /home/migio/.config/discord/0.0.100/modules/pending/discord_utils-1.zip: 5%
7/25/2025, 11:28:15 PM GMT+2 [Modules] Streaming discord_utils@1 to /home/migio/.config/discord/0.0.100/modules/pending/discord_utils-1.zip: 6%
7/25/2025, 11:28:15 PM GMT+2 [Modules] Streaming discord_utils@1 to /home/migio/.config/discord/0.0.100/modules/pending/discord_utils-1.zip: 8%
7/25/2025, 11:28:15 PM GMT+2 [Modules] Streaming discord_utils@1 to /home/migio/.config/discord/0.0.100/modules/pending/discord_utils-1.zip: 10%
7/25/2025, 11:28:15 PM GMT+2 [Modules] Streaming discord_utils@1 to /home/migio/.config/discord/0.0.100/modules/pending/discord_utils-1.zip: 11%
7/25/2025, 11:28:15 PM GMT+2 [Modules] Streaming discord_utils@1 to /home/migio/.config/discord/0.0.100/modules/pending/discord_utils-1.zip: 13%
7/25/2025, 11:28:15 PM GMT+2 [Modules] Streaming discord_utils@1 to /home/migio/.config/discord/0.0.100/modules/pending/discord_utils-1.zip: 14%
7/25/2025, 11:28:15 PM GMT+2 [Modules] Streaming discord_utils@1 to /home/migio/.config/discord/0.0.100/modules/pending/discord_utils-1.zip: 16%
7/25/2025, 11:28:15 PM GMT+2 [Modules] Streaming discord_utils@1 to /home/migio/.config/discord/0.0.100/modules/pending/discord_utils-1.zip: 19%
7/25/2025, 11:28:15 PM GMT+2 [Modules] Streaming discord_utils@1 to /home/migio/.config/discord/0.0.100/modules/pending/discord_utils-1.zip: 21%
7/25/2025, 11:28:15 PM GMT+2 [Modules] Streaming discord_utils@1 to /home/migio/.config/discord/0.0.100/modules/pending/discord_utils-1.zip: 22%
7/25/2025, 11:28:15 PM GMT+2 [Modules] Streaming discord_utils@1 to /home/migio/.config/discord/0.0.100/modules/pending/discord_utils-1.zip: 26%
7/25/2025, 11:28:15 PM GMT+2 [Modules] Streaming discord_utils@1 to /home/migio/.config/discord/0.0.100/modules/pending/discord_utils-1.zip: 29%
7/25/2025, 11:28:15 PM GMT+2 [Modules] Streaming discord_utils@1 to /home/migio/.config/discord/0.0.100/modules/pending/discord_utils-1.zip: 32%
7/25/2025, 11:28:15 PM GMT+2 [Modules] Streaming discord_utils@1 to /home/migio/.config/discord/0.0.100/modules/pending/discord_utils-1.zip: 35%
7/25/2025, 11:28:15 PM GMT+2 [Modules] Streaming discord_utils@1 to /home/migio/.config/discord/0.0.100/modules/pending/discord_utils-1.zip: 37%
7/25/2025, 11:28:15 PM GMT+2 [Modules] Streaming discord_utils@1 to /home/migio/.config/discord/0.0.100/modules/pending/discord_utils-1.zip: 38%
7/25/2025, 11:28:15 PM GMT+2 [Modules] Streaming discord_utils@1 to /home/migio/.config/discord/0.0.100/modules/pending/discord_utils-1.zip: 40%
7/25/2025, 11:28:15 PM GMT+2 [Modules] Streaming discord_utils@1 to /home/migio/.config/discord/0.0.100/modules/pending/discord_utils-1.zip: 43%
7/25/2025, 11:28:15 PM GMT+2 [Modules] Streaming discord_utils@1 to /home/migio/.config/discord/0.0.100/modules/pending/discord_utils-1.zip: 46%
7/25/2025, 11:28:15 PM GMT+2 [Modules] Streaming discord_utils@1 to /home/migio/.config/discord/0.0.100/modules/pending/discord_utils-1.zip: 48%
7/25/2025, 11:28:15 PM GMT+2 [Modules] Streaming discord_utils@1 to /home/migio/.config/discord/0.0.100/modules/pending/discord_utils-1.zip: 50%
7/25/2025, 11:28:15 PM GMT+2 [Modules] Streaming discord_utils@1 to /home/migio/.config/discord/0.0.100/modules/pending/discord_utils-1.zip: 51%
7/25/2025, 11:28:15 PM GMT+2 [Modules] Streaming discord_utils@1 to /home/migio/.config/discord/0.0.100/modules/pending/discord_utils-1.zip: 56%
7/25/2025, 11:28:15 PM GMT+2 [Modules] Streaming discord_utils@1 to /home/migio/.config/discord/0.0.100/modules/pending/discord_utils-1.zip: 59%
7/25/2025, 11:28:15 PM GMT+2 [Modules] Streaming discord_utils@1 to /home/migio/.config/discord/0.0.100/modules/pending/discord_utils-1.zip: 62%
7/25/2025, 11:28:15 PM GMT+2 [Modules] Streaming discord_utils@1 to /home/migio/.config/discord/0.0.100/modules/pending/discord_utils-1.zip: 65%
7/25/2025, 11:28:15 PM GMT+2 [Modules] Streaming discord_utils@1 to /home/migio/.config/discord/0.0.100/modules/pending/discord_utils-1.zip: 68%
7/25/2025, 11:28:15 PM GMT+2 [Modules] Streaming discord_utils@1 to /home/migio/.config/discord/0.0.100/modules/pending/discord_utils-1.zip: 72%
7/25/2025, 11:28:15 PM GMT+2 [Modules] Streaming discord_utils@1 to /home/migio/.config/discord/0.0.100/modules/pending/discord_utils-1.zip: 75%
7/25/2025, 11:28:15 PM GMT+2 [Modules] Streaming discord_utils@1 to /home/migio/.config/discord/0.0.100/modules/pending/discord_utils-1.zip: 76%
7/25/2025, 11:28:15 PM GMT+2 [Modules] Streaming discord_utils@1 to /home/migio/.config/discord/0.0.100/modules/pending/discord_utils-1.zip: 78%
7/25/2025, 11:28:15 PM GMT+2 [Modules] Streaming discord_utils@1 to /home/migio/.config/discord/0.0.100/modules/pending/discord_utils-1.zip: 81%
7/25/2025, 11:28:15 PM GMT+2 [Modules] Streaming discord_utils@1 to /home/migio/.config/discord/0.0.100/modules/pending/discord_utils-1.zip: 85%
7/25/2025, 11:28:15 PM GMT+2 [Modules] Streaming discord_utils@1 to /home/migio/.config/discord/0.0.100/modules/pending/discord_utils-1.zip: 88%
7/25/2025, 11:28:15 PM GMT+2 [Modules] Streaming discord_utils@1 to /home/migio/.config/discord/0.0.100/modules/pending/discord_utils-1.zip: 91%
7/25/2025, 11:28:15 PM GMT+2 [Modules] Streaming discord_utils@1 to /home/migio/.config/discord/0.0.100/modules/pending/discord_utils-1.zip: 93%
7/25/2025, 11:28:15 PM GMT+2 [Modules] Streaming discord_utils@1 to /home/migio/.config/discord/0.0.100/modules/pending/discord_utils-1.zip: 100%
7/25/2025, 11:28:15 PM GMT+2 [Modules] Fetching discord_voice@1 from https://discord.com/api/modules/stable/discord_voice/1
7/25/2025, 11:28:15 PM GMT+2 [Modules] Streaming discord_voice@1 to /home/migio/.config/discord/0.0.100/modules/pending/discord_voice-1.zip
7/25/2025, 11:28:15 PM GMT+2 [Modules] Streaming discord_voice@1 to /home/migio/.config/discord/0.0.100/modules/pending/discord_voice-1.zip: 1%
7/25/2025, 11:28:15 PM GMT+2 [Modules] Streaming discord_voice@1 to /home/migio/.config/discord/0.0.100/modules/pending/discord_voice-1.zip: 2%
7/25/2025, 11:28:15 PM GMT+2 [Modules] Streaming discord_voice@1 to /home/migio/.config/discord/0.0.100/modules/pending/discord_voice-1.zip: 3%
7/25/2025, 11:28:15 PM GMT+2 [Modules] Streaming discord_voice@1 to /home/migio/.config/discord/0.0.100/modules/pending/discord_voice-1.zip: 4%
7/25/2025, 11:28:15 PM GMT+2 [Modules] Streaming discord_voice@1 to /home/migio/.config/discord/0.0.100/modules/pending/discord_voice-1.zip: 5%
7/25/2025, 11:28:15 PM GMT+2 [Modules] Streaming discord_voice@1 to /home/migio/.config/discord/0.0.100/modules/pending/discord_voice-1.zip: 6%
7/25/2025, 11:28:15 PM GMT+2 [Modules] Streaming discord_voice@1 to /home/migio/.config/discord/0.0.100/modules/pending/discord_voice-1.zip: 7%
7/25/2025, 11:28:15 PM GMT+2 [Modules] Streaming discord_voice@1 to /home/migio/.config/discord/0.0.100/modules/pending/discord_voice-1.zip: 8%
7/25/2025, 11:28:15 PM GMT+2 [Modules] Streaming discord_voice@1 to /home/migio/.config/discord/0.0.100/modules/pending/discord_voice-1.zip: 9%
7/25/2025, 11:28:15 PM GMT+2 [Modules] Streaming discord_voice@1 to /home/migio/.config/discord/0.0.100/modules/pending/discord_voice-1.zip: 10%
7/25/2025, 11:28:15 PM GMT+2 [Modules] Streaming discord_voice@1 to /home/migio/.config/discord/0.0.100/modules/pending/discord_voice-1.zip: 11%
7/25/2025, 11:28:15 PM GMT+2 [Modules] Streaming discord_voice@1 to /home/migio/.config/discord/0.0.100/modules/pending/discord_voice-1.zip: 12%
7/25/2025, 11:28:15 PM GMT+2 [Modules] Streaming discord_voice@1 to /home/migio/.config/discord/0.0.100/modules/pending/discord_voice-1.zip: 13%
7/25/2025, 11:28:15 PM GMT+2 [Modules] Streaming discord_voice@1 to /home/migio/.config/discord/0.0.100/modules/pending/discord_voice-1.zip: 14%
7/25/2025, 11:28:15 PM GMT+2 [Modules] Streaming discord_voice@1 to /home/migio/.config/discord/0.0.100/modules/pending/discord_voice-1.zip: 15%
7/25/2025, 11:28:15 PM GMT+2 [Modules] Streaming discord_voice@1 to /home/migio/.config/discord/0.0.100/modules/pending/discord_voice-1.zip: 16%
7/25/2025, 11:28:15 PM GMT+2 [Modules] Streaming discord_voice@1 to /home/migio/.config/discord/0.0.100/modules/pending/discord_voice-1.zip: 17%
7/25/2025, 11:28:15 PM GMT+2 [Modules] Streaming discord_voice@1 to /home/migio/.config/discord/0.0.100/modules/pending/discord_voice-1.zip: 18%
7/25/2025, 11:28:15 PM GMT+2 [Modules] Streaming discord_voice@1 to /home/migio/.config/discord/0.0.100/modules/pending/discord_voice-1.zip: 19%
7/25/2025, 11:28:15 PM GMT+2 [Modules] Streaming discord_voice@1 to /home/migio/.config/discord/0.0.100/modules/pending/discord_voice-1.zip: 20%
7/25/2025, 11:28:15 PM GMT+2 [Modules] Streaming discord_voice@1 to /home/migio/.config/discord/0.0.100/modules/pending/discord_voice-1.zip: 21%
7/25/2025, 11:28:15 PM GMT+2 [Modules] Streaming discord_voice@1 to /home/migio/.config/discord/0.0.100/modules/pending/discord_voice-1.zip: 22%
7/25/2025, 11:28:15 PM GMT+2 [Modules] Streaming discord_voice@1 to /home/migio/.config/discord/0.0.100/modules/pending/discord_voice-1.zip: 23%
7/25/2025, 11:28:15 PM GMT+2 [Modules] Streaming discord_voice@1 to /home/migio/.config/discord/0.0.100/modules/pending/discord_voice-1.zip: 24%
7/25/2025, 11:28:16 PM GMT+2 [Modules] Streaming discord_voice@1 to /home/migio/.config/discord/0.0.100/modules/pending/discord_voice-1.zip: 25%
7/25/2025, 11:28:16 PM GMT+2 [Modules] Streaming discord_voice@1 to /home/migio/.config/discord/0.0.100/modules/pending/discord_voice-1.zip: 26%
7/25/2025, 11:28:16 PM GMT+2 [Modules] Streaming discord_voice@1 to /home/migio/.config/discord/0.0.100/modules/pending/discord_voice-1.zip: 27%
7/25/2025, 11:28:16 PM GMT+2 [Modules] Streaming discord_voice@1 to /home/migio/.config/discord/0.0.100/modules/pending/discord_voice-1.zip: 28%
7/25/2025, 11:28:16 PM GMT+2 [Modules] Streaming discord_voice@1 to /home/migio/.config/discord/0.0.100/modules/pending/discord_voice-1.zip: 29%
7/25/2025, 11:28:16 PM GMT+2 [Modules] Streaming discord_voice@1 to /home/migio/.config/discord/0.0.100/modules/pending/discord_voice-1.zip: 30%
7/25/2025, 11:28:16 PM GMT+2 [Modules] Streaming discord_voice@1 to /home/migio/.config/discord/0.0.100/modules/pending/discord_voice-1.zip: 31%
7/25/2025, 11:28:16 PM GMT+2 [Modules] Streaming discord_voice@1 to /home/migio/.config/discord/0.0.100/modules/pending/discord_voice-1.zip: 32%
7/25/2025, 11:28:16 PM GMT+2 [Modules] Streaming discord_voice@1 to /home/migio/.config/discord/0.0.100/modules/pending/discord_voice-1.zip: 33%
7/25/2025, 11:28:16 PM GMT+2 [Modules] Streaming discord_voice@1 to /home/migio/.config/discord/0.0.100/modules/pending/discord_voice-1.zip: 34%
7/25/2025, 11:28:16 PM GMT+2 [Modules] Streaming discord_voice@1 to /home/migio/.config/discord/0.0.100/modules/pending/discord_voice-1.zip: 35%
7/25/2025, 11:28:16 PM GMT+2 [Modules] Streaming discord_voice@1 to /home/migio/.config/discord/0.0.100/modules/pending/discord_voice-1.zip: 36%
7/25/2025, 11:28:16 PM GMT+2 [Modules] Streaming discord_voice@1 to /home/migio/.config/discord/0.0.100/modules/pending/discord_voice-1.zip: 37%
7/25/2025, 11:28:16 PM GMT+2 [Modules] Streaming discord_voice@1 to /home/migio/.config/discord/0.0.100/modules/pending/discord_voice-1.zip: 38%
7/25/2025, 11:28:16 PM GMT+2 [Modules] Streaming discord_voice@1 to /home/migio/.config/discord/0.0.100/modules/pending/discord_voice-1.zip: 39%
7/25/2025, 11:28:16 PM GMT+2 [Modules] Streaming discord_voice@1 to /home/migio/.config/discord/0.0.100/modules/pending/discord_voice-1.zip: 40%
7/25/2025, 11:28:16 PM GMT+2 [Modules] Streaming discord_voice@1 to /home/migio/.config/discord/0.0.100/modules/pending/discord_voice-1.zip: 41%
7/25/2025, 11:28:16 PM GMT+2 [Modules] Streaming discord_voice@1 to /home/migio/.config/discord/0.0.100/modules/pending/discord_voice-1.zip: 42%
7/25/2025, 11:28:16 PM GMT+2 [Modules] Streaming discord_voice@1 to /home/migio/.config/discord/0.0.100/modules/pending/discord_voice-1.zip: 43%
7/25/2025, 11:28:16 PM GMT+2 [Modules] Streaming discord_voice@1 to /home/migio/.config/discord/0.0.100/modules/pending/discord_voice-1.zip: 44%
7/25/2025, 11:28:16 PM GMT+2 [Modules] Streaming discord_voice@1 to /home/migio/.config/discord/0.0.100/modules/pending/discord_voice-1.zip: 45%
7/25/2025, 11:28:16 PM GMT+2 [Modules] Streaming discord_voice@1 to /home/migio/.config/discord/0.0.100/modules/pending/discord_voice-1.zip: 46%
7/25/2025, 11:28:16 PM GMT+2 [Modules] Streaming discord_voice@1 to /home/migio/.config/discord/0.0.100/modules/pending/discord_voice-1.zip: 47%
7/25/2025, 11:28:16 PM GMT+2 [Modules] Streaming discord_voice@1 to /home/migio/.config/discord/0.0.100/modules/pending/discord_voice-1.zip: 48%
7/25/2025, 11:28:16 PM GMT+2 [Modules] Streaming discord_voice@1 to /home/migio/.config/discord/0.0.100/modules/pending/discord_voice-1.zip: 49%
7/25/2025, 11:28:16 PM GMT+2 [Modules] Streaming discord_voice@1 to /home/migio/.config/discord/0.0.100/modules/pending/discord_voice-1.zip: 50%
7/25/2025, 11:28:16 PM GMT+2 [Modules] Streaming discord_voice@1 to /home/migio/.config/discord/0.0.100/modules/pending/discord_voice-1.zip: 51%
7/25/2025, 11:28:16 PM GMT+2 [Modules] Streaming discord_voice@1 to /home/migio/.config/discord/0.0.100/modules/pending/discord_voice-1.zip: 52%
7/25/2025, 11:28:16 PM GMT+2 [Modules] Streaming discord_voice@1 to /home/migio/.config/discord/0.0.100/modules/pending/discord_voice-1.zip: 53%
7/25/2025, 11:28:16 PM GMT+2 [Modules] Streaming discord_voice@1 to /home/migio/.config/discord/0.0.100/modules/pending/discord_voice-1.zip: 54%
7/25/2025, 11:28:16 PM GMT+2 [Modules] Streaming discord_voice@1 to /home/migio/.config/discord/0.0.100/modules/pending/discord_voice-1.zip: 55%
7/25/2025, 11:28:16 PM GMT+2 [Modules] Streaming discord_voice@1 to /home/migio/.config/discord/0.0.100/modules/pending/discord_voice-1.zip: 56%
7/25/2025, 11:28:16 PM GMT+2 [Modules] Streaming discord_voice@1 to /home/migio/.config/discord/0.0.100/modules/pending/discord_voice-1.zip: 57%
7/25/2025, 11:28:16 PM GMT+2 [Modules] Streaming discord_voice@1 to /home/migio/.config/discord/0.0.100/modules/pending/discord_voice-1.zip: 58%
7/25/2025, 11:28:16 PM GMT+2 [Modules] Streaming discord_voice@1 to /home/migio/.config/discord/0.0.100/modules/pending/discord_voice-1.zip: 59%
7/25/2025, 11:28:16 PM GMT+2 [Modules] Streaming discord_voice@1 to /home/migio/.config/discord/0.0.100/modules/pending/discord_voice-1.zip: 60%
7/25/2025, 11:28:16 PM GMT+2 [Modules] Streaming discord_voice@1 to /home/migio/.config/discord/0.0.100/modules/pending/discord_voice-1.zip: 61%
7/25/2025, 11:28:16 PM GMT+2 [Modules] Streaming discord_voice@1 to /home/migio/.config/discord/0.0.100/modules/pending/discord_voice-1.zip: 62%
7/25/2025, 11:28:16 PM GMT+2 [Modules] Streaming discord_voice@1 to /home/migio/.config/discord/0.0.100/modules/pending/discord_voice-1.zip: 63%
7/25/2025, 11:28:16 PM GMT+2 [Modules] Streaming discord_voice@1 to /home/migio/.config/discord/0.0.100/modules/pending/discord_voice-1.zip: 64%
7/25/2025, 11:28:16 PM GMT+2 [Modules] Streaming discord_voice@1 to /home/migio/.config/discord/0.0.100/modules/pending/discord_voice-1.zip: 65%
7/25/2025, 11:28:16 PM GMT+2 [Modules] Streaming discord_voice@1 to /home/migio/.config/discord/0.0.100/modules/pending/discord_voice-1.zip: 66%
7/25/2025, 11:28:16 PM GMT+2 [Modules] Streaming discord_voice@1 to /home/migio/.config/discord/0.0.100/modules/pending/discord_voice-1.zip: 67%
7/25/2025, 11:28:16 PM GMT+2 [Modules] Streaming discord_voice@1 to /home/migio/.config/discord/0.0.100/modules/pending/discord_voice-1.zip: 68%
7/25/2025, 11:28:16 PM GMT+2 [Modules] Streaming discord_voice@1 to /home/migio/.config/discord/0.0.100/modules/pending/discord_voice-1.zip: 69%
7/25/2025, 11:28:16 PM GMT+2 [Modules] Streaming discord_voice@1 to /home/migio/.config/discord/0.0.100/modules/pending/discord_voice-1.zip: 70%
7/25/2025, 11:28:16 PM GMT+2 [Modules] Streaming discord_voice@1 to /home/migio/.config/discord/0.0.100/modules/pending/discord_voice-1.zip: 71%
7/25/2025, 11:28:16 PM GMT+2 [Modules] Streaming discord_voice@1 to /home/migio/.config/discord/0.0.100/modules/pending/discord_voice-1.zip: 72%
7/25/2025, 11:28:16 PM GMT+2 [Modules] Streaming discord_voice@1 to /home/migio/.config/discord/0.0.100/modules/pending/discord_voice-1.zip: 73%
7/25/2025, 11:28:16 PM GMT+2 [Modules] Streaming discord_voice@1 to /home/migio/.config/discord/0.0.100/modules/pending/discord_voice-1.zip: 74%
7/25/2025, 11:28:16 PM GMT+2 [Modules] Streaming discord_voice@1 to /home/migio/.config/discord/0.0.100/modules/pending/discord_voice-1.zip: 75%
7/25/2025, 11:28:16 PM GMT+2 [Modules] Streaming discord_voice@1 to /home/migio/.config/discord/0.0.100/modules/pending/discord_voice-1.zip: 76%
7/25/2025, 11:28:16 PM GMT+2 [Modules] Streaming discord_voice@1 to /home/migio/.config/discord/0.0.100/modules/pending/discord_voice-1.zip: 77%
7/25/2025, 11:28:16 PM GMT+2 [Modules] Streaming discord_voice@1 to /home/migio/.config/discord/0.0.100/modules/pending/discord_voice-1.zip: 78%
7/25/2025, 11:28:16 PM GMT+2 [Modules] Streaming discord_voice@1 to /home/migio/.config/discord/0.0.100/modules/pending/discord_voice-1.zip: 79%
7/25/2025, 11:28:16 PM GMT+2 [Modules] Streaming discord_voice@1 to /home/migio/.config/discord/0.0.100/modules/pending/discord_voice-1.zip: 80%
7/25/2025, 11:28:16 PM GMT+2 [Modules] Streaming discord_voice@1 to /home/migio/.config/discord/0.0.100/modules/pending/discord_voice-1.zip: 81%
7/25/2025, 11:28:16 PM GMT+2 [Modules] Streaming discord_voice@1 to /home/migio/.config/discord/0.0.100/modules/pending/discord_voice-1.zip: 82%
7/25/2025, 11:28:16 PM GMT+2 [Modules] Streaming discord_voice@1 to /home/migio/.config/discord/0.0.100/modules/pending/discord_voice-1.zip: 83%
7/25/2025, 11:28:16 PM GMT+2 [Modules] Streaming discord_voice@1 to /home/migio/.config/discord/0.0.100/modules/pending/discord_voice-1.zip: 84%
7/25/2025, 11:28:16 PM GMT+2 [Modules] Streaming discord_voice@1 to /home/migio/.config/discord/0.0.100/modules/pending/discord_voice-1.zip: 85%
7/25/2025, 11:28:16 PM GMT+2 [Modules] Streaming discord_voice@1 to /home/migio/.config/discord/0.0.100/modules/pending/discord_voice-1.zip: 86%
7/25/2025, 11:28:16 PM GMT+2 [Modules] Streaming discord_voice@1 to /home/migio/.config/discord/0.0.100/modules/pending/discord_voice-1.zip: 87%
7/25/2025, 11:28:16 PM GMT+2 [Modules] Streaming discord_voice@1 to /home/migio/.config/discord/0.0.100/modules/pending/discord_voice-1.zip: 88%
7/25/2025, 11:28:16 PM GMT+2 [Modules] Streaming discord_voice@1 to /home/migio/.config/discord/0.0.100/modules/pending/discord_voice-1.zip: 89%
7/25/2025, 11:28:16 PM GMT+2 [Modules] Streaming discord_voice@1 to /home/migio/.config/discord/0.0.100/modules/pending/discord_voice-1.zip: 90%
7/25/2025, 11:28:16 PM GMT+2 [Modules] Streaming discord_voice@1 to /home/migio/.config/discord/0.0.100/modules/pending/discord_voice-1.zip: 91%
7/25/2025, 11:28:16 PM GMT+2 [Modules] Streaming discord_voice@1 to /home/migio/.config/discord/0.0.100/modules/pending/discord_voice-1.zip: 92%
7/25/2025, 11:28:16 PM GMT+2 [Modules] Streaming discord_voice@1 to /home/migio/.config/discord/0.0.100/modules/pending/discord_voice-1.zip: 93%
7/25/2025, 11:28:16 PM GMT+2 [Modules] Streaming discord_voice@1 to /home/migio/.config/discord/0.0.100/modules/pending/discord_voice-1.zip: 94%
7/25/2025, 11:28:16 PM GMT+2 [Modules] Streaming discord_voice@1 to /home/migio/.config/discord/0.0.100/modules/pending/discord_voice-1.zip: 95%
7/25/2025, 11:28:16 PM GMT+2 [Modules] Streaming discord_voice@1 to /home/migio/.config/discord/0.0.100/modules/pending/discord_voice-1.zip: 96%
7/25/2025, 11:28:16 PM GMT+2 [Modules] Streaming discord_voice@1 to /home/migio/.config/discord/0.0.100/modules/pending/discord_voice-1.zip: 97%
7/25/2025, 11:28:16 PM GMT+2 [Modules] Streaming discord_voice@1 to /home/migio/.config/discord/0.0.100/modules/pending/discord_voice-1.zip: 98%
7/25/2025, 11:28:16 PM GMT+2 [Modules] Streaming discord_voice@1 to /home/migio/.config/discord/0.0.100/modules/pending/discord_voice-1.zip: 99%
7/25/2025, 11:28:16 PM GMT+2 [Modules] Streaming discord_voice@1 to /home/migio/.config/discord/0.0.100/modules/pending/discord_voice-1.zip: 100%
7/25/2025, 11:28:16 PM GMT+2 [Modules] Fetching discord_zstd@1 from https://discord.com/api/modules/stable/discord_zstd/1
7/25/2025, 11:28:16 PM GMT+2 [Modules] Streaming discord_zstd@1 to /home/migio/.config/discord/0.0.100/modules/pending/discord_zstd-1.zip
7/25/2025, 11:28:17 PM GMT+2 [Modules] Streaming discord_zstd@1 to /home/migio/.config/discord/0.0.100/modules/pending/discord_zstd-1.zip: 10%
7/25/2025, 11:28:17 PM GMT+2 [Modules] Streaming discord_zstd@1 to /home/migio/.config/discord/0.0.100/modules/pending/discord_zstd-1.zip: 20%
7/25/2025, 11:28:17 PM GMT+2 [Modules] Streaming discord_zstd@1 to /home/migio/.config/discord/0.0.100/modules/pending/discord_zstd-1.zip: 72%
7/25/2025, 11:28:17 PM GMT+2 [Modules] Streaming discord_zstd@1 to /home/migio/.config/discord/0.0.100/modules/pending/discord_zstd-1.zip: 100%
7/25/2025, 11:28:17 PM GMT+2 [Modules] Finished module downloads. [success: 6] [failure: 0]
7/25/2025, 11:28:17 PM GMT+2 [Modules] Installing updates...
7/25/2025, 11:28:17 PM GMT+2 [Modules] Installing discord_desktop_core@1 from /home/migio/.config/discord/0.0.100/modules/pending/discord_desktop_core-1.zip
7/25/2025, 11:28:17 PM GMT+2 [Modules] Installing discord_erlpack@1 from /home/migio/.config/discord/0.0.100/modules/pending/discord_erlpack-1.zip
7/25/2025, 11:28:17 PM GMT+2 [Modules] Installing discord_spellcheck@1 from /home/migio/.config/discord/0.0.100/modules/pending/discord_spellcheck-1.zip
7/25/2025, 11:28:21 PM GMT+2 [Modules] Installing discord_utils@1 from /home/migio/.config/discord/0.0.100/modules/pending/discord_utils-1.zip
7/25/2025, 11:28:22 PM GMT+2 [Modules] Installing discord_voice@1 from /home/migio/.config/discord/0.0.100/modules/pending/discord_voice-1.zip
7/25/2025, 11:28:24 PM GMT+2 [Modules] Installing discord_zstd@1 from /home/migio/.config/discord/0.0.100/modules/pending/discord_zstd-1.zip
7/25/2025, 11:28:24 PM GMT+2 [Modules] Finished module installations. [success: 6] [failure: 0]
7/25/2025, 11:28:24 PM GMT+2 [Modules] Host is up to date.
7/25/2025, 11:28:24 PM GMT+2 [Modules] Checking for module updates at https://discord.com/api/modules/stable/versions.json
7/25/2025, 11:28:24 PM GMT+2 [Modules] No module updates available.
7/25/2025, 11:28:33 PM GMT+2 [Modules] Starting to install discord_krisp...
7/25/2025, 11:28:33 PM GMT+2 [Modules] Fetching discord_krisp@1 from https://discord.com/api/modules/stable/discord_krisp/1
7/25/2025, 11:28:33 PM GMT+2 [Modules] Streaming discord_krisp@1 to /home/migio/.config/discord/0.0.100/modules/pending/discord_krisp-1.zip
7/25/2025, 11:28:33 PM GMT+2 [Modules] Starting to install discord_game_utils...
7/25/2025, 11:28:33 PM GMT+2 [Modules] Streaming discord_krisp@1 to /home/migio/.config/discord/0.0.100/modules/pending/discord_krisp-1.zip: 1%
7/25/2025, 11:28:33 PM GMT+2 [Modules] Streaming discord_krisp@1 to /home/migio/.config/discord/0.0.100/modules/pending/discord_krisp-1.zip: 2%
7/25/2025, 11:28:34 PM GMT+2 [Modules] Streaming discord_krisp@1 to /home/migio/.config/discord/0.0.100/modules/pending/discord_krisp-1.zip: 3%
7/25/2025, 11:28:34 PM GMT+2 [Modules] Streaming discord_krisp@1 to /home/migio/.config/discord/0.0.100/modules/pending/discord_krisp-1.zip: 4%
7/25/2025, 11:28:34 PM GMT+2 [Modules] Streaming discord_krisp@1 to /home/migio/.config/discord/0.0.100/modules/pending/discord_krisp-1.zip: 5%
7/25/2025, 11:28:34 PM GMT+2 [Modules] Streaming discord_krisp@1 to /home/migio/.config/discord/0.0.100/modules/pending/discord_krisp-1.zip: 6%
7/25/2025, 11:28:34 PM GMT+2 [Modules] Streaming discord_krisp@1 to /home/migio/.config/discord/0.0.100/modules/pending/discord_krisp-1.zip: 7%
7/25/2025, 11:28:34 PM GMT+2 [Modules] Streaming discord_krisp@1 to /home/migio/.config/discord/0.0.100/modules/pending/discord_krisp-1.zip: 8%
7/25/2025, 11:28:34 PM GMT+2 [Modules] Streaming discord_krisp@1 to /home/migio/.config/discord/0.0.100/modules/pending/discord_krisp-1.zip: 9%
7/25/2025, 11:28:34 PM GMT+2 [Modules] Streaming discord_krisp@1 to /home/migio/.config/discord/0.0.100/modules/pending/discord_krisp-1.zip: 10%
7/25/2025, 11:28:34 PM GMT+2 [Modules] Streaming discord_krisp@1 to /home/migio/.config/discord/0.0.100/modules/pending/discord_krisp-1.zip: 11%
7/25/2025, 11:28:34 PM GMT+2 [Modules] Streaming discord_krisp@1 to /home/migio/.config/discord/0.0.100/modules/pending/discord_krisp-1.zip: 12%
7/25/2025, 11:28:34 PM GMT+2 [Modules] Streaming discord_krisp@1 to /home/migio/.config/discord/0.0.100/modules/pending/discord_krisp-1.zip: 13%
7/25/2025, 11:28:34 PM GMT+2 [Modules] Streaming discord_krisp@1 to /home/migio/.config/discord/0.0.100/modules/pending/discord_krisp-1.zip: 14%
7/25/2025, 11:28:34 PM GMT+2 [Modules] Streaming discord_krisp@1 to /home/migio/.config/discord/0.0.100/modules/pending/discord_krisp-1.zip: 15%
7/25/2025, 11:28:34 PM GMT+2 [Modules] Streaming discord_krisp@1 to /home/migio/.config/discord/0.0.100/modules/pending/discord_krisp-1.zip: 16%
7/25/2025, 11:28:34 PM GMT+2 [Modules] Streaming discord_krisp@1 to /home/migio/.config/discord/0.0.100/modules/pending/discord_krisp-1.zip: 17%
7/25/2025, 11:28:34 PM GMT+2 [Modules] Streaming discord_krisp@1 to /home/migio/.config/discord/0.0.100/modules/pending/discord_krisp-1.zip: 18%
7/25/2025, 11:28:34 PM GMT+2 [Modules] Streaming discord_krisp@1 to /home/migio/.config/discord/0.0.100/modules/pending/discord_krisp-1.zip: 19%
7/25/2025, 11:28:34 PM GMT+2 [Modules] Streaming discord_krisp@1 to /home/migio/.config/discord/0.0.100/modules/pending/discord_krisp-1.zip: 20%
7/25/2025, 11:28:34 PM GMT+2 [Modules] Streaming discord_krisp@1 to /home/migio/.config/discord/0.0.100/modules/pending/discord_krisp-1.zip: 21%
7/25/2025, 11:28:34 PM GMT+2 [Modules] Streaming discord_krisp@1 to /home/migio/.config/discord/0.0.100/modules/pending/discord_krisp-1.zip: 22%
7/25/2025, 11:28:34 PM GMT+2 [Modules] Streaming discord_krisp@1 to /home/migio/.config/discord/0.0.100/modules/pending/discord_krisp-1.zip: 23%
7/25/2025, 11:28:34 PM GMT+2 [Modules] Streaming discord_krisp@1 to /home/migio/.config/discord/0.0.100/modules/pending/discord_krisp-1.zip: 24%
7/25/2025, 11:28:34 PM GMT+2 [Modules] Streaming discord_krisp@1 to /home/migio/.config/discord/0.0.100/modules/pending/discord_krisp-1.zip: 25%
7/25/2025, 11:28:34 PM GMT+2 [Modules] Streaming discord_krisp@1 to /home/migio/.config/discord/0.0.100/modules/pending/discord_krisp-1.zip: 26%
7/25/2025, 11:28:34 PM GMT+2 [Modules] Streaming discord_krisp@1 to /home/migio/.config/discord/0.0.100/modules/pending/discord_krisp-1.zip: 27%
7/25/2025, 11:28:34 PM GMT+2 [Modules] Streaming discord_krisp@1 to /home/migio/.config/discord/0.0.100/modules/pending/discord_krisp-1.zip: 28%
7/25/2025, 11:28:34 PM GMT+2 [Modules] Streaming discord_krisp@1 to /home/migio/.config/discord/0.0.100/modules/pending/discord_krisp-1.zip: 29%
7/25/2025, 11:28:34 PM GMT+2 [Modules] Streaming discord_krisp@1 to /home/migio/.config/discord/0.0.100/modules/pending/discord_krisp-1.zip: 30%
7/25/2025, 11:28:34 PM GMT+2 [Modules] Streaming discord_krisp@1 to /home/migio/.config/discord/0.0.100/modules/pending/discord_krisp-1.zip: 31%
7/25/2025, 11:28:34 PM GMT+2 [Modules] Streaming discord_krisp@1 to /home/migio/.config/discord/0.0.100/modules/pending/discord_krisp-1.zip: 32%
7/25/2025, 11:28:34 PM GMT+2 [Modules] Streaming discord_krisp@1 to /home/migio/.config/discord/0.0.100/modules/pending/discord_krisp-1.zip: 33%
7/25/2025, 11:28:34 PM GMT+2 [Modules] Streaming discord_krisp@1 to /home/migio/.config/discord/0.0.100/modules/pending/discord_krisp-1.zip: 34%
7/25/2025, 11:28:34 PM GMT+2 [Modules] Streaming discord_krisp@1 to /home/migio/.config/discord/0.0.100/modules/pending/discord_krisp-1.zip: 35%
7/25/2025, 11:28:34 PM GMT+2 [Modules] Streaming discord_krisp@1 to /home/migio/.config/discord/0.0.100/modules/pending/discord_krisp-1.zip: 36%
7/25/2025, 11:28:34 PM GMT+2 [Modules] Streaming discord_krisp@1 to /home/migio/.config/discord/0.0.100/modules/pending/discord_krisp-1.zip: 37%
7/25/2025, 11:28:34 PM GMT+2 [Modules] Streaming discord_krisp@1 to /home/migio/.config/discord/0.0.100/modules/pending/discord_krisp-1.zip: 38%
7/25/2025, 11:28:34 PM GMT+2 [Modules] Streaming discord_krisp@1 to /home/migio/.config/discord/0.0.100/modules/pending/discord_krisp-1.zip: 39%
7/25/2025, 11:28:34 PM GMT+2 [Modules] Streaming discord_krisp@1 to /home/migio/.config/discord/0.0.100/modules/pending/discord_krisp-1.zip: 40%
7/25/2025, 11:28:34 PM GMT+2 [Modules] Streaming discord_krisp@1 to /home/migio/.config/discord/0.0.100/modules/pending/discord_krisp-1.zip: 41%
7/25/2025, 11:28:34 PM GMT+2 [Modules] Streaming discord_krisp@1 to /home/migio/.config/discord/0.0.100/modules/pending/discord_krisp-1.zip: 42%
7/25/2025, 11:28:34 PM GMT+2 [Modules] Streaming discord_krisp@1 to /home/migio/.config/discord/0.0.100/modules/pending/discord_krisp-1.zip: 43%
7/25/2025, 11:28:34 PM GMT+2 [Modules] Streaming discord_krisp@1 to /home/migio/.config/discord/0.0.100/modules/pending/discord_krisp-1.zip: 44%
7/25/2025, 11:28:34 PM GMT+2 [Modules] Streaming discord_krisp@1 to /home/migio/.config/discord/0.0.100/modules/pending/discord_krisp-1.zip: 45%
7/25/2025, 11:28:34 PM GMT+2 [Modules] Streaming discord_krisp@1 to /home/migio/.config/discord/0.0.100/modules/pending/discord_krisp-1.zip: 46%
7/25/2025, 11:28:34 PM GMT+2 [Modules] Streaming discord_krisp@1 to /home/migio/.config/discord/0.0.100/modules/pending/discord_krisp-1.zip: 47%
7/25/2025, 11:28:34 PM GMT+2 [Modules] Streaming discord_krisp@1 to /home/migio/.config/discord/0.0.100/modules/pending/discord_krisp-1.zip: 48%
7/25/2025, 11:28:34 PM GMT+2 [Modules] Streaming discord_krisp@1 to /home/migio/.config/discord/0.0.100/modules/pending/discord_krisp-1.zip: 49%
7/25/2025, 11:28:34 PM GMT+2 [Modules] Streaming discord_krisp@1 to /home/migio/.config/discord/0.0.100/modules/pending/discord_krisp-1.zip: 50%
7/25/2025, 11:28:34 PM GMT+2 [Modules] Streaming discord_krisp@1 to /home/migio/.config/discord/0.0.100/modules/pending/discord_krisp-1.zip: 51%
7/25/2025, 11:28:34 PM GMT+2 [Modules] Streaming discord_krisp@1 to /home/migio/.config/discord/0.0.100/modules/pending/discord_krisp-1.zip: 52%
7/25/2025, 11:28:34 PM GMT+2 [Modules] Streaming discord_krisp@1 to /home/migio/.config/discord/0.0.100/modules/pending/discord_krisp-1.zip: 53%
7/25/2025, 11:28:34 PM GMT+2 [Modules] Streaming discord_krisp@1 to /home/migio/.config/discord/0.0.100/modules/pending/discord_krisp-1.zip: 54%
7/25/2025, 11:28:34 PM GMT+2 [Modules] Streaming discord_krisp@1 to /home/migio/.config/discord/0.0.100/modules/pending/discord_krisp-1.zip: 55%
7/25/2025, 11:28:34 PM GMT+2 [Modules] Streaming discord_krisp@1 to /home/migio/.config/discord/0.0.100/modules/pending/discord_krisp-1.zip: 56%
7/25/2025, 11:28:34 PM GMT+2 [Modules] Streaming discord_krisp@1 to /home/migio/.config/discord/0.0.100/modules/pending/discord_krisp-1.zip: 57%
7/25/2025, 11:28:34 PM GMT+2 [Modules] Streaming discord_krisp@1 to /home/migio/.config/discord/0.0.100/modules/pending/discord_krisp-1.zip: 58%
7/25/2025, 11:28:34 PM GMT+2 [Modules] Streaming discord_krisp@1 to /home/migio/.config/discord/0.0.100/modules/pending/discord_krisp-1.zip: 59%
7/25/2025, 11:28:34 PM GMT+2 [Modules] Streaming discord_krisp@1 to /home/migio/.config/discord/0.0.100/modules/pending/discord_krisp-1.zip: 60%
7/25/2025, 11:28:34 PM GMT+2 [Modules] Streaming discord_krisp@1 to /home/migio/.config/discord/0.0.100/modules/pending/discord_krisp-1.zip: 61%
7/25/2025, 11:28:34 PM GMT+2 [Modules] Streaming discord_krisp@1 to /home/migio/.config/discord/0.0.100/modules/pending/discord_krisp-1.zip: 62%
7/25/2025, 11:28:34 PM GMT+2 [Modules] Streaming discord_krisp@1 to /home/migio/.config/discord/0.0.100/modules/pending/discord_krisp-1.zip: 63%
7/25/2025, 11:28:34 PM GMT+2 [Modules] Streaming discord_krisp@1 to /home/migio/.config/discord/0.0.100/modules/pending/discord_krisp-1.zip: 64%
7/25/2025, 11:28:34 PM GMT+2 [Modules] Streaming discord_krisp@1 to /home/migio/.config/discord/0.0.100/modules/pending/discord_krisp-1.zip: 65%
7/25/2025, 11:28:34 PM GMT+2 [Modules] Streaming discord_krisp@1 to /home/migio/.config/discord/0.0.100/modules/pending/discord_krisp-1.zip: 66%
7/25/2025, 11:28:34 PM GMT+2 [Modules] Streaming discord_krisp@1 to /home/migio/.config/discord/0.0.100/modules/pending/discord_krisp-1.zip: 67%
7/25/2025, 11:28:34 PM GMT+2 [Modules] Streaming discord_krisp@1 to /home/migio/.config/discord/0.0.100/modules/pending/discord_krisp-1.zip: 68%
7/25/2025, 11:28:34 PM GMT+2 [Modules] Streaming discord_krisp@1 to /home/migio/.config/discord/0.0.100/modules/pending/discord_krisp-1.zip: 69%
7/25/2025, 11:28:34 PM GMT+2 [Modules] Streaming discord_krisp@1 to /home/migio/.config/discord/0.0.100/modules/pending/discord_krisp-1.zip: 70%
7/25/2025, 11:28:34 PM GMT+2 [Modules] Streaming discord_krisp@1 to /home/migio/.config/discord/0.0.100/modules/pending/discord_krisp-1.zip: 71%
7/25/2025, 11:28:34 PM GMT+2 [Modules] Streaming discord_krisp@1 to /home/migio/.config/discord/0.0.100/modules/pending/discord_krisp-1.zip: 72%
7/25/2025, 11:28:34 PM GMT+2 [Modules] Streaming discord_krisp@1 to /home/migio/.config/discord/0.0.100/modules/pending/discord_krisp-1.zip: 73%
7/25/2025, 11:28:34 PM GMT+2 [Modules] Streaming discord_krisp@1 to /home/migio/.config/discord/0.0.100/modules/pending/discord_krisp-1.zip: 74%
7/25/2025, 11:28:34 PM GMT+2 [Modules] Streaming discord_krisp@1 to /home/migio/.config/discord/0.0.100/modules/pending/discord_krisp-1.zip: 75%
7/25/2025, 11:28:34 PM GMT+2 [Modules] Streaming discord_krisp@1 to /home/migio/.config/discord/0.0.100/modules/pending/discord_krisp-1.zip: 76%
7/25/2025, 11:28:34 PM GMT+2 [Modules] Streaming discord_krisp@1 to /home/migio/.config/discord/0.0.100/modules/pending/discord_krisp-1.zip: 77%
7/25/2025, 11:28:34 PM GMT+2 [Modules] Streaming discord_krisp@1 to /home/migio/.config/discord/0.0.100/modules/pending/discord_krisp-1.zip: 78%
7/25/2025, 11:28:34 PM GMT+2 [Modules] Streaming discord_krisp@1 to /home/migio/.config/discord/0.0.100/modules/pending/discord_krisp-1.zip: 79%
7/25/2025, 11:28:34 PM GMT+2 [Modules] Streaming discord_krisp@1 to /home/migio/.config/discord/0.0.100/modules/pending/discord_krisp-1.zip: 80%
7/25/2025, 11:28:34 PM GMT+2 [Modules] Streaming discord_krisp@1 to /home/migio/.config/discord/0.0.100/modules/pending/discord_krisp-1.zip: 81%
7/25/2025, 11:28:34 PM GMT+2 [Modules] Streaming discord_krisp@1 to /home/migio/.config/discord/0.0.100/modules/pending/discord_krisp-1.zip: 82%
7/25/2025, 11:28:34 PM GMT+2 [Modules] Streaming discord_krisp@1 to /home/migio/.config/discord/0.0.100/modules/pending/discord_krisp-1.zip: 83%
7/25/2025, 11:28:34 PM GMT+2 [Modules] Streaming discord_krisp@1 to /home/migio/.config/discord/0.0.100/modules/pending/discord_krisp-1.zip: 84%
7/25/2025, 11:28:34 PM GMT+2 [Modules] Streaming discord_krisp@1 to /home/migio/.config/discord/0.0.100/modules/pending/discord_krisp-1.zip: 85%
7/25/2025, 11:28:34 PM GMT+2 [Modules] Streaming discord_krisp@1 to /home/migio/.config/discord/0.0.100/modules/pending/discord_krisp-1.zip: 86%
7/25/2025, 11:28:34 PM GMT+2 [Modules] Streaming discord_krisp@1 to /home/migio/.config/discord/0.0.100/modules/pending/discord_krisp-1.zip: 87%
7/25/2025, 11:28:34 PM GMT+2 [Modules] Streaming discord_krisp@1 to /home/migio/.config/discord/0.0.100/modules/pending/discord_krisp-1.zip: 88%
7/25/2025, 11:28:34 PM GMT+2 [Modules] Streaming discord_krisp@1 to /home/migio/.config/discord/0.0.100/modules/pending/discord_krisp-1.zip: 89%
7/25/2025, 11:28:34 PM GMT+2 [Modules] Streaming discord_krisp@1 to /home/migio/.config/discord/0.0.100/modules/pending/discord_krisp-1.zip: 90%
7/25/2025, 11:28:34 PM GMT+2 [Modules] Streaming discord_krisp@1 to /home/migio/.config/discord/0.0.100/modules/pending/discord_krisp-1.zip: 91%
7/25/2025, 11:28:34 PM GMT+2 [Modules] Streaming discord_krisp@1 to /home/migio/.config/discord/0.0.100/modules/pending/discord_krisp-1.zip: 92%
7/25/2025, 11:28:34 PM GMT+2 [Modules] Streaming discord_krisp@1 to /home/migio/.config/discord/0.0.100/modules/pending/discord_krisp-1.zip: 93%
7/25/2025, 11:28:34 PM GMT+2 [Modules] Streaming discord_krisp@1 to /home/migio/.config/discord/0.0.100/modules/pending/discord_krisp-1.zip: 94%
7/25/2025, 11:28:34 PM GMT+2 [Modules] Streaming discord_krisp@1 to /home/migio/.config/discord/0.0.100/modules/pending/discord_krisp-1.zip: 95%
7/25/2025, 11:28:34 PM GMT+2 [Modules] Streaming discord_krisp@1 to /home/migio/.config/discord/0.0.100/modules/pending/discord_krisp-1.zip: 96%
7/25/2025, 11:28:34 PM GMT+2 [Modules] Streaming discord_krisp@1 to /home/migio/.config/discord/0.0.100/modules/pending/discord_krisp-1.zip: 97%
7/25/2025, 11:28:34 PM GMT+2 [Modules] Streaming discord_krisp@1 to /home/migio/.config/discord/0.0.100/modules/pending/discord_krisp-1.zip: 98%
7/25/2025, 11:28:34 PM GMT+2 [Modules] Streaming discord_krisp@1 to /home/migio/.config/discord/0.0.100/modules/pending/discord_krisp-1.zip: 99%
7/25/2025, 11:28:34 PM GMT+2 [Modules] Streaming discord_krisp@1 to /home/migio/.config/discord/0.0.100/modules/pending/discord_krisp-1.zip: 100%
7/25/2025, 11:28:34 PM GMT+2 [Modules] Fetching discord_game_utils@1 from https://discord.com/api/modules/stable/discord_game_utils/1
7/25/2025, 11:28:34 PM GMT+2 [Modules] Streaming discord_game_utils@1 to /home/migio/.config/discord/0.0.100/modules/pending/discord_game_utils-1.zip
7/25/2025, 11:28:34 PM GMT+2 [Modules] Installing discord_krisp@1 from /home/migio/.config/discord/0.0.100/modules/pending/discord_krisp-1.zip
7/25/2025, 11:28:35 PM GMT+2 [Modules] Streaming discord_game_utils@1 to /home/migio/.config/discord/0.0.100/modules/pending/discord_game_utils-1.zip: 1%
7/25/2025, 11:28:35 PM GMT+2 [Modules] Streaming discord_game_utils@1 to /home/migio/.config/discord/0.0.100/modules/pending/discord_game_utils-1.zip: 2%
7/25/2025, 11:28:35 PM GMT+2 [Modules] Streaming discord_game_utils@1 to /home/migio/.config/discord/0.0.100/modules/pending/discord_game_utils-1.zip: 5%
7/25/2025, 11:28:35 PM GMT+2 [Modules] Streaming discord_game_utils@1 to /home/migio/.config/discord/0.0.100/modules/pending/discord_game_utils-1.zip: 9%
7/25/2025, 11:28:35 PM GMT+2 [Modules] Streaming discord_game_utils@1 to /home/migio/.config/discord/0.0.100/modules/pending/discord_game_utils-1.zip: 12%
7/25/2025, 11:28:35 PM GMT+2 [Modules] Streaming discord_game_utils@1 to /home/migio/.config/discord/0.0.100/modules/pending/discord_game_utils-1.zip: 14%
7/25/2025, 11:28:35 PM GMT+2 [Modules] Streaming discord_game_utils@1 to /home/migio/.config/discord/0.0.100/modules/pending/discord_game_utils-1.zip: 18%
7/25/2025, 11:28:35 PM GMT+2 [Modules] Streaming discord_game_utils@1 to /home/migio/.config/discord/0.0.100/modules/pending/discord_game_utils-1.zip: 20%
7/25/2025, 11:28:35 PM GMT+2 [Modules] Streaming discord_game_utils@1 to /home/migio/.config/discord/0.0.100/modules/pending/discord_game_utils-1.zip: 22%
7/25/2025, 11:28:35 PM GMT+2 [Modules] Streaming discord_game_utils@1 to /home/migio/.config/discord/0.0.100/modules/pending/discord_game_utils-1.zip: 27%
7/25/2025, 11:28:35 PM GMT+2 [Modules] Streaming discord_game_utils@1 to /home/migio/.config/discord/0.0.100/modules/pending/discord_game_utils-1.zip: 29%
7/25/2025, 11:28:35 PM GMT+2 [Modules] Streaming discord_game_utils@1 to /home/migio/.config/discord/0.0.100/modules/pending/discord_game_utils-1.zip: 31%
7/25/2025, 11:28:35 PM GMT+2 [Modules] Streaming discord_game_utils@1 to /home/migio/.config/discord/0.0.100/modules/pending/discord_game_utils-1.zip: 33%
7/25/2025, 11:28:35 PM GMT+2 [Modules] Streaming discord_game_utils@1 to /home/migio/.config/discord/0.0.100/modules/pending/discord_game_utils-1.zip: 36%
7/25/2025, 11:28:35 PM GMT+2 [Modules] Streaming discord_game_utils@1 to /home/migio/.config/discord/0.0.100/modules/pending/discord_game_utils-1.zip: 38%
7/25/2025, 11:28:35 PM GMT+2 [Modules] Streaming discord_game_utils@1 to /home/migio/.config/discord/0.0.100/modules/pending/discord_game_utils-1.zip: 40%
7/25/2025, 11:28:35 PM GMT+2 [Modules] Streaming discord_game_utils@1 to /home/migio/.config/discord/0.0.100/modules/pending/discord_game_utils-1.zip: 43%
7/25/2025, 11:28:35 PM GMT+2 [Modules] Streaming discord_game_utils@1 to /home/migio/.config/discord/0.0.100/modules/pending/discord_game_utils-1.zip: 45%
7/25/2025, 11:28:35 PM GMT+2 [Modules] Streaming discord_game_utils@1 to /home/migio/.config/discord/0.0.100/modules/pending/discord_game_utils-1.zip: 47%
7/25/2025, 11:28:35 PM GMT+2 [Modules] Streaming discord_game_utils@1 to /home/migio/.config/discord/0.0.100/modules/pending/discord_game_utils-1.zip: 50%
7/25/2025, 11:28:35 PM GMT+2 [Modules] Streaming discord_game_utils@1 to /home/migio/.config/discord/0.0.100/modules/pending/discord_game_utils-1.zip: 52%
7/25/2025, 11:28:35 PM GMT+2 [Modules] Streaming discord_game_utils@1 to /home/migio/.config/discord/0.0.100/modules/pending/discord_game_utils-1.zip: 54%
7/25/2025, 11:28:35 PM GMT+2 [Modules] Streaming discord_game_utils@1 to /home/migio/.config/discord/0.0.100/modules/pending/discord_game_utils-1.zip: 59%
7/25/2025, 11:28:35 PM GMT+2 [Modules] Streaming discord_game_utils@1 to /home/migio/.config/discord/0.0.100/modules/pending/discord_game_utils-1.zip: 61%
7/25/2025, 11:28:35 PM GMT+2 [Modules] Streaming discord_game_utils@1 to /home/migio/.config/discord/0.0.100/modules/pending/discord_game_utils-1.zip: 63%
7/25/2025, 11:28:35 PM GMT+2 [Modules] Streaming discord_game_utils@1 to /home/migio/.config/discord/0.0.100/modules/pending/discord_game_utils-1.zip: 68%
7/25/2025, 11:28:35 PM GMT+2 [Modules] Streaming discord_game_utils@1 to /home/migio/.config/discord/0.0.100/modules/pending/discord_game_utils-1.zip: 73%
7/25/2025, 11:28:35 PM GMT+2 [Modules] Streaming discord_game_utils@1 to /home/migio/.config/discord/0.0.100/modules/pending/discord_game_utils-1.zip: 80%
7/25/2025, 11:28:35 PM GMT+2 [Modules] Streaming discord_game_utils@1 to /home/migio/.config/discord/0.0.100/modules/pending/discord_game_utils-1.zip: 89%
7/25/2025, 11:28:35 PM GMT+2 [Modules] Streaming discord_game_utils@1 to /home/migio/.config/discord/0.0.100/modules/pending/discord_game_utils-1.zip: 94%
7/25/2025, 11:28:35 PM GMT+2 [Modules] Streaming discord_game_utils@1 to /home/migio/.config/discord/0.0.100/modules/pending/discord_game_utils-1.zip: 100%
7/25/2025, 11:28:35 PM GMT+2 [Modules] Finished module downloads. [success: 2] [failure: 0]
7/25/2025, 11:28:36 PM GMT+2 [Modules] Installing discord_game_utils@1 from /home/migio/.config/discord/0.0.100/modules/pending/discord_game_utils-1.zip
7/25/2025, 11:28:37 PM GMT+2 [Modules] Finished module installations. [success: 2] [failure: 0]
7/25/2025, 11:28:42 PM GMT+2 [Modules] Starting to install discord_rpc...
7/25/2025, 11:28:42 PM GMT+2 [Modules] Fetching discord_rpc@1 from https://discord.com/api/modules/stable/discord_rpc/1
7/25/2025, 11:28:42 PM GMT+2 [Modules] Streaming discord_rpc@1 to /home/migio/.config/discord/0.0.100/modules/pending/discord_rpc-1.zip
7/25/2025, 11:28:42 PM GMT+2 [Modules] Streaming discord_rpc@1 to /home/migio/.config/discord/0.0.100/modules/pending/discord_rpc-1.zip: 94%
7/25/2025, 11:28:42 PM GMT+2 [Modules] Streaming discord_rpc@1 to /home/migio/.config/discord/0.0.100/modules/pending/discord_rpc-1.zip: 100%
7/25/2025, 11:28:42 PM GMT+2 [Modules] Finished module downloads. [success: 1] [failure: 0]
7/25/2025, 11:28:42 PM GMT+2 [Modules] Installing discord_rpc@1 from /home/migio/.config/discord/0.0.100/modules/pending/discord_rpc-1.zip
7/25/2025, 11:28:42 PM GMT+2 [Modules] Finished module installations. [success: 1] [failure: 0]
7/25/2025, 11:28:46 PM GMT+2 [Modules] Host is up to date.
7/25/2025, 11:28:46 PM GMT+2 [Modules] Checking for module updates at https://discord.com/api/modules/stable/versions.json
7/25/2025, 11:28:46 PM GMT+2 [Modules] No module updates available.
8/11/2025, 11:25:47 PM GMT+2 [Modules] Modules initializing
8/11/2025, 11:25:47 PM GMT+2 [Modules] Distribution: remote
8/11/2025, 11:25:47 PM GMT+2 [Modules] Host updates: disabled
8/11/2025, 11:25:47 PM GMT+2 [Modules] Module updates: enabled
8/11/2025, 11:25:47 PM GMT+2 [Modules] Module install path: /home/migio/.config/discord/0.0.100/modules
8/11/2025, 11:25:47 PM GMT+2 [Modules] Module installed file path: /home/migio/.config/discord/0.0.100/modules/installed.json
8/11/2025, 11:25:47 PM GMT+2 [Modules] Module download path: /home/migio/.config/discord/0.0.100/modules/pending
8/11/2025, 11:25:47 PM GMT+2 [Modules] No updates to install
8/11/2025, 11:25:47 PM GMT+2 [Modules] Host is up to date.
8/11/2025, 11:25:47 PM GMT+2 [Modules] Checking for module updates at https://discord.com/api/modules/stable/versions.json
8/11/2025, 11:25:48 PM GMT+2 [Modules] No module updates available.
8/11/2025, 11:25:57 PM GMT+2 [Modules] Host is up to date.
8/11/2025, 11:25:57 PM GMT+2 [Modules] Checking for module updates at https://discord.com/api/modules/stable/versions.json
8/11/2025, 11:25:57 PM GMT+2 [Modules] No module updates available.
8/12/2025, 12:25:57 AM GMT+2 [Modules] Host is up to date.
8/12/2025, 12:25:57 AM GMT+2 [Modules] Checking for module updates at https://discord.com/api/modules/stable/versions.json
8/12/2025, 12:25:57 AM GMT+2 [Modules] No module updates available.
